20:04:02.368-[LAPTOP-L9SH1VHI][sys]-- INFO 22852 --- [           main] com.tianji.trade.TradeApplication        : The following 1 profile is active: "local"
20:04:03.743-[LAPTOP-L9SH1VHI][sys]-- INFO 22852 --- [           main] .s.d.r.c.RepositoryConfigurationDelegate : Multiple Spring Data modules found, entering strict repository configuration mode
20:04:03.748-[LAPTOP-L9SH1VHI][sys]-- INFO 22852 --- [           main] .s.d.r.c.RepositoryConfigurationDelegate : Bootstrapping Spring Data Redis repositories in DEFAULT mode.
20:04:03.782-[LAPTOP-L9SH1VHI][sys]-- INFO 22852 --- [           main] .s.d.r.c.RepositoryConfigurationDelegate : Finished Spring Data repository scanning in 16 ms. Found 0 Redis repository interfaces.
20:04:04.293-[LAPTOP-L9SH1VHI][sys]-- INFO 22852 --- [           main] o.s.cloud.context.scope.GenericScope     : BeanFactory id=c39b1141-ae2b-39d8-9f7a-b69a90cb6bbd
20:04:04.953-[LAPTOP-L9SH1VHI][sys]-- INFO 22852 --- [           main] trationDelegate$BeanPostProcessorChecker : Bean 'org.springframework.cloud.commons.config.CommonsConfigAutoConfiguration' of type [org.springframework.cloud.commons.config.CommonsConfigAutoConfiguration] is not eligible for getting processed by all BeanPostProcessors (for example: not eligible for auto-proxying)
20:04:04.956-[LAPTOP-L9SH1VHI][sys]-- INFO 22852 --- [           main] trationDelegate$BeanPostProcessorChecker : Bean 'org.springframework.cloud.client.loadbalancer.LoadBalancerDefaultMappingsProviderAutoConfiguration' of type [org.springframework.cloud.client.loadbalancer.LoadBalancerDefaultMappingsProviderAutoConfiguration] is not eligible for getting processed by all BeanPostProcessors (for example: not eligible for auto-proxying)
20:04:04.958-[LAPTOP-L9SH1VHI][sys]-- INFO 22852 --- [           main] trationDelegate$BeanPostProcessorChecker : Bean 'loadBalancerClientsDefaultsMappingsProvider' of type [org.springframework.cloud.client.loadbalancer.LoadBalancerDefaultMappingsProviderAutoConfiguration$$Lambda$680/0x00000008015b7720] is not eligible for getting processed by all BeanPostProcessors (for example: not eligible for auto-proxying)
20:04:04.961-[LAPTOP-L9SH1VHI][sys]-- INFO 22852 --- [           main] trationDelegate$BeanPostProcessorChecker : Bean 'defaultsBindHandlerAdvisor' of type [org.springframework.cloud.commons.config.DefaultsBindHandlerAdvisor] is not eligible for getting processed by all BeanPostProcessors (for example: not eligible for auto-proxying)
20:04:05.001-[LAPTOP-L9SH1VHI][sys]-- INFO 22852 --- [           main] trationDelegate$BeanPostProcessorChecker : Bean 'spring.cloud.sentinel-com.alibaba.cloud.sentinel.SentinelProperties' of type [com.alibaba.cloud.sentinel.SentinelProperties] is not eligible for getting processed by all BeanPostProcessors (for example: not eligible for auto-proxying)
20:04:05.005-[LAPTOP-L9SH1VHI][sys]-- INFO 22852 --- [           main] trationDelegate$BeanPostProcessorChecker : Bean 'com.alibaba.cloud.sentinel.custom.SentinelAutoConfiguration' of type [com.alibaba.cloud.sentinel.custom.SentinelAutoConfiguration] is not eligible for getting processed by all BeanPostProcessors (for example: not eligible for auto-proxying)
20:04:05.427-[LAPTOP-L9SH1VHI][sys]-- INFO 22852 --- [           main] o.s.b.w.embedded.tomcat.TomcatWebServer  : Tomcat initialized with port(s): 8088 (http)
20:04:05.445-[LAPTOP-L9SH1VHI][sys]-- INFO 22852 --- [           main] o.apache.catalina.core.StandardService   : Starting service [Tomcat]
20:04:05.446-[LAPTOP-L9SH1VHI][sys]-- INFO 22852 --- [           main] org.apache.catalina.core.StandardEngine  : Starting Servlet engine: [Apache Tomcat/9.0.65]
20:04:05.622-[LAPTOP-L9SH1VHI][sys]-- INFO 22852 --- [           main] o.a.c.c.C.[Tomcat].[localhost].[/]       : Initializing Spring embedded WebApplicationContext
20:04:05.623-[LAPTOP-L9SH1VHI][sys]-- INFO 22852 --- [           main] w.s.c.ServletWebServerApplicationContext : Root WebApplicationContext: initialization completed in 3225 ms
20:04:05.987-[LAPTOP-L9SH1VHI][sys]-- INFO 22852 --- [           main] o.s.c.openfeign.FeignClientFactoryBean   : For 'course-service' URL not provided. Will try picking an instance via load-balancing.
20:04:06.390-[LAPTOP-L9SH1VHI][sys]-- INFO 22852 --- [           main] c.t.c.a.mybatis.MybatisConfig            : 没运行
20:04:07.057-[LAPTOP-L9SH1VHI][sys]-- INFO 22852 --- [           main] o.s.c.openfeign.FeignClientFactoryBean   : For 'user-service' URL not provided. Will try picking an instance via load-balancing.
20:04:07.098-[LAPTOP-L9SH1VHI][sys]-- INFO 22852 --- [           main] o.s.c.openfeign.FeignClientFactoryBean   : For 'pay-service' URL not provided. Will try picking an instance via load-balancing.
20:04:07.173-[LAPTOP-L9SH1VHI][sys]-- INFO 22852 --- [           main] o.s.c.openfeign.FeignClientFactoryBean   : For 'auth-service' URL not provided. Will try picking an instance via load-balancing.
20:04:07.559-[LAPTOP-L9SH1VHI][sys]-- INFO 22852 --- [           main] o.s.c.openfeign.FeignClientFactoryBean   : For 'promotion-service' URL not provided. Will try picking an instance via load-balancing.
20:04:07.940-[LAPTOP-L9SH1VHI][sys]-- INFO 22852 --- [           main] c.a.c.sentinel.SentinelWebMvcConfigurer  : [Sentinel Starter] register SentinelWebInterceptor with urlPatterns: [/**].
20:04:08.536-[LAPTOP-L9SH1VHI][sys]-- INFO 22852 --- [           main] o.s.c.openfeign.FeignClientFactoryBean   : For 'course-service' URL not provided. Will try picking an instance via load-balancing.
20:04:08.608-[LAPTOP-L9SH1VHI][sys]--DEBUG 22852 --- [           main] c.t.c.a.redisson.RedissonConfig          : 尝试初始化RedissonClient
20:04:08.768-[LAPTOP-L9SH1VHI][sys]-- INFO 22852 --- [           main] org.redisson.Version                     : Redisson 3.13.6
20:04:09.720-[LAPTOP-L9SH1VHI][sys]-- INFO 22852 --- [sson-netty-2-16] o.r.c.pool.MasterPubSubConnectionPool    : 1 connections initialized for /192.168.150.101:6379
20:04:09.766-[LAPTOP-L9SH1VHI][sys]-- INFO 22852 --- [sson-netty-2-17] o.r.c.pool.MasterConnectionPool          : 24 connections initialized for /192.168.150.101:6379
20:04:09.831-[LAPTOP-L9SH1VHI][sys]-- INFO 22852 --- [           main] c.t.c.autoconfigure.xxljob.XxlJobConfig  : >>>>>>>>>>> xxl-job config init.
20:04:09.833-[LAPTOP-L9SH1VHI][sys]-- INFO 22852 --- [           main] c.t.c.autoconfigure.xxljob.XxlJobConfig  : >>>>>>>>>>> xxl-job config end.
20:04:11.823-[LAPTOP-L9SH1VHI][sys]-- INFO 22852 --- [           main] c.xxl.job.core.executor.XxlJobExecutor   : >>>>>>>>>>> xxl-job register jobhandler success, name:refundRequestJobHandler, jobHandler:com.xxl.job.core.handler.impl.MethodJobHandler@529a2d6f[class com.tianji.trade.handler.RefundJobHandler#handleRefundRequest]
20:04:11.858-[LAPTOP-L9SH1VHI][sys]-- INFO 22852 --- [           main] o.s.c.openfeign.FeignClientFactoryBean   : For 'course-service' URL not provided. Will try picking an instance via load-balancing.
20:04:11.877-[LAPTOP-L9SH1VHI][sys]-- INFO 22852 --- [           main] o.s.c.openfeign.FeignClientFactoryBean   : For 'course-service' URL not provided. Will try picking an instance via load-balancing.
20:04:11.893-[LAPTOP-L9SH1VHI][sys]-- INFO 22852 --- [           main] o.s.c.openfeign.FeignClientFactoryBean   : For 'exam-service' URL not provided. Will try picking an instance via load-balancing.
20:04:11.920-[LAPTOP-L9SH1VHI][sys]-- INFO 22852 --- [           main] o.s.c.openfeign.FeignClientFactoryBean   : For 'learning-service' URL not provided. Will try picking an instance via load-balancing.
20:04:11.938-[LAPTOP-L9SH1VHI][sys]-- INFO 22852 --- [           main] o.s.c.openfeign.FeignClientFactoryBean   : For 'remark-service' URL not provided. Will try picking an instance via load-balancing.
20:04:11.955-[LAPTOP-L9SH1VHI][sys]-- INFO 22852 --- [           main] o.s.c.openfeign.FeignClientFactoryBean   : For 'search-service' URL not provided. Will try picking an instance via load-balancing.
20:04:11.972-[LAPTOP-L9SH1VHI][sys]-- INFO 22852 --- [           main] o.s.c.openfeign.FeignClientFactoryBean   : For 'trade-service' URL not provided. Will try picking an instance via load-balancing.
20:04:12.034-[LAPTOP-L9SH1VHI][sys]-- INFO 22852 --- [           main] com.xxl.job.core.util.NetUtil            : >>>>>>>>>>> xxl-job, port[9999] is in use.
20:04:12.035-[LAPTOP-L9SH1VHI][sys]-- INFO 22852 --- [           main] com.xxl.job.core.util.NetUtil            : >>>>>>>>>>> xxl-job, port[10000] is in use.
20:04:12.216-[LAPTOP-L9SH1VHI][sys]-- INFO 22852 --- [      Thread-11] com.xxl.job.core.server.EmbedServer      : >>>>>>>>>>> xxl-job remoting server start success, nettype = class com.xxl.job.core.server.EmbedServer, port = 10001
20:04:12.233-[LAPTOP-L9SH1VHI][sys]-- INFO 22852 --- [           main] com.alibaba.nacos.client.naming          : initializer namespace from System Property :null
20:04:12.234-[LAPTOP-L9SH1VHI][sys]-- INFO 22852 --- [           main] com.alibaba.nacos.client.naming          : initializer namespace from System Environment :null
20:04:12.234-[LAPTOP-L9SH1VHI][sys]-- INFO 22852 --- [           main] com.alibaba.nacos.client.naming          : initializer namespace from System Property :null
20:04:12.313-[LAPTOP-L9SH1VHI][sys]-- INFO 22852 --- [           main] com.alibaba.nacos.client.naming          : new ips(1) service: DEFAULT_GROUP@@trade-service@@DEFAULT -> [{"instanceId":"192.168.150.101#8088#DEFAULT#DEFAULT_GROUP@@trade-service","ip":"192.168.150.101","port":8088,"weight":1.0,"healthy":true,"enabled":true,"ephemeral":true,"clusterName":"DEFAULT","serviceName":"DEFAULT_GROUP@@trade-service","metadata":{"preserved.register.source":"SPRING_CLOUD"},"ipDeleteTimeout":30000,"instanceHeartBeatInterval":5000,"instanceHeartBeatTimeOut":15000}]
20:04:12.323-[LAPTOP-L9SH1VHI][sys]-- INFO 22852 --- [           main] com.alibaba.nacos.client.naming          : current ips:(1) service: DEFAULT_GROUP@@trade-service@@DEFAULT -> [{"instanceId":"192.168.150.101#8088#DEFAULT#DEFAULT_GROUP@@trade-service","ip":"192.168.150.101","port":8088,"weight":1.0,"healthy":true,"enabled":true,"ephemeral":true,"clusterName":"DEFAULT","serviceName":"DEFAULT_GROUP@@trade-service","metadata":{"preserved.register.source":"SPRING_CLOUD"},"ipDeleteTimeout":30000,"instanceHeartBeatInterval":5000,"instanceHeartBeatTimeOut":15000}]
20:04:12.347-[LAPTOP-L9SH1VHI][sys]-- INFO 22852 --- [           main] o.s.b.w.embedded.tomcat.TomcatWebServer  : Tomcat started on port(s): 8088 (http) with context path ''
20:04:12.353-[LAPTOP-L9SH1VHI][sys]-- INFO 22852 --- [           main] com.alibaba.nacos.client.naming          : [BEAT] adding beat: BeatInfo{port=8088, ip='192.168.150.1', weight=1.0, serviceName='DEFAULT_GROUP@@trade-service', cluster='DEFAULT', metadata={preserved.register.source=SPRING_CLOUD}, scheduled=false, period=5000, stopped=false} to beat map.
20:04:12.355-[LAPTOP-L9SH1VHI][sys]-- INFO 22852 --- [           main] com.alibaba.nacos.client.naming          : [REGISTER-SERVICE] f923fb34-cb0a-4c06-8fca-ad61ea61a3f0 registering service DEFAULT_GROUP@@trade-service with instance: Instance{instanceId='null', ip='192.168.150.1', port=8088, weight=1.0, healthy=true, enabled=true, ephemeral=true, clusterName='DEFAULT', serviceName='null', metadata={preserved.register.source=SPRING_CLOUD}}
20:04:12.364-[LAPTOP-L9SH1VHI][sys]-- INFO 22852 --- [           main] c.a.c.n.registry.NacosServiceRegistry    : nacos registry, DEFAULT_GROUP trade-service 192.168.150.1:8088 register finished
20:04:12.856-[LAPTOP-L9SH1VHI][sys]-- INFO 22852 --- [g.push.receiver] com.alibaba.nacos.client.naming          : received push data: {"type":"dom","data":"{\"name\":\"DEFAULT_GROUP@@trade-service\",\"clusters\":\"DEFAULT\",\"cacheMillis\":10000,\"hosts\":[{\"instanceId\":\"192.168.150.1#8088#DEFAULT#DEFAULT_GROUP@@trade-service\",\"ip\":\"192.168.150.1\",\"port\":8088,\"weight\":1.0,\"healthy\":true,\"enabled\":true,\"ephemeral\":true,\"clusterName\":\"DEFAULT\",\"serviceName\":\"DEFAULT_GROUP@@trade-service\",\"metadata\":{\"preserved.register.source\":\"SPRING_CLOUD\"},\"instanceHeartBeatTimeOut\":15000,\"ipDeleteTimeout\":30000,\"instanceHeartBeatInterval\":5000},{\"instanceId\":\"192.168.150.101#8088#DEFAULT#DEFAULT_GROUP@@trade-service\",\"ip\":\"192.168.150.101\",\"port\":8088,\"weight\":1.0,\"healthy\":true,\"enabled\":true,\"ephemeral\":true,\"clusterName\":\"DEFAULT\",\"serviceName\":\"DEFAULT_GROUP@@trade-service\",\"metadata\":{\"preserved.register.source\":\"SPRING_CLOUD\"},\"instanceHeartBeatTimeOut\":15000,\"ipDeleteTimeout\":30000,\"instanceHeartBeatInterval\":5000}],\"lastRefTime\":1728907456745,\"checksum\":\"\",\"allIPs\":false,\"reachProtectionThreshold\":false,\"valid\":true}","lastRefTime":34182761310032} from /192.168.150.101
20:04:12.860-[LAPTOP-L9SH1VHI][sys]-- INFO 22852 --- [g.push.receiver] com.alibaba.nacos.client.naming          : new ips(1) service: DEFAULT_GROUP@@trade-service@@DEFAULT -> [{"instanceId":"192.168.150.1#8088#DEFAULT#DEFAULT_GROUP@@trade-service","ip":"192.168.150.1","port":8088,"weight":1.0,"healthy":true,"enabled":true,"ephemeral":true,"clusterName":"DEFAULT","serviceName":"DEFAULT_GROUP@@trade-service","metadata":{"preserved.register.source":"SPRING_CLOUD"},"ipDeleteTimeout":30000,"instanceHeartBeatInterval":5000,"instanceHeartBeatTimeOut":15000}]
20:04:12.863-[LAPTOP-L9SH1VHI][sys]-- INFO 22852 --- [g.push.receiver] com.alibaba.nacos.client.naming          : current ips:(2) service: DEFAULT_GROUP@@trade-service@@DEFAULT -> [{"instanceId":"192.168.150.1#8088#DEFAULT#DEFAULT_GROUP@@trade-service","ip":"192.168.150.1","port":8088,"weight":1.0,"healthy":true,"enabled":true,"ephemeral":true,"clusterName":"DEFAULT","serviceName":"DEFAULT_GROUP@@trade-service","metadata":{"preserved.register.source":"SPRING_CLOUD"},"ipDeleteTimeout":30000,"instanceHeartBeatInterval":5000,"instanceHeartBeatTimeOut":15000},{"instanceId":"192.168.150.101#8088#DEFAULT#DEFAULT_GROUP@@trade-service","ip":"192.168.150.101","port":8088,"weight":1.0,"healthy":true,"enabled":true,"ephemeral":true,"clusterName":"DEFAULT","serviceName":"DEFAULT_GROUP@@trade-service","metadata":{"preserved.register.source":"SPRING_CLOUD"},"ipDeleteTimeout":30000,"instanceHeartBeatInterval":5000,"instanceHeartBeatTimeOut":15000}]
20:04:14.046-[LAPTOP-L9SH1VHI][sys]-- INFO 22852 --- [           main] o.s.a.r.c.CachingConnectionFactory       : Attempting to connect to: [192.168.150.101:5672]
20:04:14.187-[LAPTOP-L9SH1VHI][sys]-- INFO 22852 --- [           main] o.s.a.r.c.CachingConnectionFactory       : Created new connection: rabbitConnectionFactory#20b921be:0/SimpleConnection@28ec35e3 [delegate=amqp://tjxt@192.168.150.101:5672//tjxt, localPort= 55116]
20:04:14.322-[LAPTOP-L9SH1VHI][sys]-- INFO 22852 --- [           main] com.tianji.trade.TradeApplication        : Started TradeApplication in 16.173 seconds (JVM running for 17.736)
20:04:14.327-[LAPTOP-L9SH1VHI][sys]-- INFO 22852 --- [           main] c.a.n.client.config.impl.ClientWorker    : [fixed-192.168.150.101_8848] [subscribe] trade-service+DEFAULT_GROUP
20:04:14.330-[LAPTOP-L9SH1VHI][sys]-- INFO 22852 --- [           main] c.a.nacos.client.config.impl.CacheData   : [fixed-192.168.150.101_8848] [add-listener] ok, tenant=, dataId=trade-service, group=DEFAULT_GROUP, cnt=1
20:04:14.330-[LAPTOP-L9SH1VHI][sys]-- INFO 22852 --- [           main] c.a.c.n.refresh.NacosContextRefresher    : listening config: dataId=trade-service, group=DEFAULT_GROUP
20:04:14.331-[LAPTOP-L9SH1VHI][sys]-- INFO 22852 --- [           main] c.a.n.client.config.impl.ClientWorker    : [fixed-192.168.150.101_8848] [subscribe] trade-service-local.yaml+DEFAULT_GROUP
20:04:14.332-[LAPTOP-L9SH1VHI][sys]-- INFO 22852 --- [           main] c.a.nacos.client.config.impl.CacheData   : [fixed-192.168.150.101_8848] [add-listener] ok, tenant=, dataId=trade-service-local.yaml, group=DEFAULT_GROUP, cnt=1
20:04:14.333-[LAPTOP-L9SH1VHI][sys]-- INFO 22852 --- [           main] c.a.c.n.refresh.NacosContextRefresher    : listening config: dataId=trade-service-local.yaml, group=DEFAULT_GROUP
20:04:14.333-[LAPTOP-L9SH1VHI][sys]-- INFO 22852 --- [           main] c.a.n.client.config.impl.ClientWorker    : [fixed-192.168.150.101_8848] [subscribe] trade-service.yaml+DEFAULT_GROUP
20:04:14.333-[LAPTOP-L9SH1VHI][sys]-- INFO 22852 --- [           main] c.a.nacos.client.config.impl.CacheData   : [fixed-192.168.150.101_8848] [add-listener] ok, tenant=, dataId=trade-service.yaml, group=DEFAULT_GROUP, cnt=1
20:04:14.333-[LAPTOP-L9SH1VHI][sys]-- INFO 22852 --- [           main] c.a.c.n.refresh.NacosContextRefresher    : listening config: dataId=trade-service.yaml, group=DEFAULT_GROUP
20:04:14.334-[LAPTOP-L9SH1VHI][sys]-- INFO 22852 --- [           main] com.tianji.trade.TradeApplication        : --/
---------------------------------------------------------------------------------------
	Application 'trade-service' is running! Access URLs:
	Local: 		http://localhost:8088
	External: 	http://192.168.150.1:8088
	Profile(s): 	[local]
---------------------------------------------------------------------------------------
20:14:19.643-[LAPTOP-L9SH1VHI][sys]-- INFO 22852 --- [nio-8088-exec-1] o.a.c.c.C.[Tomcat].[localhost].[/]       : Initializing Spring DispatcherServlet 'dispatcherServlet'
20:14:19.643-[LAPTOP-L9SH1VHI][sys]-- INFO 22852 --- [nio-8088-exec-1] o.s.web.servlet.DispatcherServlet        : Initializing Servlet 'dispatcherServlet'
20:14:19.645-[LAPTOP-L9SH1VHI][sys]-- INFO 22852 --- [nio-8088-exec-1] o.s.web.servlet.DispatcherServlet        : Completed initialization in 2 ms
20:14:20.004-[LAPTOP-L9SH1VHI][ef4e4cf98edb4736ab18d33164bb9453]-- WARN 22852 --- [nio-8088-exec-1] c.b.m.c.t.support.ReflectLambdaMeta      : Unable to make field private final java.lang.Class java.lang.invoke.SerializedLambda.capturingClass accessible: module java.base does not "opens java.lang.invoke" to unnamed module @4470f8a6
20:14:20.035-[LAPTOP-L9SH1VHI][ef4e4cf98edb4736ab18d33164bb9453]-- INFO 22852 --- [nio-8088-exec-1] com.zaxxer.hikari.HikariDataSource       : HikariPool-1 - Starting...
20:14:20.713-[LAPTOP-L9SH1VHI][ef4e4cf98edb4736ab18d33164bb9453]-- INFO 22852 --- [nio-8088-exec-1] com.zaxxer.hikari.HikariDataSource       : HikariPool-1 - Start completed.
20:14:20.734-[LAPTOP-L9SH1VHI][ef4e4cf98edb4736ab18d33164bb9453]--DEBUG 22852 --- [nio-8088-exec-1] c.t.t.m.OrderDetailMapper.selectCount    : ==>  Preparing: SELECT COUNT( * ) AS total FROM order_detail WHERE (course_id = ? AND status IN (?,?,?))
20:14:20.801-[LAPTOP-L9SH1VHI][ef4e4cf98edb4736ab18d33164bb9453]--DEBUG 22852 --- [nio-8088-exec-1] c.t.t.m.OrderDetailMapper.selectCount    : ==> Parameters: 7(Long), 2(Integer), 4(Integer), 5(Integer)
20:14:21.138-[LAPTOP-L9SH1VHI][ef4e4cf98edb4736ab18d33164bb9453]--DEBUG 22852 --- [nio-8088-exec-1] c.t.t.m.OrderDetailMapper.selectCount    : <==      Total: 1
20:14:21.151-[LAPTOP-L9SH1VHI][ef4e4cf98edb4736ab18d33164bb9453]--DEBUG 22852 --- [nio-8088-exec-1] c.t.t.m.OrderDetailMapper.selectCount    : ==>  Preparing: SELECT COUNT( * ) AS total FROM order_detail WHERE (course_id = ? AND status = ?)
20:14:21.152-[LAPTOP-L9SH1VHI][ef4e4cf98edb4736ab18d33164bb9453]--DEBUG 22852 --- [nio-8088-exec-1] c.t.t.m.OrderDetailMapper.selectCount    : ==> Parameters: 7(Long), 6(Integer)
20:14:21.158-[LAPTOP-L9SH1VHI][ef4e4cf98edb4736ab18d33164bb9453]--DEBUG 22852 --- [nio-8088-exec-1] c.t.t.m.OrderDetailMapper.selectCount    : <==      Total: 1
20:14:21.160-[LAPTOP-L9SH1VHI][ef4e4cf98edb4736ab18d33164bb9453]--DEBUG 22852 --- [nio-8088-exec-1] c.t.t.m.O.countRealPayAmountByCourseId   : ==>  Preparing: SELECT SUM(real_pay_amount) FROM order_detail WHERE course_id = ?
20:14:21.161-[LAPTOP-L9SH1VHI][ef4e4cf98edb4736ab18d33164bb9453]--DEBUG 22852 --- [nio-8088-exec-1] c.t.t.m.O.countRealPayAmountByCourseId   : ==> Parameters: 7(Long)
20:14:21.166-[LAPTOP-L9SH1VHI][ef4e4cf98edb4736ab18d33164bb9453]--DEBUG 22852 --- [nio-8088-exec-1] c.t.t.m.O.countRealPayAmountByCourseId   : <==      Total: 1
20:14:21.176-[LAPTOP-L9SH1VHI][ef4e4cf98edb4736ab18d33164bb9453]--ERROR 22852 --- [nio-8088-exec-1] c.t.c.a.m.advice.CommonExceptionAdvice   : 其他异常 uri : /order-details/purchaseInfo -> 
org.apache.ibatis.binding.BindingException: Mapper method 'com.tianji.trade.mapper.OrderDetailMapper.countRealPayAmountByCourseId attempted to return null from a method with a primitive return type (int).
	at com.baomidou.mybatisplus.core.override.MybatisMapperMethod.execute(MybatisMapperMethod.java:105) ~[mybatis-plus-core-3.5.3.1.jar:3.5.3.1]
	at com.baomidou.mybatisplus.core.override.MybatisMapperProxy$PlainMethodInvoker.invoke(MybatisMapperProxy.java:148) ~[mybatis-plus-core-3.5.3.1.jar:3.5.3.1]
	at com.baomidou.mybatisplus.core.override.MybatisMapperProxy.invoke(MybatisMapperProxy.java:89) ~[mybatis-plus-core-3.5.3.1.jar:3.5.3.1]
	at jdk.proxy2/jdk.proxy2.$Proxy144.countRealPayAmountByCourseId(Unknown Source) ~[na:na]
	at com.tianji.trade.service.impl.OrderDetailServiceImpl.getPurchaseInfoOfCourse(OrderDetailServiceImpl.java:338) ~[classes/:na]
	at com.tianji.trade.service.impl.OrderDetailServiceImpl$$FastClassBySpringCGLIB$$a571c561.invoke(<generated>) ~[classes/:na]
	at org.springframework.cglib.proxy.MethodProxy.invoke(MethodProxy.java:218) ~[spring-core-5.3.22.jar:5.3.22]
	at org.springframework.aop.framework.CglibAopProxy.invokeMethod(CglibAopProxy.java:386) ~[spring-aop-5.3.22.jar:5.3.22]
	at org.springframework.aop.framework.CglibAopProxy.access$000(CglibAopProxy.java:85) ~[spring-aop-5.3.22.jar:5.3.22]
	at org.springframework.aop.framework.CglibAopProxy$DynamicAdvisedInterceptor.intercept(CglibAopProxy.java:704) ~[spring-aop-5.3.22.jar:5.3.22]
	at com.tianji.trade.service.impl.OrderDetailServiceImpl$$EnhancerBySpringCGLIB$$9f972fe0.getPurchaseInfoOfCourse(<generated>) ~[classes/:na]
	at com.tianji.trade.controller.OrderDetailController.getPurchaseInfoOfCourse(OrderDetailController.java:68) ~[classes/:na]
	at java.base/jdk.internal.reflect.DirectMethodHandleAccessor.invoke(DirectMethodHandleAccessor.java:104) ~[na:na]
	at java.base/java.lang.reflect.Method.invoke(Method.java:578) ~[na:na]
	at org.springframework.web.method.support.InvocableHandlerMethod.doInvoke(InvocableHandlerMethod.java:205) ~[spring-web-5.3.22.jar:5.3.22]
	at org.springframework.web.method.support.InvocableHandlerMethod.invokeForRequest(InvocableHandlerMethod.java:150) ~[spring-web-5.3.22.jar:5.3.22]
	at org.springframework.web.servlet.mvc.method.annotation.ServletInvocableHandlerMethod.invokeAndHandle(ServletInvocableHandlerMethod.java:117) ~[spring-webmvc-5.3.22.jar:5.3.22]
	at org.springframework.web.servlet.mvc.method.annotation.RequestMappingHandlerAdapter.invokeHandlerMethod(RequestMappingHandlerAdapter.java:895) ~[spring-webmvc-5.3.22.jar:5.3.22]
	at org.springframework.web.servlet.mvc.method.annotation.RequestMappingHandlerAdapter.handleInternal(RequestMappingHandlerAdapter.java:808) ~[spring-webmvc-5.3.22.jar:5.3.22]
	at org.springframework.web.servlet.mvc.method.AbstractHandlerMethodAdapter.handle(AbstractHandlerMethodAdapter.java:87) ~[spring-webmvc-5.3.22.jar:5.3.22]
	at org.springframework.web.servlet.DispatcherServlet.doDispatch(DispatcherServlet.java:1070) ~[spring-webmvc-5.3.22.jar:5.3.22]
	at org.springframework.web.servlet.DispatcherServlet.doService(DispatcherServlet.java:963) ~[spring-webmvc-5.3.22.jar:5.3.22]
	at org.springframework.web.servlet.FrameworkServlet.processRequest(FrameworkServlet.java:1006) ~[spring-webmvc-5.3.22.jar:5.3.22]
	at org.springframework.web.servlet.FrameworkServlet.doGet(FrameworkServlet.java:898) ~[spring-webmvc-5.3.22.jar:5.3.22]
	at javax.servlet.http.HttpServlet.service(HttpServlet.java:655) ~[tomcat-embed-core-9.0.65.jar:4.0.FR]
	at org.springframework.web.servlet.FrameworkServlet.service(FrameworkServlet.java:883) ~[spring-webmvc-5.3.22.jar:5.3.22]
	at javax.servlet.http.HttpServlet.service(HttpServlet.java:764) ~[tomcat-embed-core-9.0.65.jar:4.0.FR]
	at org.apache.catalina.core.ApplicationFilterChain.internalDoFilter(ApplicationFilterChain.java:227) ~[tomcat-embed-core-9.0.65.jar:9.0.65]
	at org.apache.catalina.core.ApplicationFilterChain.doFilter(ApplicationFilterChain.java:162) ~[tomcat-embed-core-9.0.65.jar:9.0.65]
	at org.apache.tomcat.websocket.server.WsFilter.doFilter(WsFilter.java:53) ~[tomcat-embed-websocket-9.0.65.jar:9.0.65]
	at org.apache.catalina.core.ApplicationFilterChain.internalDoFilter(ApplicationFilterChain.java:189) ~[tomcat-embed-core-9.0.65.jar:9.0.65]
	at org.apache.catalina.core.ApplicationFilterChain.doFilter(ApplicationFilterChain.java:162) ~[tomcat-embed-core-9.0.65.jar:9.0.65]
	at org.springframework.web.filter.RequestContextFilter.doFilterInternal(RequestContextFilter.java:100) ~[spring-web-5.3.22.jar:5.3.22]
	at org.springframework.web.filter.OncePerRequestFilter.doFilter(OncePerRequestFilter.java:117) ~[spring-web-5.3.22.jar:5.3.22]
	at org.apache.catalina.core.ApplicationFilterChain.internalDoFilter(ApplicationFilterChain.java:189) ~[tomcat-embed-core-9.0.65.jar:9.0.65]
	at org.apache.catalina.core.ApplicationFilterChain.doFilter(ApplicationFilterChain.java:162) ~[tomcat-embed-core-9.0.65.jar:9.0.65]
	at org.springframework.web.filter.FormContentFilter.doFilterInternal(FormContentFilter.java:93) ~[spring-web-5.3.22.jar:5.3.22]
	at org.springframework.web.filter.OncePerRequestFilter.doFilter(OncePerRequestFilter.java:117) ~[spring-web-5.3.22.jar:5.3.22]
	at org.apache.catalina.core.ApplicationFilterChain.internalDoFilter(ApplicationFilterChain.java:189) ~[tomcat-embed-core-9.0.65.jar:9.0.65]
	at org.apache.catalina.core.ApplicationFilterChain.doFilter(ApplicationFilterChain.java:162) ~[tomcat-embed-core-9.0.65.jar:9.0.65]
	at org.springframework.web.filter.CharacterEncodingFilter.doFilterInternal(CharacterEncodingFilter.java:201) ~[spring-web-5.3.22.jar:5.3.22]
	at org.springframework.web.filter.OncePerRequestFilter.doFilter(OncePerRequestFilter.java:117) ~[spring-web-5.3.22.jar:5.3.22]
	at org.apache.catalina.core.ApplicationFilterChain.internalDoFilter(ApplicationFilterChain.java:189) ~[tomcat-embed-core-9.0.65.jar:9.0.65]
	at org.apache.catalina.core.ApplicationFilterChain.doFilter(ApplicationFilterChain.java:162) ~[tomcat-embed-core-9.0.65.jar:9.0.65]
	at com.tianji.common.filters.RequestIdFilter.doFilter(RequestIdFilter.java:26) ~[classes/:na]
	at org.apache.catalina.core.ApplicationFilterChain.internalDoFilter(ApplicationFilterChain.java:189) ~[tomcat-embed-core-9.0.65.jar:9.0.65]
	at org.apache.catalina.core.ApplicationFilterChain.doFilter(ApplicationFilterChain.java:162) ~[tomcat-embed-core-9.0.65.jar:9.0.65]
	at org.apache.catalina.core.StandardWrapperValve.invoke(StandardWrapperValve.java:197) ~[tomcat-embed-core-9.0.65.jar:9.0.65]
	at org.apache.catalina.core.StandardContextValve.invoke(StandardContextValve.java:97) ~[tomcat-embed-core-9.0.65.jar:9.0.65]
	at org.apache.catalina.authenticator.AuthenticatorBase.invoke(AuthenticatorBase.java:541) ~[tomcat-embed-core-9.0.65.jar:9.0.65]
	at org.apache.catalina.core.StandardHostValve.invoke(StandardHostValve.java:135) ~[tomcat-embed-core-9.0.65.jar:9.0.65]
	at org.apache.catalina.valves.ErrorReportValve.invoke(ErrorReportValve.java:92) ~[tomcat-embed-core-9.0.65.jar:9.0.65]
	at org.apache.catalina.core.StandardEngineValve.invoke(StandardEngineValve.java:78) ~[tomcat-embed-core-9.0.65.jar:9.0.65]
	at org.apache.catalina.connector.CoyoteAdapter.service(CoyoteAdapter.java:360) ~[tomcat-embed-core-9.0.65.jar:9.0.65]
	at org.apache.coyote.http11.Http11Processor.service(Http11Processor.java:399) ~[tomcat-embed-core-9.0.65.jar:9.0.65]
	at org.apache.coyote.AbstractProcessorLight.process(AbstractProcessorLight.java:65) ~[tomcat-embed-core-9.0.65.jar:9.0.65]
	at org.apache.coyote.AbstractProtocol$ConnectionHandler.process(AbstractProtocol.java:890) ~[tomcat-embed-core-9.0.65.jar:9.0.65]
	at org.apache.tomcat.util.net.NioEndpoint$SocketProcessor.doRun(NioEndpoint.java:1789) ~[tomcat-embed-core-9.0.65.jar:9.0.65]
	at org.apache.tomcat.util.net.SocketProcessorBase.run(SocketProcessorBase.java:49) ~[tomcat-embed-core-9.0.65.jar:9.0.65]
	at org.apache.tomcat.util.threads.ThreadPoolExecutor.runWorker(ThreadPoolExecutor.java:1191) ~[tomcat-embed-core-9.0.65.jar:9.0.65]
	at org.apache.tomcat.util.threads.ThreadPoolExecutor$Worker.run(ThreadPoolExecutor.java:659) ~[tomcat-embed-core-9.0.65.jar:9.0.65]
	at org.apache.tomcat.util.threads.TaskThread$WrappingRunnable.run(TaskThread.java:61) ~[tomcat-embed-core-9.0.65.jar:9.0.65]
	at java.base/java.lang.Thread.run(Thread.java:1589) ~[na:na]
20:15:25.258-[LAPTOP-L9SH1VHI][039ad057d88f4c0b9f2728c4dd18d3d9]--ERROR 22852 --- [nio-8088-exec-2] c.t.c.a.m.advice.CommonExceptionAdvice   : 参数异常 -> NestedServletException，Required request parameter 'courseIds' for method parameter type List is not present
20:15:25.259-[LAPTOP-L9SH1VHI][039ad057d88f4c0b9f2728c4dd18d3d9]--DEBUG 22852 --- [nio-8088-exec-2] c.t.c.a.m.advice.CommonExceptionAdvice   : 
org.springframework.web.bind.MissingServletRequestParameterException: Required request parameter 'courseIds' for method parameter type List is not present
	at org.springframework.web.method.annotation.RequestParamMethodArgumentResolver.handleMissingValueInternal(RequestParamMethodArgumentResolver.java:218) ~[spring-web-5.3.22.jar:5.3.22]
	at org.springframework.web.method.annotation.RequestParamMethodArgumentResolver.handleMissingValue(RequestParamMethodArgumentResolver.java:193) ~[spring-web-5.3.22.jar:5.3.22]
	at org.springframework.web.method.annotation.AbstractNamedValueMethodArgumentResolver.resolveArgument(AbstractNamedValueMethodArgumentResolver.java:114) ~[spring-web-5.3.22.jar:5.3.22]
	at org.springframework.web.method.support.HandlerMethodArgumentResolverComposite.resolveArgument(HandlerMethodArgumentResolverComposite.java:122) ~[spring-web-5.3.22.jar:5.3.22]
	at org.springframework.web.method.support.InvocableHandlerMethod.getMethodArgumentValues(InvocableHandlerMethod.java:179) ~[spring-web-5.3.22.jar:5.3.22]
	at org.springframework.web.method.support.InvocableHandlerMethod.invokeForRequest(InvocableHandlerMethod.java:146) ~[spring-web-5.3.22.jar:5.3.22]
	at org.springframework.web.servlet.mvc.method.annotation.ServletInvocableHandlerMethod.invokeAndHandle(ServletInvocableHandlerMethod.java:117) ~[spring-webmvc-5.3.22.jar:5.3.22]
	at org.springframework.web.servlet.mvc.method.annotation.RequestMappingHandlerAdapter.invokeHandlerMethod(RequestMappingHandlerAdapter.java:895) ~[spring-webmvc-5.3.22.jar:5.3.22]
	at org.springframework.web.servlet.mvc.method.annotation.RequestMappingHandlerAdapter.handleInternal(RequestMappingHandlerAdapter.java:808) ~[spring-webmvc-5.3.22.jar:5.3.22]
	at org.springframework.web.servlet.mvc.method.AbstractHandlerMethodAdapter.handle(AbstractHandlerMethodAdapter.java:87) ~[spring-webmvc-5.3.22.jar:5.3.22]
	at org.springframework.web.servlet.DispatcherServlet.doDispatch(DispatcherServlet.java:1070) ~[spring-webmvc-5.3.22.jar:5.3.22]
	at org.springframework.web.servlet.DispatcherServlet.doService(DispatcherServlet.java:963) ~[spring-webmvc-5.3.22.jar:5.3.22]
	at org.springframework.web.servlet.FrameworkServlet.processRequest(FrameworkServlet.java:1006) ~[spring-webmvc-5.3.22.jar:5.3.22]
	at org.springframework.web.servlet.FrameworkServlet.doGet(FrameworkServlet.java:898) ~[spring-webmvc-5.3.22.jar:5.3.22]
	at javax.servlet.http.HttpServlet.service(HttpServlet.java:655) ~[tomcat-embed-core-9.0.65.jar:4.0.FR]
	at org.springframework.web.servlet.FrameworkServlet.service(FrameworkServlet.java:883) ~[spring-webmvc-5.3.22.jar:5.3.22]
	at javax.servlet.http.HttpServlet.service(HttpServlet.java:764) ~[tomcat-embed-core-9.0.65.jar:4.0.FR]
	at org.apache.catalina.core.ApplicationFilterChain.internalDoFilter(ApplicationFilterChain.java:227) ~[tomcat-embed-core-9.0.65.jar:9.0.65]
	at org.apache.catalina.core.ApplicationFilterChain.doFilter(ApplicationFilterChain.java:162) ~[tomcat-embed-core-9.0.65.jar:9.0.65]
	at org.apache.tomcat.websocket.server.WsFilter.doFilter(WsFilter.java:53) ~[tomcat-embed-websocket-9.0.65.jar:9.0.65]
	at org.apache.catalina.core.ApplicationFilterChain.internalDoFilter(ApplicationFilterChain.java:189) ~[tomcat-embed-core-9.0.65.jar:9.0.65]
	at org.apache.catalina.core.ApplicationFilterChain.doFilter(ApplicationFilterChain.java:162) ~[tomcat-embed-core-9.0.65.jar:9.0.65]
	at org.springframework.web.filter.RequestContextFilter.doFilterInternal(RequestContextFilter.java:100) ~[spring-web-5.3.22.jar:5.3.22]
	at org.springframework.web.filter.OncePerRequestFilter.doFilter(OncePerRequestFilter.java:117) ~[spring-web-5.3.22.jar:5.3.22]
	at org.apache.catalina.core.ApplicationFilterChain.internalDoFilter(ApplicationFilterChain.java:189) ~[tomcat-embed-core-9.0.65.jar:9.0.65]
	at org.apache.catalina.core.ApplicationFilterChain.doFilter(ApplicationFilterChain.java:162) ~[tomcat-embed-core-9.0.65.jar:9.0.65]
	at org.springframework.web.filter.FormContentFilter.doFilterInternal(FormContentFilter.java:93) ~[spring-web-5.3.22.jar:5.3.22]
	at org.springframework.web.filter.OncePerRequestFilter.doFilter(OncePerRequestFilter.java:117) ~[spring-web-5.3.22.jar:5.3.22]
	at org.apache.catalina.core.ApplicationFilterChain.internalDoFilter(ApplicationFilterChain.java:189) ~[tomcat-embed-core-9.0.65.jar:9.0.65]
	at org.apache.catalina.core.ApplicationFilterChain.doFilter(ApplicationFilterChain.java:162) ~[tomcat-embed-core-9.0.65.jar:9.0.65]
	at org.springframework.web.filter.CharacterEncodingFilter.doFilterInternal(CharacterEncodingFilter.java:201) ~[spring-web-5.3.22.jar:5.3.22]
	at org.springframework.web.filter.OncePerRequestFilter.doFilter(OncePerRequestFilter.java:117) ~[spring-web-5.3.22.jar:5.3.22]
	at org.apache.catalina.core.ApplicationFilterChain.internalDoFilter(ApplicationFilterChain.java:189) ~[tomcat-embed-core-9.0.65.jar:9.0.65]
	at org.apache.catalina.core.ApplicationFilterChain.doFilter(ApplicationFilterChain.java:162) ~[tomcat-embed-core-9.0.65.jar:9.0.65]
	at com.tianji.common.filters.RequestIdFilter.doFilter(RequestIdFilter.java:26) ~[classes/:na]
	at org.apache.catalina.core.ApplicationFilterChain.internalDoFilter(ApplicationFilterChain.java:189) ~[tomcat-embed-core-9.0.65.jar:9.0.65]
	at org.apache.catalina.core.ApplicationFilterChain.doFilter(ApplicationFilterChain.java:162) ~[tomcat-embed-core-9.0.65.jar:9.0.65]
	at org.apache.catalina.core.StandardWrapperValve.invoke(StandardWrapperValve.java:197) ~[tomcat-embed-core-9.0.65.jar:9.0.65]
	at org.apache.catalina.core.StandardContextValve.invoke(StandardContextValve.java:97) ~[tomcat-embed-core-9.0.65.jar:9.0.65]
	at org.apache.catalina.authenticator.AuthenticatorBase.invoke(AuthenticatorBase.java:541) ~[tomcat-embed-core-9.0.65.jar:9.0.65]
	at org.apache.catalina.core.StandardHostValve.invoke(StandardHostValve.java:135) ~[tomcat-embed-core-9.0.65.jar:9.0.65]
	at org.apache.catalina.valves.ErrorReportValve.invoke(ErrorReportValve.java:92) ~[tomcat-embed-core-9.0.65.jar:9.0.65]
	at org.apache.catalina.core.StandardEngineValve.invoke(StandardEngineValve.java:78) ~[tomcat-embed-core-9.0.65.jar:9.0.65]
	at org.apache.catalina.connector.CoyoteAdapter.service(CoyoteAdapter.java:360) ~[tomcat-embed-core-9.0.65.jar:9.0.65]
	at org.apache.coyote.http11.Http11Processor.service(Http11Processor.java:399) ~[tomcat-embed-core-9.0.65.jar:9.0.65]
	at org.apache.coyote.AbstractProcessorLight.process(AbstractProcessorLight.java:65) ~[tomcat-embed-core-9.0.65.jar:9.0.65]
	at org.apache.coyote.AbstractProtocol$ConnectionHandler.process(AbstractProtocol.java:890) ~[tomcat-embed-core-9.0.65.jar:9.0.65]
	at org.apache.tomcat.util.net.NioEndpoint$SocketProcessor.doRun(NioEndpoint.java:1789) ~[tomcat-embed-core-9.0.65.jar:9.0.65]
	at org.apache.tomcat.util.net.SocketProcessorBase.run(SocketProcessorBase.java:49) ~[tomcat-embed-core-9.0.65.jar:9.0.65]
	at org.apache.tomcat.util.threads.ThreadPoolExecutor.runWorker(ThreadPoolExecutor.java:1191) ~[tomcat-embed-core-9.0.65.jar:9.0.65]
	at org.apache.tomcat.util.threads.ThreadPoolExecutor$Worker.run(ThreadPoolExecutor.java:659) ~[tomcat-embed-core-9.0.65.jar:9.0.65]
	at org.apache.tomcat.util.threads.TaskThread$WrappingRunnable.run(TaskThread.java:61) ~[tomcat-embed-core-9.0.65.jar:9.0.65]
	at java.base/java.lang.Thread.run(Thread.java:1589) ~[na:na]
20:15:32.396-[LAPTOP-L9SH1VHI][9deb961f2ccf4e9b8243c25255067e5c]--ERROR 22852 --- [nio-8088-exec-5] c.t.c.a.m.advice.CommonExceptionAdvice   : 参数异常 -> NestedServletException，Required request parameter 'courseIds' for method parameter type List is not present
20:15:32.397-[LAPTOP-L9SH1VHI][9deb961f2ccf4e9b8243c25255067e5c]--DEBUG 22852 --- [nio-8088-exec-5] c.t.c.a.m.advice.CommonExceptionAdvice   : 
org.springframework.web.bind.MissingServletRequestParameterException: Required request parameter 'courseIds' for method parameter type List is not present
	at org.springframework.web.method.annotation.RequestParamMethodArgumentResolver.handleMissingValueInternal(RequestParamMethodArgumentResolver.java:218) ~[spring-web-5.3.22.jar:5.3.22]
	at org.springframework.web.method.annotation.RequestParamMethodArgumentResolver.handleMissingValue(RequestParamMethodArgumentResolver.java:193) ~[spring-web-5.3.22.jar:5.3.22]
	at org.springframework.web.method.annotation.AbstractNamedValueMethodArgumentResolver.resolveArgument(AbstractNamedValueMethodArgumentResolver.java:114) ~[spring-web-5.3.22.jar:5.3.22]
	at org.springframework.web.method.support.HandlerMethodArgumentResolverComposite.resolveArgument(HandlerMethodArgumentResolverComposite.java:122) ~[spring-web-5.3.22.jar:5.3.22]
	at org.springframework.web.method.support.InvocableHandlerMethod.getMethodArgumentValues(InvocableHandlerMethod.java:179) ~[spring-web-5.3.22.jar:5.3.22]
	at org.springframework.web.method.support.InvocableHandlerMethod.invokeForRequest(InvocableHandlerMethod.java:146) ~[spring-web-5.3.22.jar:5.3.22]
	at org.springframework.web.servlet.mvc.method.annotation.ServletInvocableHandlerMethod.invokeAndHandle(ServletInvocableHandlerMethod.java:117) ~[spring-webmvc-5.3.22.jar:5.3.22]
	at org.springframework.web.servlet.mvc.method.annotation.RequestMappingHandlerAdapter.invokeHandlerMethod(RequestMappingHandlerAdapter.java:895) ~[spring-webmvc-5.3.22.jar:5.3.22]
	at org.springframework.web.servlet.mvc.method.annotation.RequestMappingHandlerAdapter.handleInternal(RequestMappingHandlerAdapter.java:808) ~[spring-webmvc-5.3.22.jar:5.3.22]
	at org.springframework.web.servlet.mvc.method.AbstractHandlerMethodAdapter.handle(AbstractHandlerMethodAdapter.java:87) ~[spring-webmvc-5.3.22.jar:5.3.22]
	at org.springframework.web.servlet.DispatcherServlet.doDispatch(DispatcherServlet.java:1070) ~[spring-webmvc-5.3.22.jar:5.3.22]
	at org.springframework.web.servlet.DispatcherServlet.doService(DispatcherServlet.java:963) ~[spring-webmvc-5.3.22.jar:5.3.22]
	at org.springframework.web.servlet.FrameworkServlet.processRequest(FrameworkServlet.java:1006) ~[spring-webmvc-5.3.22.jar:5.3.22]
	at org.springframework.web.servlet.FrameworkServlet.doGet(FrameworkServlet.java:898) ~[spring-webmvc-5.3.22.jar:5.3.22]
	at javax.servlet.http.HttpServlet.service(HttpServlet.java:655) ~[tomcat-embed-core-9.0.65.jar:4.0.FR]
	at org.springframework.web.servlet.FrameworkServlet.service(FrameworkServlet.java:883) ~[spring-webmvc-5.3.22.jar:5.3.22]
	at javax.servlet.http.HttpServlet.service(HttpServlet.java:764) ~[tomcat-embed-core-9.0.65.jar:4.0.FR]
	at org.apache.catalina.core.ApplicationFilterChain.internalDoFilter(ApplicationFilterChain.java:227) ~[tomcat-embed-core-9.0.65.jar:9.0.65]
	at org.apache.catalina.core.ApplicationFilterChain.doFilter(ApplicationFilterChain.java:162) ~[tomcat-embed-core-9.0.65.jar:9.0.65]
	at org.apache.tomcat.websocket.server.WsFilter.doFilter(WsFilter.java:53) ~[tomcat-embed-websocket-9.0.65.jar:9.0.65]
	at org.apache.catalina.core.ApplicationFilterChain.internalDoFilter(ApplicationFilterChain.java:189) ~[tomcat-embed-core-9.0.65.jar:9.0.65]
	at org.apache.catalina.core.ApplicationFilterChain.doFilter(ApplicationFilterChain.java:162) ~[tomcat-embed-core-9.0.65.jar:9.0.65]
	at org.springframework.web.filter.RequestContextFilter.doFilterInternal(RequestContextFilter.java:100) ~[spring-web-5.3.22.jar:5.3.22]
	at org.springframework.web.filter.OncePerRequestFilter.doFilter(OncePerRequestFilter.java:117) ~[spring-web-5.3.22.jar:5.3.22]
	at org.apache.catalina.core.ApplicationFilterChain.internalDoFilter(ApplicationFilterChain.java:189) ~[tomcat-embed-core-9.0.65.jar:9.0.65]
	at org.apache.catalina.core.ApplicationFilterChain.doFilter(ApplicationFilterChain.java:162) ~[tomcat-embed-core-9.0.65.jar:9.0.65]
	at org.springframework.web.filter.FormContentFilter.doFilterInternal(FormContentFilter.java:93) ~[spring-web-5.3.22.jar:5.3.22]
	at org.springframework.web.filter.OncePerRequestFilter.doFilter(OncePerRequestFilter.java:117) ~[spring-web-5.3.22.jar:5.3.22]
	at org.apache.catalina.core.ApplicationFilterChain.internalDoFilter(ApplicationFilterChain.java:189) ~[tomcat-embed-core-9.0.65.jar:9.0.65]
	at org.apache.catalina.core.ApplicationFilterChain.doFilter(ApplicationFilterChain.java:162) ~[tomcat-embed-core-9.0.65.jar:9.0.65]
	at org.springframework.web.filter.CharacterEncodingFilter.doFilterInternal(CharacterEncodingFilter.java:201) ~[spring-web-5.3.22.jar:5.3.22]
	at org.springframework.web.filter.OncePerRequestFilter.doFilter(OncePerRequestFilter.java:117) ~[spring-web-5.3.22.jar:5.3.22]
	at org.apache.catalina.core.ApplicationFilterChain.internalDoFilter(ApplicationFilterChain.java:189) ~[tomcat-embed-core-9.0.65.jar:9.0.65]
	at org.apache.catalina.core.ApplicationFilterChain.doFilter(ApplicationFilterChain.java:162) ~[tomcat-embed-core-9.0.65.jar:9.0.65]
	at com.tianji.common.filters.RequestIdFilter.doFilter(RequestIdFilter.java:26) ~[classes/:na]
	at org.apache.catalina.core.ApplicationFilterChain.internalDoFilter(ApplicationFilterChain.java:189) ~[tomcat-embed-core-9.0.65.jar:9.0.65]
	at org.apache.catalina.core.ApplicationFilterChain.doFilter(ApplicationFilterChain.java:162) ~[tomcat-embed-core-9.0.65.jar:9.0.65]
	at org.apache.catalina.core.StandardWrapperValve.invoke(StandardWrapperValve.java:197) ~[tomcat-embed-core-9.0.65.jar:9.0.65]
	at org.apache.catalina.core.StandardContextValve.invoke(StandardContextValve.java:97) ~[tomcat-embed-core-9.0.65.jar:9.0.65]
	at org.apache.catalina.authenticator.AuthenticatorBase.invoke(AuthenticatorBase.java:541) ~[tomcat-embed-core-9.0.65.jar:9.0.65]
	at org.apache.catalina.core.StandardHostValve.invoke(StandardHostValve.java:135) ~[tomcat-embed-core-9.0.65.jar:9.0.65]
	at org.apache.catalina.valves.ErrorReportValve.invoke(ErrorReportValve.java:92) ~[tomcat-embed-core-9.0.65.jar:9.0.65]
	at org.apache.catalina.core.StandardEngineValve.invoke(StandardEngineValve.java:78) ~[tomcat-embed-core-9.0.65.jar:9.0.65]
	at org.apache.catalina.connector.CoyoteAdapter.service(CoyoteAdapter.java:360) ~[tomcat-embed-core-9.0.65.jar:9.0.65]
	at org.apache.coyote.http11.Http11Processor.service(Http11Processor.java:399) ~[tomcat-embed-core-9.0.65.jar:9.0.65]
	at org.apache.coyote.AbstractProcessorLight.process(AbstractProcessorLight.java:65) ~[tomcat-embed-core-9.0.65.jar:9.0.65]
	at org.apache.coyote.AbstractProtocol$ConnectionHandler.process(AbstractProtocol.java:890) ~[tomcat-embed-core-9.0.65.jar:9.0.65]
	at org.apache.tomcat.util.net.NioEndpoint$SocketProcessor.doRun(NioEndpoint.java:1789) ~[tomcat-embed-core-9.0.65.jar:9.0.65]
	at org.apache.tomcat.util.net.SocketProcessorBase.run(SocketProcessorBase.java:49) ~[tomcat-embed-core-9.0.65.jar:9.0.65]
	at org.apache.tomcat.util.threads.ThreadPoolExecutor.runWorker(ThreadPoolExecutor.java:1191) ~[tomcat-embed-core-9.0.65.jar:9.0.65]
	at org.apache.tomcat.util.threads.ThreadPoolExecutor$Worker.run(ThreadPoolExecutor.java:659) ~[tomcat-embed-core-9.0.65.jar:9.0.65]
	at org.apache.tomcat.util.threads.TaskThread$WrappingRunnable.run(TaskThread.java:61) ~[tomcat-embed-core-9.0.65.jar:9.0.65]
	at java.base/java.lang.Thread.run(Thread.java:1589) ~[na:na]
20:15:33.723-[LAPTOP-L9SH1VHI][6079d11a282446d4a837b47772fac163]--ERROR 22852 --- [nio-8088-exec-4] c.t.c.a.m.advice.CommonExceptionAdvice   : 参数异常 -> NestedServletException，Required request parameter 'courseIds' for method parameter type List is not present
20:15:33.724-[LAPTOP-L9SH1VHI][6079d11a282446d4a837b47772fac163]--DEBUG 22852 --- [nio-8088-exec-4] c.t.c.a.m.advice.CommonExceptionAdvice   : 
org.springframework.web.bind.MissingServletRequestParameterException: Required request parameter 'courseIds' for method parameter type List is not present
	at org.springframework.web.method.annotation.RequestParamMethodArgumentResolver.handleMissingValueInternal(RequestParamMethodArgumentResolver.java:218) ~[spring-web-5.3.22.jar:5.3.22]
	at org.springframework.web.method.annotation.RequestParamMethodArgumentResolver.handleMissingValue(RequestParamMethodArgumentResolver.java:193) ~[spring-web-5.3.22.jar:5.3.22]
	at org.springframework.web.method.annotation.AbstractNamedValueMethodArgumentResolver.resolveArgument(AbstractNamedValueMethodArgumentResolver.java:114) ~[spring-web-5.3.22.jar:5.3.22]
	at org.springframework.web.method.support.HandlerMethodArgumentResolverComposite.resolveArgument(HandlerMethodArgumentResolverComposite.java:122) ~[spring-web-5.3.22.jar:5.3.22]
	at org.springframework.web.method.support.InvocableHandlerMethod.getMethodArgumentValues(InvocableHandlerMethod.java:179) ~[spring-web-5.3.22.jar:5.3.22]
	at org.springframework.web.method.support.InvocableHandlerMethod.invokeForRequest(InvocableHandlerMethod.java:146) ~[spring-web-5.3.22.jar:5.3.22]
	at org.springframework.web.servlet.mvc.method.annotation.ServletInvocableHandlerMethod.invokeAndHandle(ServletInvocableHandlerMethod.java:117) ~[spring-webmvc-5.3.22.jar:5.3.22]
	at org.springframework.web.servlet.mvc.method.annotation.RequestMappingHandlerAdapter.invokeHandlerMethod(RequestMappingHandlerAdapter.java:895) ~[spring-webmvc-5.3.22.jar:5.3.22]
	at org.springframework.web.servlet.mvc.method.annotation.RequestMappingHandlerAdapter.handleInternal(RequestMappingHandlerAdapter.java:808) ~[spring-webmvc-5.3.22.jar:5.3.22]
	at org.springframework.web.servlet.mvc.method.AbstractHandlerMethodAdapter.handle(AbstractHandlerMethodAdapter.java:87) ~[spring-webmvc-5.3.22.jar:5.3.22]
	at org.springframework.web.servlet.DispatcherServlet.doDispatch(DispatcherServlet.java:1070) ~[spring-webmvc-5.3.22.jar:5.3.22]
	at org.springframework.web.servlet.DispatcherServlet.doService(DispatcherServlet.java:963) ~[spring-webmvc-5.3.22.jar:5.3.22]
	at org.springframework.web.servlet.FrameworkServlet.processRequest(FrameworkServlet.java:1006) ~[spring-webmvc-5.3.22.jar:5.3.22]
	at org.springframework.web.servlet.FrameworkServlet.doGet(FrameworkServlet.java:898) ~[spring-webmvc-5.3.22.jar:5.3.22]
	at javax.servlet.http.HttpServlet.service(HttpServlet.java:655) ~[tomcat-embed-core-9.0.65.jar:4.0.FR]
	at org.springframework.web.servlet.FrameworkServlet.service(FrameworkServlet.java:883) ~[spring-webmvc-5.3.22.jar:5.3.22]
	at javax.servlet.http.HttpServlet.service(HttpServlet.java:764) ~[tomcat-embed-core-9.0.65.jar:4.0.FR]
	at org.apache.catalina.core.ApplicationFilterChain.internalDoFilter(ApplicationFilterChain.java:227) ~[tomcat-embed-core-9.0.65.jar:9.0.65]
	at org.apache.catalina.core.ApplicationFilterChain.doFilter(ApplicationFilterChain.java:162) ~[tomcat-embed-core-9.0.65.jar:9.0.65]
	at org.apache.tomcat.websocket.server.WsFilter.doFilter(WsFilter.java:53) ~[tomcat-embed-websocket-9.0.65.jar:9.0.65]
	at org.apache.catalina.core.ApplicationFilterChain.internalDoFilter(ApplicationFilterChain.java:189) ~[tomcat-embed-core-9.0.65.jar:9.0.65]
	at org.apache.catalina.core.ApplicationFilterChain.doFilter(ApplicationFilterChain.java:162) ~[tomcat-embed-core-9.0.65.jar:9.0.65]
	at org.springframework.web.filter.RequestContextFilter.doFilterInternal(RequestContextFilter.java:100) ~[spring-web-5.3.22.jar:5.3.22]
	at org.springframework.web.filter.OncePerRequestFilter.doFilter(OncePerRequestFilter.java:117) ~[spring-web-5.3.22.jar:5.3.22]
	at org.apache.catalina.core.ApplicationFilterChain.internalDoFilter(ApplicationFilterChain.java:189) ~[tomcat-embed-core-9.0.65.jar:9.0.65]
	at org.apache.catalina.core.ApplicationFilterChain.doFilter(ApplicationFilterChain.java:162) ~[tomcat-embed-core-9.0.65.jar:9.0.65]
	at org.springframework.web.filter.FormContentFilter.doFilterInternal(FormContentFilter.java:93) ~[spring-web-5.3.22.jar:5.3.22]
	at org.springframework.web.filter.OncePerRequestFilter.doFilter(OncePerRequestFilter.java:117) ~[spring-web-5.3.22.jar:5.3.22]
	at org.apache.catalina.core.ApplicationFilterChain.internalDoFilter(ApplicationFilterChain.java:189) ~[tomcat-embed-core-9.0.65.jar:9.0.65]
	at org.apache.catalina.core.ApplicationFilterChain.doFilter(ApplicationFilterChain.java:162) ~[tomcat-embed-core-9.0.65.jar:9.0.65]
	at org.springframework.web.filter.CharacterEncodingFilter.doFilterInternal(CharacterEncodingFilter.java:201) ~[spring-web-5.3.22.jar:5.3.22]
	at org.springframework.web.filter.OncePerRequestFilter.doFilter(OncePerRequestFilter.java:117) ~[spring-web-5.3.22.jar:5.3.22]
	at org.apache.catalina.core.ApplicationFilterChain.internalDoFilter(ApplicationFilterChain.java:189) ~[tomcat-embed-core-9.0.65.jar:9.0.65]
	at org.apache.catalina.core.ApplicationFilterChain.doFilter(ApplicationFilterChain.java:162) ~[tomcat-embed-core-9.0.65.jar:9.0.65]
	at com.tianji.common.filters.RequestIdFilter.doFilter(RequestIdFilter.java:26) ~[classes/:na]
	at org.apache.catalina.core.ApplicationFilterChain.internalDoFilter(ApplicationFilterChain.java:189) ~[tomcat-embed-core-9.0.65.jar:9.0.65]
	at org.apache.catalina.core.ApplicationFilterChain.doFilter(ApplicationFilterChain.java:162) ~[tomcat-embed-core-9.0.65.jar:9.0.65]
	at org.apache.catalina.core.StandardWrapperValve.invoke(StandardWrapperValve.java:197) ~[tomcat-embed-core-9.0.65.jar:9.0.65]
	at org.apache.catalina.core.StandardContextValve.invoke(StandardContextValve.java:97) ~[tomcat-embed-core-9.0.65.jar:9.0.65]
	at org.apache.catalina.authenticator.AuthenticatorBase.invoke(AuthenticatorBase.java:541) ~[tomcat-embed-core-9.0.65.jar:9.0.65]
	at org.apache.catalina.core.StandardHostValve.invoke(StandardHostValve.java:135) ~[tomcat-embed-core-9.0.65.jar:9.0.65]
	at org.apache.catalina.valves.ErrorReportValve.invoke(ErrorReportValve.java:92) ~[tomcat-embed-core-9.0.65.jar:9.0.65]
	at org.apache.catalina.core.StandardEngineValve.invoke(StandardEngineValve.java:78) ~[tomcat-embed-core-9.0.65.jar:9.0.65]
	at org.apache.catalina.connector.CoyoteAdapter.service(CoyoteAdapter.java:360) ~[tomcat-embed-core-9.0.65.jar:9.0.65]
	at org.apache.coyote.http11.Http11Processor.service(Http11Processor.java:399) ~[tomcat-embed-core-9.0.65.jar:9.0.65]
	at org.apache.coyote.AbstractProcessorLight.process(AbstractProcessorLight.java:65) ~[tomcat-embed-core-9.0.65.jar:9.0.65]
	at org.apache.coyote.AbstractProtocol$ConnectionHandler.process(AbstractProtocol.java:890) ~[tomcat-embed-core-9.0.65.jar:9.0.65]
	at org.apache.tomcat.util.net.NioEndpoint$SocketProcessor.doRun(NioEndpoint.java:1789) ~[tomcat-embed-core-9.0.65.jar:9.0.65]
	at org.apache.tomcat.util.net.SocketProcessorBase.run(SocketProcessorBase.java:49) ~[tomcat-embed-core-9.0.65.jar:9.0.65]
	at org.apache.tomcat.util.threads.ThreadPoolExecutor.runWorker(ThreadPoolExecutor.java:1191) ~[tomcat-embed-core-9.0.65.jar:9.0.65]
	at org.apache.tomcat.util.threads.ThreadPoolExecutor$Worker.run(ThreadPoolExecutor.java:659) ~[tomcat-embed-core-9.0.65.jar:9.0.65]
	at org.apache.tomcat.util.threads.TaskThread$WrappingRunnable.run(TaskThread.java:61) ~[tomcat-embed-core-9.0.65.jar:9.0.65]
	at java.base/java.lang.Thread.run(Thread.java:1589) ~[na:na]
20:15:34.700-[LAPTOP-L9SH1VHI][a53e0a96ca2349dfaad1d97c8226105b]--ERROR 22852 --- [nio-8088-exec-3] c.t.c.a.m.advice.CommonExceptionAdvice   : 参数异常 -> NestedServletException，Required request parameter 'courseIds' for method parameter type List is not present
20:15:34.701-[LAPTOP-L9SH1VHI][a53e0a96ca2349dfaad1d97c8226105b]--DEBUG 22852 --- [nio-8088-exec-3] c.t.c.a.m.advice.CommonExceptionAdvice   : 
org.springframework.web.bind.MissingServletRequestParameterException: Required request parameter 'courseIds' for method parameter type List is not present
	at org.springframework.web.method.annotation.RequestParamMethodArgumentResolver.handleMissingValueInternal(RequestParamMethodArgumentResolver.java:218) ~[spring-web-5.3.22.jar:5.3.22]
	at org.springframework.web.method.annotation.RequestParamMethodArgumentResolver.handleMissingValue(RequestParamMethodArgumentResolver.java:193) ~[spring-web-5.3.22.jar:5.3.22]
	at org.springframework.web.method.annotation.AbstractNamedValueMethodArgumentResolver.resolveArgument(AbstractNamedValueMethodArgumentResolver.java:114) ~[spring-web-5.3.22.jar:5.3.22]
	at org.springframework.web.method.support.HandlerMethodArgumentResolverComposite.resolveArgument(HandlerMethodArgumentResolverComposite.java:122) ~[spring-web-5.3.22.jar:5.3.22]
	at org.springframework.web.method.support.InvocableHandlerMethod.getMethodArgumentValues(InvocableHandlerMethod.java:179) ~[spring-web-5.3.22.jar:5.3.22]
	at org.springframework.web.method.support.InvocableHandlerMethod.invokeForRequest(InvocableHandlerMethod.java:146) ~[spring-web-5.3.22.jar:5.3.22]
	at org.springframework.web.servlet.mvc.method.annotation.ServletInvocableHandlerMethod.invokeAndHandle(ServletInvocableHandlerMethod.java:117) ~[spring-webmvc-5.3.22.jar:5.3.22]
	at org.springframework.web.servlet.mvc.method.annotation.RequestMappingHandlerAdapter.invokeHandlerMethod(RequestMappingHandlerAdapter.java:895) ~[spring-webmvc-5.3.22.jar:5.3.22]
	at org.springframework.web.servlet.mvc.method.annotation.RequestMappingHandlerAdapter.handleInternal(RequestMappingHandlerAdapter.java:808) ~[spring-webmvc-5.3.22.jar:5.3.22]
	at org.springframework.web.servlet.mvc.method.AbstractHandlerMethodAdapter.handle(AbstractHandlerMethodAdapter.java:87) ~[spring-webmvc-5.3.22.jar:5.3.22]
	at org.springframework.web.servlet.DispatcherServlet.doDispatch(DispatcherServlet.java:1070) ~[spring-webmvc-5.3.22.jar:5.3.22]
	at org.springframework.web.servlet.DispatcherServlet.doService(DispatcherServlet.java:963) ~[spring-webmvc-5.3.22.jar:5.3.22]
	at org.springframework.web.servlet.FrameworkServlet.processRequest(FrameworkServlet.java:1006) ~[spring-webmvc-5.3.22.jar:5.3.22]
	at org.springframework.web.servlet.FrameworkServlet.doGet(FrameworkServlet.java:898) ~[spring-webmvc-5.3.22.jar:5.3.22]
	at javax.servlet.http.HttpServlet.service(HttpServlet.java:655) ~[tomcat-embed-core-9.0.65.jar:4.0.FR]
	at org.springframework.web.servlet.FrameworkServlet.service(FrameworkServlet.java:883) ~[spring-webmvc-5.3.22.jar:5.3.22]
	at javax.servlet.http.HttpServlet.service(HttpServlet.java:764) ~[tomcat-embed-core-9.0.65.jar:4.0.FR]
	at org.apache.catalina.core.ApplicationFilterChain.internalDoFilter(ApplicationFilterChain.java:227) ~[tomcat-embed-core-9.0.65.jar:9.0.65]
	at org.apache.catalina.core.ApplicationFilterChain.doFilter(ApplicationFilterChain.java:162) ~[tomcat-embed-core-9.0.65.jar:9.0.65]
	at org.apache.tomcat.websocket.server.WsFilter.doFilter(WsFilter.java:53) ~[tomcat-embed-websocket-9.0.65.jar:9.0.65]
	at org.apache.catalina.core.ApplicationFilterChain.internalDoFilter(ApplicationFilterChain.java:189) ~[tomcat-embed-core-9.0.65.jar:9.0.65]
	at org.apache.catalina.core.ApplicationFilterChain.doFilter(ApplicationFilterChain.java:162) ~[tomcat-embed-core-9.0.65.jar:9.0.65]
	at org.springframework.web.filter.RequestContextFilter.doFilterInternal(RequestContextFilter.java:100) ~[spring-web-5.3.22.jar:5.3.22]
	at org.springframework.web.filter.OncePerRequestFilter.doFilter(OncePerRequestFilter.java:117) ~[spring-web-5.3.22.jar:5.3.22]
	at org.apache.catalina.core.ApplicationFilterChain.internalDoFilter(ApplicationFilterChain.java:189) ~[tomcat-embed-core-9.0.65.jar:9.0.65]
	at org.apache.catalina.core.ApplicationFilterChain.doFilter(ApplicationFilterChain.java:162) ~[tomcat-embed-core-9.0.65.jar:9.0.65]
	at org.springframework.web.filter.FormContentFilter.doFilterInternal(FormContentFilter.java:93) ~[spring-web-5.3.22.jar:5.3.22]
	at org.springframework.web.filter.OncePerRequestFilter.doFilter(OncePerRequestFilter.java:117) ~[spring-web-5.3.22.jar:5.3.22]
	at org.apache.catalina.core.ApplicationFilterChain.internalDoFilter(ApplicationFilterChain.java:189) ~[tomcat-embed-core-9.0.65.jar:9.0.65]
	at org.apache.catalina.core.ApplicationFilterChain.doFilter(ApplicationFilterChain.java:162) ~[tomcat-embed-core-9.0.65.jar:9.0.65]
	at org.springframework.web.filter.CharacterEncodingFilter.doFilterInternal(CharacterEncodingFilter.java:201) ~[spring-web-5.3.22.jar:5.3.22]
	at org.springframework.web.filter.OncePerRequestFilter.doFilter(OncePerRequestFilter.java:117) ~[spring-web-5.3.22.jar:5.3.22]
	at org.apache.catalina.core.ApplicationFilterChain.internalDoFilter(ApplicationFilterChain.java:189) ~[tomcat-embed-core-9.0.65.jar:9.0.65]
	at org.apache.catalina.core.ApplicationFilterChain.doFilter(ApplicationFilterChain.java:162) ~[tomcat-embed-core-9.0.65.jar:9.0.65]
	at com.tianji.common.filters.RequestIdFilter.doFilter(RequestIdFilter.java:26) ~[classes/:na]
	at org.apache.catalina.core.ApplicationFilterChain.internalDoFilter(ApplicationFilterChain.java:189) ~[tomcat-embed-core-9.0.65.jar:9.0.65]
	at org.apache.catalina.core.ApplicationFilterChain.doFilter(ApplicationFilterChain.java:162) ~[tomcat-embed-core-9.0.65.jar:9.0.65]
	at org.apache.catalina.core.StandardWrapperValve.invoke(StandardWrapperValve.java:197) ~[tomcat-embed-core-9.0.65.jar:9.0.65]
	at org.apache.catalina.core.StandardContextValve.invoke(StandardContextValve.java:97) ~[tomcat-embed-core-9.0.65.jar:9.0.65]
	at org.apache.catalina.authenticator.AuthenticatorBase.invoke(AuthenticatorBase.java:541) ~[tomcat-embed-core-9.0.65.jar:9.0.65]
	at org.apache.catalina.core.StandardHostValve.invoke(StandardHostValve.java:135) ~[tomcat-embed-core-9.0.65.jar:9.0.65]
	at org.apache.catalina.valves.ErrorReportValve.invoke(ErrorReportValve.java:92) ~[tomcat-embed-core-9.0.65.jar:9.0.65]
	at org.apache.catalina.core.StandardEngineValve.invoke(StandardEngineValve.java:78) ~[tomcat-embed-core-9.0.65.jar:9.0.65]
	at org.apache.catalina.connector.CoyoteAdapter.service(CoyoteAdapter.java:360) ~[tomcat-embed-core-9.0.65.jar:9.0.65]
	at org.apache.coyote.http11.Http11Processor.service(Http11Processor.java:399) ~[tomcat-embed-core-9.0.65.jar:9.0.65]
	at org.apache.coyote.AbstractProcessorLight.process(AbstractProcessorLight.java:65) ~[tomcat-embed-core-9.0.65.jar:9.0.65]
	at org.apache.coyote.AbstractProtocol$ConnectionHandler.process(AbstractProtocol.java:890) ~[tomcat-embed-core-9.0.65.jar:9.0.65]
	at org.apache.tomcat.util.net.NioEndpoint$SocketProcessor.doRun(NioEndpoint.java:1789) ~[tomcat-embed-core-9.0.65.jar:9.0.65]
	at org.apache.tomcat.util.net.SocketProcessorBase.run(SocketProcessorBase.java:49) ~[tomcat-embed-core-9.0.65.jar:9.0.65]
	at org.apache.tomcat.util.threads.ThreadPoolExecutor.runWorker(ThreadPoolExecutor.java:1191) ~[tomcat-embed-core-9.0.65.jar:9.0.65]
	at org.apache.tomcat.util.threads.ThreadPoolExecutor$Worker.run(ThreadPoolExecutor.java:659) ~[tomcat-embed-core-9.0.65.jar:9.0.65]
	at org.apache.tomcat.util.threads.TaskThread$WrappingRunnable.run(TaskThread.java:61) ~[tomcat-embed-core-9.0.65.jar:9.0.65]
	at java.base/java.lang.Thread.run(Thread.java:1589) ~[na:na]
20:15:35.640-[LAPTOP-L9SH1VHI][570209569093439ba7d008ccd33e5763]--ERROR 22852 --- [nio-8088-exec-6] c.t.c.a.m.advice.CommonExceptionAdvice   : 参数异常 -> NestedServletException，Required request parameter 'courseIds' for method parameter type List is not present
20:15:35.642-[LAPTOP-L9SH1VHI][570209569093439ba7d008ccd33e5763]--DEBUG 22852 --- [nio-8088-exec-6] c.t.c.a.m.advice.CommonExceptionAdvice   : 
org.springframework.web.bind.MissingServletRequestParameterException: Required request parameter 'courseIds' for method parameter type List is not present
	at org.springframework.web.method.annotation.RequestParamMethodArgumentResolver.handleMissingValueInternal(RequestParamMethodArgumentResolver.java:218) ~[spring-web-5.3.22.jar:5.3.22]
	at org.springframework.web.method.annotation.RequestParamMethodArgumentResolver.handleMissingValue(RequestParamMethodArgumentResolver.java:193) ~[spring-web-5.3.22.jar:5.3.22]
	at org.springframework.web.method.annotation.AbstractNamedValueMethodArgumentResolver.resolveArgument(AbstractNamedValueMethodArgumentResolver.java:114) ~[spring-web-5.3.22.jar:5.3.22]
	at org.springframework.web.method.support.HandlerMethodArgumentResolverComposite.resolveArgument(HandlerMethodArgumentResolverComposite.java:122) ~[spring-web-5.3.22.jar:5.3.22]
	at org.springframework.web.method.support.InvocableHandlerMethod.getMethodArgumentValues(InvocableHandlerMethod.java:179) ~[spring-web-5.3.22.jar:5.3.22]
	at org.springframework.web.method.support.InvocableHandlerMethod.invokeForRequest(InvocableHandlerMethod.java:146) ~[spring-web-5.3.22.jar:5.3.22]
	at org.springframework.web.servlet.mvc.method.annotation.ServletInvocableHandlerMethod.invokeAndHandle(ServletInvocableHandlerMethod.java:117) ~[spring-webmvc-5.3.22.jar:5.3.22]
	at org.springframework.web.servlet.mvc.method.annotation.RequestMappingHandlerAdapter.invokeHandlerMethod(RequestMappingHandlerAdapter.java:895) ~[spring-webmvc-5.3.22.jar:5.3.22]
	at org.springframework.web.servlet.mvc.method.annotation.RequestMappingHandlerAdapter.handleInternal(RequestMappingHandlerAdapter.java:808) ~[spring-webmvc-5.3.22.jar:5.3.22]
	at org.springframework.web.servlet.mvc.method.AbstractHandlerMethodAdapter.handle(AbstractHandlerMethodAdapter.java:87) ~[spring-webmvc-5.3.22.jar:5.3.22]
	at org.springframework.web.servlet.DispatcherServlet.doDispatch(DispatcherServlet.java:1070) ~[spring-webmvc-5.3.22.jar:5.3.22]
	at org.springframework.web.servlet.DispatcherServlet.doService(DispatcherServlet.java:963) ~[spring-webmvc-5.3.22.jar:5.3.22]
	at org.springframework.web.servlet.FrameworkServlet.processRequest(FrameworkServlet.java:1006) ~[spring-webmvc-5.3.22.jar:5.3.22]
	at org.springframework.web.servlet.FrameworkServlet.doGet(FrameworkServlet.java:898) ~[spring-webmvc-5.3.22.jar:5.3.22]
	at javax.servlet.http.HttpServlet.service(HttpServlet.java:655) ~[tomcat-embed-core-9.0.65.jar:4.0.FR]
	at org.springframework.web.servlet.FrameworkServlet.service(FrameworkServlet.java:883) ~[spring-webmvc-5.3.22.jar:5.3.22]
	at javax.servlet.http.HttpServlet.service(HttpServlet.java:764) ~[tomcat-embed-core-9.0.65.jar:4.0.FR]
	at org.apache.catalina.core.ApplicationFilterChain.internalDoFilter(ApplicationFilterChain.java:227) ~[tomcat-embed-core-9.0.65.jar:9.0.65]
	at org.apache.catalina.core.ApplicationFilterChain.doFilter(ApplicationFilterChain.java:162) ~[tomcat-embed-core-9.0.65.jar:9.0.65]
	at org.apache.tomcat.websocket.server.WsFilter.doFilter(WsFilter.java:53) ~[tomcat-embed-websocket-9.0.65.jar:9.0.65]
	at org.apache.catalina.core.ApplicationFilterChain.internalDoFilter(ApplicationFilterChain.java:189) ~[tomcat-embed-core-9.0.65.jar:9.0.65]
	at org.apache.catalina.core.ApplicationFilterChain.doFilter(ApplicationFilterChain.java:162) ~[tomcat-embed-core-9.0.65.jar:9.0.65]
	at org.springframework.web.filter.RequestContextFilter.doFilterInternal(RequestContextFilter.java:100) ~[spring-web-5.3.22.jar:5.3.22]
	at org.springframework.web.filter.OncePerRequestFilter.doFilter(OncePerRequestFilter.java:117) ~[spring-web-5.3.22.jar:5.3.22]
	at org.apache.catalina.core.ApplicationFilterChain.internalDoFilter(ApplicationFilterChain.java:189) ~[tomcat-embed-core-9.0.65.jar:9.0.65]
	at org.apache.catalina.core.ApplicationFilterChain.doFilter(ApplicationFilterChain.java:162) ~[tomcat-embed-core-9.0.65.jar:9.0.65]
	at org.springframework.web.filter.FormContentFilter.doFilterInternal(FormContentFilter.java:93) ~[spring-web-5.3.22.jar:5.3.22]
	at org.springframework.web.filter.OncePerRequestFilter.doFilter(OncePerRequestFilter.java:117) ~[spring-web-5.3.22.jar:5.3.22]
	at org.apache.catalina.core.ApplicationFilterChain.internalDoFilter(ApplicationFilterChain.java:189) ~[tomcat-embed-core-9.0.65.jar:9.0.65]
	at org.apache.catalina.core.ApplicationFilterChain.doFilter(ApplicationFilterChain.java:162) ~[tomcat-embed-core-9.0.65.jar:9.0.65]
	at org.springframework.web.filter.CharacterEncodingFilter.doFilterInternal(CharacterEncodingFilter.java:201) ~[spring-web-5.3.22.jar:5.3.22]
	at org.springframework.web.filter.OncePerRequestFilter.doFilter(OncePerRequestFilter.java:117) ~[spring-web-5.3.22.jar:5.3.22]
	at org.apache.catalina.core.ApplicationFilterChain.internalDoFilter(ApplicationFilterChain.java:189) ~[tomcat-embed-core-9.0.65.jar:9.0.65]
	at org.apache.catalina.core.ApplicationFilterChain.doFilter(ApplicationFilterChain.java:162) ~[tomcat-embed-core-9.0.65.jar:9.0.65]
	at com.tianji.common.filters.RequestIdFilter.doFilter(RequestIdFilter.java:26) ~[classes/:na]
	at org.apache.catalina.core.ApplicationFilterChain.internalDoFilter(ApplicationFilterChain.java:189) ~[tomcat-embed-core-9.0.65.jar:9.0.65]
	at org.apache.catalina.core.ApplicationFilterChain.doFilter(ApplicationFilterChain.java:162) ~[tomcat-embed-core-9.0.65.jar:9.0.65]
	at org.apache.catalina.core.StandardWrapperValve.invoke(StandardWrapperValve.java:197) ~[tomcat-embed-core-9.0.65.jar:9.0.65]
	at org.apache.catalina.core.StandardContextValve.invoke(StandardContextValve.java:97) ~[tomcat-embed-core-9.0.65.jar:9.0.65]
	at org.apache.catalina.authenticator.AuthenticatorBase.invoke(AuthenticatorBase.java:541) ~[tomcat-embed-core-9.0.65.jar:9.0.65]
	at org.apache.catalina.core.StandardHostValve.invoke(StandardHostValve.java:135) ~[tomcat-embed-core-9.0.65.jar:9.0.65]
	at org.apache.catalina.valves.ErrorReportValve.invoke(ErrorReportValve.java:92) ~[tomcat-embed-core-9.0.65.jar:9.0.65]
	at org.apache.catalina.core.StandardEngineValve.invoke(StandardEngineValve.java:78) ~[tomcat-embed-core-9.0.65.jar:9.0.65]
	at org.apache.catalina.connector.CoyoteAdapter.service(CoyoteAdapter.java:360) ~[tomcat-embed-core-9.0.65.jar:9.0.65]
	at org.apache.coyote.http11.Http11Processor.service(Http11Processor.java:399) ~[tomcat-embed-core-9.0.65.jar:9.0.65]
	at org.apache.coyote.AbstractProcessorLight.process(AbstractProcessorLight.java:65) ~[tomcat-embed-core-9.0.65.jar:9.0.65]
	at org.apache.coyote.AbstractProtocol$ConnectionHandler.process(AbstractProtocol.java:890) ~[tomcat-embed-core-9.0.65.jar:9.0.65]
	at org.apache.tomcat.util.net.NioEndpoint$SocketProcessor.doRun(NioEndpoint.java:1789) ~[tomcat-embed-core-9.0.65.jar:9.0.65]
	at org.apache.tomcat.util.net.SocketProcessorBase.run(SocketProcessorBase.java:49) ~[tomcat-embed-core-9.0.65.jar:9.0.65]
	at org.apache.tomcat.util.threads.ThreadPoolExecutor.runWorker(ThreadPoolExecutor.java:1191) ~[tomcat-embed-core-9.0.65.jar:9.0.65]
	at org.apache.tomcat.util.threads.ThreadPoolExecutor$Worker.run(ThreadPoolExecutor.java:659) ~[tomcat-embed-core-9.0.65.jar:9.0.65]
	at org.apache.tomcat.util.threads.TaskThread$WrappingRunnable.run(TaskThread.java:61) ~[tomcat-embed-core-9.0.65.jar:9.0.65]
	at java.base/java.lang.Thread.run(Thread.java:1589) ~[na:na]
20:19:50.001-[LAPTOP-L9SH1VHI][sys]-- WARN 22852 --- [      Thread-18] c.a.nacos.common.notify.NotifyCenter     : [NotifyCenter] Start destroying Publisher
20:19:50.001-[LAPTOP-L9SH1VHI][sys]-- WARN 22852 --- [       Thread-1] c.a.n.common.http.HttpClientBeanHolder   : [HttpClientBeanHolder] Start destroying common HttpClient
20:19:50.002-[LAPTOP-L9SH1VHI][sys]-- WARN 22852 --- [      Thread-18] c.a.nacos.common.notify.NotifyCenter     : [NotifyCenter] Destruction of the end
20:19:50.002-[LAPTOP-L9SH1VHI][sys]-- WARN 22852 --- [       Thread-1] c.a.n.common.http.HttpClientBeanHolder   : [HttpClientBeanHolder] Destruction of the end
20:19:50.018-[LAPTOP-L9SH1VHI][sys]-- INFO 22852 --- [ntContainer#0-2] o.s.a.r.l.SimpleMessageListenerContainer : Waiting for workers to finish.
20:19:50.020-[LAPTOP-L9SH1VHI][sys]-- INFO 22852 --- [ntContainer#1-2] o.s.a.r.l.SimpleMessageListenerContainer : Waiting for workers to finish.
20:19:50.021-[LAPTOP-L9SH1VHI][sys]-- INFO 22852 --- [ntContainer#2-2] o.s.a.r.l.SimpleMessageListenerContainer : Waiting for workers to finish.
20:19:50.962-[LAPTOP-L9SH1VHI][sys]-- INFO 22852 --- [ntContainer#0-2] o.s.a.r.l.SimpleMessageListenerContainer : Successfully waited for workers to finish.
20:19:50.968-[LAPTOP-L9SH1VHI][sys]-- INFO 22852 --- [ntContainer#1-2] o.s.a.r.l.SimpleMessageListenerContainer : Successfully waited for workers to finish.
20:19:50.996-[LAPTOP-L9SH1VHI][sys]-- INFO 22852 --- [ntContainer#2-2] o.s.a.r.l.SimpleMessageListenerContainer : Successfully waited for workers to finish.
20:19:51.097-[LAPTOP-L9SH1VHI][sys]-- INFO 22852 --- [      Thread-11] com.xxl.job.core.server.EmbedServer      : >>>>>>>>>>> xxl-job remoting server stop.
20:19:51.167-[LAPTOP-L9SH1VHI][sys]-- INFO 22852 --- [rRegistryThread] c.x.j.c.thread.ExecutorRegistryThread    : >>>>>>>>>>> xxl-job registry-remove success, registryParam:RegistryParam{registryGroup='EXECUTOR', registryKey='trade-service', registryValue='http://192.168.150.1:10001/'}, registryResult:ReturnT [code=200, msg=null, content=null]
20:19:51.168-[LAPTOP-L9SH1VHI][sys]-- INFO 22852 --- [rRegistryThread] c.x.j.c.thread.ExecutorRegistryThread    : >>>>>>>>>>> xxl-job, executor registry thread destroy.
20:19:51.168-[LAPTOP-L9SH1VHI][sys]-- INFO 22852 --- [ionShutdownHook] com.xxl.job.core.server.EmbedServer      : >>>>>>>>>>> xxl-job remoting server destroy success.
20:19:51.169-[LAPTOP-L9SH1VHI][sys]-- INFO 22852 --- [FileCleanThread] c.x.j.core.thread.JobLogFileCleanThread  : >>>>>>>>>>> xxl-job, executor JobLogFileCleanThread thread destroy.
20:19:51.169-[LAPTOP-L9SH1VHI][sys]-- INFO 22852 --- [rCallbackThread] c.x.j.core.thread.TriggerCallbackThread  : >>>>>>>>>>> xxl-job, executor callback thread destroy.
20:19:51.169-[LAPTOP-L9SH1VHI][sys]-- INFO 22852 --- [      Thread-10] c.x.j.core.thread.TriggerCallbackThread  : >>>>>>>>>>> xxl-job, executor retry callback thread destroy.
20:19:51.198-[LAPTOP-L9SH1VHI][sys]-- INFO 22852 --- [ionShutdownHook] c.a.c.n.registry.NacosServiceRegistry    : De-registering from Nacos Server now...
20:19:51.199-[LAPTOP-L9SH1VHI][sys]-- INFO 22852 --- [ionShutdownHook] com.alibaba.nacos.client.naming          : [BEAT] removing beat: DEFAULT_GROUP@@trade-service:192.168.150.1:8088 from beat map.
20:19:51.199-[LAPTOP-L9SH1VHI][sys]-- INFO 22852 --- [ionShutdownHook] com.alibaba.nacos.client.naming          : [DEREGISTER-SERVICE] f923fb34-cb0a-4c06-8fca-ad61ea61a3f0 deregistering service DEFAULT_GROUP@@trade-service with instance: Instance{instanceId='null', ip='192.168.150.1', port=8088, weight=1.0, healthy=true, enabled=true, ephemeral=true, clusterName='DEFAULT', serviceName='null', metadata={}}
20:19:51.210-[LAPTOP-L9SH1VHI][sys]-- INFO 22852 --- [ionShutdownHook] c.a.c.n.registry.NacosServiceRegistry    : De-registration finished.
20:19:51.210-[LAPTOP-L9SH1VHI][sys]-- INFO 22852 --- [ionShutdownHook] com.alibaba.nacos.client.naming          : com.alibaba.nacos.client.naming.beat.BeatReactor do shutdown begin
20:19:51.809-[LAPTOP-L9SH1VHI][sys]-- INFO 22852 --- [g.push.receiver] com.alibaba.nacos.client.naming          : received push data: {"type":"dom","data":"{\"name\":\"DEFAULT_GROUP@@trade-service\",\"clusters\":\"DEFAULT\",\"cacheMillis\":10000,\"hosts\":[{\"instanceId\":\"192.168.150.101#8088#DEFAULT#DEFAULT_GROUP@@trade-service\",\"ip\":\"192.168.150.101\",\"port\":8088,\"weight\":1.0,\"healthy\":true,\"enabled\":true,\"ephemeral\":true,\"clusterName\":\"DEFAULT\",\"serviceName\":\"DEFAULT_GROUP@@trade-service\",\"metadata\":{\"preserved.register.source\":\"SPRING_CLOUD\"},\"instanceHeartBeatTimeOut\":15000,\"ipDeleteTimeout\":30000,\"instanceHeartBeatInterval\":5000}],\"lastRefTime\":1728908395708,\"checksum\":\"\",\"allIPs\":false,\"reachProtectionThreshold\":false,\"valid\":true}","lastRefTime":35121723721922} from /192.168.150.101
20:19:51.809-[LAPTOP-L9SH1VHI][sys]-- INFO 22852 --- [g.push.receiver] com.alibaba.nacos.client.naming          : removed ips(1) service: DEFAULT_GROUP@@trade-service@@DEFAULT -> [{"instanceId":"192.168.150.1#8088#DEFAULT#DEFAULT_GROUP@@trade-service","ip":"192.168.150.1","port":8088,"weight":1.0,"healthy":true,"enabled":true,"ephemeral":true,"clusterName":"DEFAULT","serviceName":"DEFAULT_GROUP@@trade-service","metadata":{"preserved.register.source":"SPRING_CLOUD"},"ipDeleteTimeout":30000,"instanceHeartBeatInterval":5000,"instanceHeartBeatTimeOut":15000}]
20:19:51.812-[LAPTOP-L9SH1VHI][sys]-- INFO 22852 --- [g.push.receiver] com.alibaba.nacos.client.naming          : current ips:(1) service: DEFAULT_GROUP@@trade-service@@DEFAULT -> [{"instanceId":"192.168.150.101#8088#DEFAULT#DEFAULT_GROUP@@trade-service","ip":"192.168.150.101","port":8088,"weight":1.0,"healthy":true,"enabled":true,"ephemeral":true,"clusterName":"DEFAULT","serviceName":"DEFAULT_GROUP@@trade-service","metadata":{"preserved.register.source":"SPRING_CLOUD"},"ipDeleteTimeout":30000,"instanceHeartBeatInterval":5000,"instanceHeartBeatTimeOut":15000}]
20:19:54.212-[LAPTOP-L9SH1VHI][sys]-- INFO 22852 --- [ionShutdownHook] com.alibaba.nacos.client.naming          : com.alibaba.nacos.client.naming.beat.BeatReactor do shutdown stop
20:19:54.213-[LAPTOP-L9SH1VHI][sys]-- INFO 22852 --- [ionShutdownHook] com.alibaba.nacos.client.naming          : com.alibaba.nacos.client.naming.core.HostReactor do shutdown begin
20:19:55.334-[LAPTOP-L9SH1VHI][sys]-- INFO 22852 --- [ionShutdownHook] com.alibaba.nacos.client.naming          : com.alibaba.nacos.client.naming.core.PushReceiver do shutdown begin
20:19:58.336-[LAPTOP-L9SH1VHI][sys]-- INFO 22852 --- [ionShutdownHook] com.alibaba.nacos.client.naming          : com.alibaba.nacos.client.naming.core.PushReceiver do shutdown stop
20:19:58.336-[LAPTOP-L9SH1VHI][sys]-- INFO 22852 --- [ionShutdownHook] com.alibaba.nacos.client.naming          : com.alibaba.nacos.client.naming.backups.FailoverReactor do shutdown begin
20:19:58.336-[LAPTOP-L9SH1VHI][sys]-- INFO 22852 --- [ionShutdownHook] com.alibaba.nacos.client.naming          : com.alibaba.nacos.client.naming.backups.FailoverReactor do shutdown stop
20:19:58.336-[LAPTOP-L9SH1VHI][sys]-- INFO 22852 --- [ionShutdownHook] com.alibaba.nacos.client.naming          : com.alibaba.nacos.client.naming.core.HostReactor do shutdown stop
20:19:58.336-[LAPTOP-L9SH1VHI][sys]-- INFO 22852 --- [ionShutdownHook] com.alibaba.nacos.client.naming          : com.alibaba.nacos.client.naming.net.NamingProxy do shutdown begin
20:19:58.337-[LAPTOP-L9SH1VHI][sys]-- WARN 22852 --- [ionShutdownHook] com.alibaba.nacos.client.naming          : [NamingHttpClientManager] Start destroying NacosRestTemplate
20:19:58.337-[LAPTOP-L9SH1VHI][sys]-- WARN 22852 --- [ionShutdownHook] com.alibaba.nacos.client.naming          : [NamingHttpClientManager] Destruction of the end
20:19:58.337-[LAPTOP-L9SH1VHI][sys]-- INFO 22852 --- [ionShutdownHook] c.a.n.client.identify.CredentialWatcher  : [null] CredentialWatcher is stopped
20:19:58.337-[LAPTOP-L9SH1VHI][sys]-- INFO 22852 --- [ionShutdownHook] c.a.n.client.identify.CredentialService  : [null] CredentialService is freed
20:19:58.337-[LAPTOP-L9SH1VHI][sys]-- INFO 22852 --- [ionShutdownHook] com.alibaba.nacos.client.naming          : com.alibaba.nacos.client.naming.net.NamingProxy do shutdown stop
20:19:58.360-[LAPTOP-L9SH1VHI][sys]-- INFO 22852 --- [ionShutdownHook] com.zaxxer.hikari.HikariDataSource       : HikariPool-1 - Shutdown initiated...
20:19:58.380-[LAPTOP-L9SH1VHI][sys]-- INFO 22852 --- [ionShutdownHook] com.zaxxer.hikari.HikariDataSource       : HikariPool-1 - Shutdown completed.
20:19:58.384-[LAPTOP-L9SH1VHI][sys]-- INFO 22852 --- [ionShutdownHook] o.s.a.r.l.SimpleMessageListenerContainer : Shutdown ignored - container is already stopped
20:19:58.384-[LAPTOP-L9SH1VHI][sys]-- INFO 22852 --- [ionShutdownHook] o.s.a.r.l.SimpleMessageListenerContainer : Shutdown ignored - container is already stopped
20:19:58.384-[LAPTOP-L9SH1VHI][sys]-- INFO 22852 --- [ionShutdownHook] o.s.a.r.l.SimpleMessageListenerContainer : Shutdown ignored - container is already stopped
20:20:13.453-[LAPTOP-L9SH1VHI][sys]-- INFO 5416 --- [           main] com.tianji.trade.TradeApplication        : The following 1 profile is active: "local"
20:20:14.669-[LAPTOP-L9SH1VHI][sys]-- INFO 5416 --- [           main] .s.d.r.c.RepositoryConfigurationDelegate : Multiple Spring Data modules found, entering strict repository configuration mode
20:20:14.674-[LAPTOP-L9SH1VHI][sys]-- INFO 5416 --- [           main] .s.d.r.c.RepositoryConfigurationDelegate : Bootstrapping Spring Data Redis repositories in DEFAULT mode.
20:20:14.707-[LAPTOP-L9SH1VHI][sys]-- INFO 5416 --- [           main] .s.d.r.c.RepositoryConfigurationDelegate : Finished Spring Data repository scanning in 15 ms. Found 0 Redis repository interfaces.
20:20:15.185-[LAPTOP-L9SH1VHI][sys]-- INFO 5416 --- [           main] o.s.cloud.context.scope.GenericScope     : BeanFactory id=c39b1141-ae2b-39d8-9f7a-b69a90cb6bbd
20:20:15.845-[LAPTOP-L9SH1VHI][sys]-- INFO 5416 --- [           main] trationDelegate$BeanPostProcessorChecker : Bean 'org.springframework.cloud.commons.config.CommonsConfigAutoConfiguration' of type [org.springframework.cloud.commons.config.CommonsConfigAutoConfiguration] is not eligible for getting processed by all BeanPostProcessors (for example: not eligible for auto-proxying)
20:20:15.848-[LAPTOP-L9SH1VHI][sys]-- INFO 5416 --- [           main] trationDelegate$BeanPostProcessorChecker : Bean 'org.springframework.cloud.client.loadbalancer.LoadBalancerDefaultMappingsProviderAutoConfiguration' of type [org.springframework.cloud.client.loadbalancer.LoadBalancerDefaultMappingsProviderAutoConfiguration] is not eligible for getting processed by all BeanPostProcessors (for example: not eligible for auto-proxying)
20:20:15.851-[LAPTOP-L9SH1VHI][sys]-- INFO 5416 --- [           main] trationDelegate$BeanPostProcessorChecker : Bean 'loadBalancerClientsDefaultsMappingsProvider' of type [org.springframework.cloud.client.loadbalancer.LoadBalancerDefaultMappingsProviderAutoConfiguration$$Lambda$680/0x00000008015b3b80] is not eligible for getting processed by all BeanPostProcessors (for example: not eligible for auto-proxying)
20:20:15.854-[LAPTOP-L9SH1VHI][sys]-- INFO 5416 --- [           main] trationDelegate$BeanPostProcessorChecker : Bean 'defaultsBindHandlerAdvisor' of type [org.springframework.cloud.commons.config.DefaultsBindHandlerAdvisor] is not eligible for getting processed by all BeanPostProcessors (for example: not eligible for auto-proxying)
20:20:15.892-[LAPTOP-L9SH1VHI][sys]-- INFO 5416 --- [           main] trationDelegate$BeanPostProcessorChecker : Bean 'spring.cloud.sentinel-com.alibaba.cloud.sentinel.SentinelProperties' of type [com.alibaba.cloud.sentinel.SentinelProperties] is not eligible for getting processed by all BeanPostProcessors (for example: not eligible for auto-proxying)
20:20:15.897-[LAPTOP-L9SH1VHI][sys]-- INFO 5416 --- [           main] trationDelegate$BeanPostProcessorChecker : Bean 'com.alibaba.cloud.sentinel.custom.SentinelAutoConfiguration' of type [com.alibaba.cloud.sentinel.custom.SentinelAutoConfiguration] is not eligible for getting processed by all BeanPostProcessors (for example: not eligible for auto-proxying)
20:20:16.348-[LAPTOP-L9SH1VHI][sys]-- INFO 5416 --- [           main] o.s.b.w.embedded.tomcat.TomcatWebServer  : Tomcat initialized with port(s): 8088 (http)
20:20:16.364-[LAPTOP-L9SH1VHI][sys]-- INFO 5416 --- [           main] o.apache.catalina.core.StandardService   : Starting service [Tomcat]
20:20:16.364-[LAPTOP-L9SH1VHI][sys]-- INFO 5416 --- [           main] org.apache.catalina.core.StandardEngine  : Starting Servlet engine: [Apache Tomcat/9.0.65]
20:20:16.559-[LAPTOP-L9SH1VHI][sys]-- INFO 5416 --- [           main] o.a.c.c.C.[Tomcat].[localhost].[/]       : Initializing Spring embedded WebApplicationContext
20:20:16.560-[LAPTOP-L9SH1VHI][sys]-- INFO 5416 --- [           main] w.s.c.ServletWebServerApplicationContext : Root WebApplicationContext: initialization completed in 3083 ms
20:20:16.961-[LAPTOP-L9SH1VHI][sys]-- INFO 5416 --- [           main] o.s.c.openfeign.FeignClientFactoryBean   : For 'course-service' URL not provided. Will try picking an instance via load-balancing.
20:20:17.358-[LAPTOP-L9SH1VHI][sys]-- INFO 5416 --- [           main] c.t.c.a.mybatis.MybatisConfig            : 没运行
20:20:17.998-[LAPTOP-L9SH1VHI][sys]-- INFO 5416 --- [           main] o.s.c.openfeign.FeignClientFactoryBean   : For 'user-service' URL not provided. Will try picking an instance via load-balancing.
20:20:18.043-[LAPTOP-L9SH1VHI][sys]-- INFO 5416 --- [           main] o.s.c.openfeign.FeignClientFactoryBean   : For 'pay-service' URL not provided. Will try picking an instance via load-balancing.
20:20:18.107-[LAPTOP-L9SH1VHI][sys]-- INFO 5416 --- [           main] o.s.c.openfeign.FeignClientFactoryBean   : For 'auth-service' URL not provided. Will try picking an instance via load-balancing.
20:20:18.455-[LAPTOP-L9SH1VHI][sys]-- INFO 5416 --- [           main] o.s.c.openfeign.FeignClientFactoryBean   : For 'promotion-service' URL not provided. Will try picking an instance via load-balancing.
20:20:18.814-[LAPTOP-L9SH1VHI][sys]-- INFO 5416 --- [           main] c.a.c.sentinel.SentinelWebMvcConfigurer  : [Sentinel Starter] register SentinelWebInterceptor with urlPatterns: [/**].
20:20:19.375-[LAPTOP-L9SH1VHI][sys]-- INFO 5416 --- [           main] o.s.c.openfeign.FeignClientFactoryBean   : For 'course-service' URL not provided. Will try picking an instance via load-balancing.
20:20:19.435-[LAPTOP-L9SH1VHI][sys]--DEBUG 5416 --- [           main] c.t.c.a.redisson.RedissonConfig          : 尝试初始化RedissonClient
20:20:19.553-[LAPTOP-L9SH1VHI][sys]-- INFO 5416 --- [           main] org.redisson.Version                     : Redisson 3.13.6
20:20:20.372-[LAPTOP-L9SH1VHI][sys]-- INFO 5416 --- [sson-netty-2-16] o.r.c.pool.MasterPubSubConnectionPool    : 1 connections initialized for /192.168.150.101:6379
20:20:20.427-[LAPTOP-L9SH1VHI][sys]-- INFO 5416 --- [sson-netty-2-19] o.r.c.pool.MasterConnectionPool          : 24 connections initialized for /192.168.150.101:6379
20:20:20.491-[LAPTOP-L9SH1VHI][sys]-- INFO 5416 --- [           main] c.t.c.autoconfigure.xxljob.XxlJobConfig  : >>>>>>>>>>> xxl-job config init.
20:20:20.493-[LAPTOP-L9SH1VHI][sys]-- INFO 5416 --- [           main] c.t.c.autoconfigure.xxljob.XxlJobConfig  : >>>>>>>>>>> xxl-job config end.
20:20:22.502-[LAPTOP-L9SH1VHI][sys]-- INFO 5416 --- [           main] c.xxl.job.core.executor.XxlJobExecutor   : >>>>>>>>>>> xxl-job register jobhandler success, name:refundRequestJobHandler, jobHandler:com.xxl.job.core.handler.impl.MethodJobHandler@1dd36967[class com.tianji.trade.handler.RefundJobHandler#handleRefundRequest]
20:20:22.538-[LAPTOP-L9SH1VHI][sys]-- INFO 5416 --- [           main] o.s.c.openfeign.FeignClientFactoryBean   : For 'course-service' URL not provided. Will try picking an instance via load-balancing.
20:20:22.559-[LAPTOP-L9SH1VHI][sys]-- INFO 5416 --- [           main] o.s.c.openfeign.FeignClientFactoryBean   : For 'course-service' URL not provided. Will try picking an instance via load-balancing.
20:20:22.580-[LAPTOP-L9SH1VHI][sys]-- INFO 5416 --- [           main] o.s.c.openfeign.FeignClientFactoryBean   : For 'exam-service' URL not provided. Will try picking an instance via load-balancing.
20:20:22.612-[LAPTOP-L9SH1VHI][sys]-- INFO 5416 --- [           main] o.s.c.openfeign.FeignClientFactoryBean   : For 'learning-service' URL not provided. Will try picking an instance via load-balancing.
20:20:22.637-[LAPTOP-L9SH1VHI][sys]-- INFO 5416 --- [           main] o.s.c.openfeign.FeignClientFactoryBean   : For 'remark-service' URL not provided. Will try picking an instance via load-balancing.
20:20:22.654-[LAPTOP-L9SH1VHI][sys]-- INFO 5416 --- [           main] o.s.c.openfeign.FeignClientFactoryBean   : For 'search-service' URL not provided. Will try picking an instance via load-balancing.
20:20:22.677-[LAPTOP-L9SH1VHI][sys]-- INFO 5416 --- [           main] o.s.c.openfeign.FeignClientFactoryBean   : For 'trade-service' URL not provided. Will try picking an instance via load-balancing.
20:20:22.745-[LAPTOP-L9SH1VHI][sys]-- INFO 5416 --- [           main] com.xxl.job.core.util.NetUtil            : >>>>>>>>>>> xxl-job, port[9999] is in use.
20:20:22.745-[LAPTOP-L9SH1VHI][sys]-- INFO 5416 --- [           main] com.xxl.job.core.util.NetUtil            : >>>>>>>>>>> xxl-job, port[10000] is in use.
20:20:22.908-[LAPTOP-L9SH1VHI][sys]-- INFO 5416 --- [      Thread-11] com.xxl.job.core.server.EmbedServer      : >>>>>>>>>>> xxl-job remoting server start success, nettype = class com.xxl.job.core.server.EmbedServer, port = 10001
20:20:22.930-[LAPTOP-L9SH1VHI][sys]-- INFO 5416 --- [           main] com.alibaba.nacos.client.naming          : initializer namespace from System Property :null
20:20:22.930-[LAPTOP-L9SH1VHI][sys]-- INFO 5416 --- [           main] com.alibaba.nacos.client.naming          : initializer namespace from System Environment :null
20:20:22.931-[LAPTOP-L9SH1VHI][sys]-- INFO 5416 --- [           main] com.alibaba.nacos.client.naming          : initializer namespace from System Property :null
20:20:22.993-[LAPTOP-L9SH1VHI][sys]-- INFO 5416 --- [           main] com.alibaba.nacos.client.naming          : new ips(1) service: DEFAULT_GROUP@@trade-service@@DEFAULT -> [{"instanceId":"192.168.150.101#8088#DEFAULT#DEFAULT_GROUP@@trade-service","ip":"192.168.150.101","port":8088,"weight":1.0,"healthy":true,"enabled":true,"ephemeral":true,"clusterName":"DEFAULT","serviceName":"DEFAULT_GROUP@@trade-service","metadata":{"preserved.register.source":"SPRING_CLOUD"},"ipDeleteTimeout":30000,"instanceHeartBeatInterval":5000,"instanceHeartBeatTimeOut":15000}]
20:20:22.999-[LAPTOP-L9SH1VHI][sys]-- INFO 5416 --- [           main] com.alibaba.nacos.client.naming          : current ips:(1) service: DEFAULT_GROUP@@trade-service@@DEFAULT -> [{"instanceId":"192.168.150.101#8088#DEFAULT#DEFAULT_GROUP@@trade-service","ip":"192.168.150.101","port":8088,"weight":1.0,"healthy":true,"enabled":true,"ephemeral":true,"clusterName":"DEFAULT","serviceName":"DEFAULT_GROUP@@trade-service","metadata":{"preserved.register.source":"SPRING_CLOUD"},"ipDeleteTimeout":30000,"instanceHeartBeatInterval":5000,"instanceHeartBeatTimeOut":15000}]
20:20:23.023-[LAPTOP-L9SH1VHI][sys]-- INFO 5416 --- [           main] o.s.b.w.embedded.tomcat.TomcatWebServer  : Tomcat started on port(s): 8088 (http) with context path ''
20:20:23.032-[LAPTOP-L9SH1VHI][sys]-- INFO 5416 --- [           main] com.alibaba.nacos.client.naming          : [BEAT] adding beat: BeatInfo{port=8088, ip='192.168.150.1', weight=1.0, serviceName='DEFAULT_GROUP@@trade-service', cluster='DEFAULT', metadata={preserved.register.source=SPRING_CLOUD}, scheduled=false, period=5000, stopped=false} to beat map.
20:20:23.033-[LAPTOP-L9SH1VHI][sys]-- INFO 5416 --- [           main] com.alibaba.nacos.client.naming          : [REGISTER-SERVICE] f923fb34-cb0a-4c06-8fca-ad61ea61a3f0 registering service DEFAULT_GROUP@@trade-service with instance: Instance{instanceId='null', ip='192.168.150.1', port=8088, weight=1.0, healthy=true, enabled=true, ephemeral=true, clusterName='DEFAULT', serviceName='null', metadata={preserved.register.source=SPRING_CLOUD}}
20:20:23.039-[LAPTOP-L9SH1VHI][sys]-- INFO 5416 --- [           main] c.a.c.n.registry.NacosServiceRegistry    : nacos registry, DEFAULT_GROUP trade-service 192.168.150.1:8088 register finished
20:20:23.501-[LAPTOP-L9SH1VHI][sys]-- INFO 5416 --- [g.push.receiver] com.alibaba.nacos.client.naming          : received push data: {"type":"dom","data":"{\"name\":\"DEFAULT_GROUP@@trade-service\",\"clusters\":\"DEFAULT\",\"cacheMillis\":10000,\"hosts\":[{\"instanceId\":\"192.168.150.1#8088#DEFAULT#DEFAULT_GROUP@@trade-service\",\"ip\":\"192.168.150.1\",\"port\":8088,\"weight\":1.0,\"healthy\":true,\"enabled\":true,\"ephemeral\":true,\"clusterName\":\"DEFAULT\",\"serviceName\":\"DEFAULT_GROUP@@trade-service\",\"metadata\":{\"preserved.register.source\":\"SPRING_CLOUD\"},\"instanceHeartBeatTimeOut\":15000,\"ipDeleteTimeout\":30000,\"instanceHeartBeatInterval\":5000},{\"instanceId\":\"192.168.150.101#8088#DEFAULT#DEFAULT_GROUP@@trade-service\",\"ip\":\"192.168.150.101\",\"port\":8088,\"weight\":1.0,\"healthy\":true,\"enabled\":true,\"ephemeral\":true,\"clusterName\":\"DEFAULT\",\"serviceName\":\"DEFAULT_GROUP@@trade-service\",\"metadata\":{\"preserved.register.source\":\"SPRING_CLOUD\"},\"instanceHeartBeatTimeOut\":15000,\"ipDeleteTimeout\":30000,\"instanceHeartBeatInterval\":5000}],\"lastRefTime\":1728908427411,\"checksum\":\"\",\"allIPs\":false,\"reachProtectionThreshold\":false,\"valid\":true}","lastRefTime":35153426809564} from /192.168.150.101
20:20:23.503-[LAPTOP-L9SH1VHI][sys]-- INFO 5416 --- [g.push.receiver] com.alibaba.nacos.client.naming          : new ips(1) service: DEFAULT_GROUP@@trade-service@@DEFAULT -> [{"instanceId":"192.168.150.1#8088#DEFAULT#DEFAULT_GROUP@@trade-service","ip":"192.168.150.1","port":8088,"weight":1.0,"healthy":true,"enabled":true,"ephemeral":true,"clusterName":"DEFAULT","serviceName":"DEFAULT_GROUP@@trade-service","metadata":{"preserved.register.source":"SPRING_CLOUD"},"ipDeleteTimeout":30000,"instanceHeartBeatInterval":5000,"instanceHeartBeatTimeOut":15000}]
20:20:23.505-[LAPTOP-L9SH1VHI][sys]-- INFO 5416 --- [g.push.receiver] com.alibaba.nacos.client.naming          : current ips:(2) service: DEFAULT_GROUP@@trade-service@@DEFAULT -> [{"instanceId":"192.168.150.1#8088#DEFAULT#DEFAULT_GROUP@@trade-service","ip":"192.168.150.1","port":8088,"weight":1.0,"healthy":true,"enabled":true,"ephemeral":true,"clusterName":"DEFAULT","serviceName":"DEFAULT_GROUP@@trade-service","metadata":{"preserved.register.source":"SPRING_CLOUD"},"ipDeleteTimeout":30000,"instanceHeartBeatInterval":5000,"instanceHeartBeatTimeOut":15000},{"instanceId":"192.168.150.101#8088#DEFAULT#DEFAULT_GROUP@@trade-service","ip":"192.168.150.101","port":8088,"weight":1.0,"healthy":true,"enabled":true,"ephemeral":true,"clusterName":"DEFAULT","serviceName":"DEFAULT_GROUP@@trade-service","metadata":{"preserved.register.source":"SPRING_CLOUD"},"ipDeleteTimeout":30000,"instanceHeartBeatInterval":5000,"instanceHeartBeatTimeOut":15000}]
20:20:24.624-[LAPTOP-L9SH1VHI][sys]-- INFO 5416 --- [           main] o.s.a.r.c.CachingConnectionFactory       : Attempting to connect to: [192.168.150.101:5672]
20:20:24.714-[LAPTOP-L9SH1VHI][sys]-- INFO 5416 --- [           main] o.s.a.r.c.CachingConnectionFactory       : Created new connection: rabbitConnectionFactory#242c4a94:0/SimpleConnection@3c9cd930 [delegate=amqp://tjxt@192.168.150.101:5672//tjxt, localPort= 53974]
20:20:24.823-[LAPTOP-L9SH1VHI][sys]-- INFO 5416 --- [           main] com.tianji.trade.TradeApplication        : Started TradeApplication in 15.356 seconds (JVM running for 16.668)
20:20:24.828-[LAPTOP-L9SH1VHI][sys]-- INFO 5416 --- [           main] c.a.n.client.config.impl.ClientWorker    : [fixed-192.168.150.101_8848] [subscribe] trade-service+DEFAULT_GROUP
20:20:24.829-[LAPTOP-L9SH1VHI][sys]-- INFO 5416 --- [           main] c.a.nacos.client.config.impl.CacheData   : [fixed-192.168.150.101_8848] [add-listener] ok, tenant=, dataId=trade-service, group=DEFAULT_GROUP, cnt=1
20:20:24.829-[LAPTOP-L9SH1VHI][sys]-- INFO 5416 --- [           main] c.a.c.n.refresh.NacosContextRefresher    : listening config: dataId=trade-service, group=DEFAULT_GROUP
20:20:24.830-[LAPTOP-L9SH1VHI][sys]-- INFO 5416 --- [           main] c.a.n.client.config.impl.ClientWorker    : [fixed-192.168.150.101_8848] [subscribe] trade-service-local.yaml+DEFAULT_GROUP
20:20:24.830-[LAPTOP-L9SH1VHI][sys]-- INFO 5416 --- [           main] c.a.nacos.client.config.impl.CacheData   : [fixed-192.168.150.101_8848] [add-listener] ok, tenant=, dataId=trade-service-local.yaml, group=DEFAULT_GROUP, cnt=1
20:20:24.830-[LAPTOP-L9SH1VHI][sys]-- INFO 5416 --- [           main] c.a.c.n.refresh.NacosContextRefresher    : listening config: dataId=trade-service-local.yaml, group=DEFAULT_GROUP
20:20:24.832-[LAPTOP-L9SH1VHI][sys]-- INFO 5416 --- [           main] c.a.n.client.config.impl.ClientWorker    : [fixed-192.168.150.101_8848] [subscribe] trade-service.yaml+DEFAULT_GROUP
20:20:24.832-[LAPTOP-L9SH1VHI][sys]-- INFO 5416 --- [           main] c.a.nacos.client.config.impl.CacheData   : [fixed-192.168.150.101_8848] [add-listener] ok, tenant=, dataId=trade-service.yaml, group=DEFAULT_GROUP, cnt=1
20:20:24.832-[LAPTOP-L9SH1VHI][sys]-- INFO 5416 --- [           main] c.a.c.n.refresh.NacosContextRefresher    : listening config: dataId=trade-service.yaml, group=DEFAULT_GROUP
20:20:24.833-[LAPTOP-L9SH1VHI][sys]-- INFO 5416 --- [           main] com.tianji.trade.TradeApplication        : --/
---------------------------------------------------------------------------------------
	Application 'trade-service' is running! Access URLs:
	Local: 		http://localhost:8088
	External: 	http://192.168.150.1:8088
	Profile(s): 	[local]
---------------------------------------------------------------------------------------
20:20:28.383-[LAPTOP-L9SH1VHI][sys]-- INFO 5416 --- [nio-8088-exec-1] o.a.c.c.C.[Tomcat].[localhost].[/]       : Initializing Spring DispatcherServlet 'dispatcherServlet'
20:20:28.383-[LAPTOP-L9SH1VHI][sys]-- INFO 5416 --- [nio-8088-exec-1] o.s.web.servlet.DispatcherServlet        : Initializing Servlet 'dispatcherServlet'
20:20:28.388-[LAPTOP-L9SH1VHI][sys]-- INFO 5416 --- [nio-8088-exec-1] o.s.web.servlet.DispatcherServlet        : Completed initialization in 4 ms
20:20:28.621-[LAPTOP-L9SH1VHI][ffcc8d461aef4feabb983345abc7c50c]--ERROR 5416 --- [nio-8088-exec-1] c.t.c.a.m.advice.CommonExceptionAdvice   : 参数异常 -> NestedServletException，Required request parameter 'courseIds' for method parameter type List is not present
20:20:28.631-[LAPTOP-L9SH1VHI][ffcc8d461aef4feabb983345abc7c50c]--DEBUG 5416 --- [nio-8088-exec-1] c.t.c.a.m.advice.CommonExceptionAdvice   : 
org.springframework.web.bind.MissingServletRequestParameterException: Required request parameter 'courseIds' for method parameter type List is not present
	at org.springframework.web.method.annotation.RequestParamMethodArgumentResolver.handleMissingValueInternal(RequestParamMethodArgumentResolver.java:218) ~[spring-web-5.3.22.jar:5.3.22]
	at org.springframework.web.method.annotation.RequestParamMethodArgumentResolver.handleMissingValue(RequestParamMethodArgumentResolver.java:193) ~[spring-web-5.3.22.jar:5.3.22]
	at org.springframework.web.method.annotation.AbstractNamedValueMethodArgumentResolver.resolveArgument(AbstractNamedValueMethodArgumentResolver.java:114) ~[spring-web-5.3.22.jar:5.3.22]
	at org.springframework.web.method.support.HandlerMethodArgumentResolverComposite.resolveArgument(HandlerMethodArgumentResolverComposite.java:122) ~[spring-web-5.3.22.jar:5.3.22]
	at org.springframework.web.method.support.InvocableHandlerMethod.getMethodArgumentValues(InvocableHandlerMethod.java:179) ~[spring-web-5.3.22.jar:5.3.22]
	at org.springframework.web.method.support.InvocableHandlerMethod.invokeForRequest(InvocableHandlerMethod.java:146) ~[spring-web-5.3.22.jar:5.3.22]
	at org.springframework.web.servlet.mvc.method.annotation.ServletInvocableHandlerMethod.invokeAndHandle(ServletInvocableHandlerMethod.java:117) ~[spring-webmvc-5.3.22.jar:5.3.22]
	at org.springframework.web.servlet.mvc.method.annotation.RequestMappingHandlerAdapter.invokeHandlerMethod(RequestMappingHandlerAdapter.java:895) ~[spring-webmvc-5.3.22.jar:5.3.22]
	at org.springframework.web.servlet.mvc.method.annotation.RequestMappingHandlerAdapter.handleInternal(RequestMappingHandlerAdapter.java:808) ~[spring-webmvc-5.3.22.jar:5.3.22]
	at org.springframework.web.servlet.mvc.method.AbstractHandlerMethodAdapter.handle(AbstractHandlerMethodAdapter.java:87) ~[spring-webmvc-5.3.22.jar:5.3.22]
	at org.springframework.web.servlet.DispatcherServlet.doDispatch(DispatcherServlet.java:1070) ~[spring-webmvc-5.3.22.jar:5.3.22]
	at org.springframework.web.servlet.DispatcherServlet.doService(DispatcherServlet.java:963) ~[spring-webmvc-5.3.22.jar:5.3.22]
	at org.springframework.web.servlet.FrameworkServlet.processRequest(FrameworkServlet.java:1006) ~[spring-webmvc-5.3.22.jar:5.3.22]
	at org.springframework.web.servlet.FrameworkServlet.doGet(FrameworkServlet.java:898) ~[spring-webmvc-5.3.22.jar:5.3.22]
	at javax.servlet.http.HttpServlet.service(HttpServlet.java:655) ~[tomcat-embed-core-9.0.65.jar:4.0.FR]
	at org.springframework.web.servlet.FrameworkServlet.service(FrameworkServlet.java:883) ~[spring-webmvc-5.3.22.jar:5.3.22]
	at javax.servlet.http.HttpServlet.service(HttpServlet.java:764) ~[tomcat-embed-core-9.0.65.jar:4.0.FR]
	at org.apache.catalina.core.ApplicationFilterChain.internalDoFilter(ApplicationFilterChain.java:227) ~[tomcat-embed-core-9.0.65.jar:9.0.65]
	at org.apache.catalina.core.ApplicationFilterChain.doFilter(ApplicationFilterChain.java:162) ~[tomcat-embed-core-9.0.65.jar:9.0.65]
	at org.apache.tomcat.websocket.server.WsFilter.doFilter(WsFilter.java:53) ~[tomcat-embed-websocket-9.0.65.jar:9.0.65]
	at org.apache.catalina.core.ApplicationFilterChain.internalDoFilter(ApplicationFilterChain.java:189) ~[tomcat-embed-core-9.0.65.jar:9.0.65]
	at org.apache.catalina.core.ApplicationFilterChain.doFilter(ApplicationFilterChain.java:162) ~[tomcat-embed-core-9.0.65.jar:9.0.65]
	at org.springframework.web.filter.RequestContextFilter.doFilterInternal(RequestContextFilter.java:100) ~[spring-web-5.3.22.jar:5.3.22]
	at org.springframework.web.filter.OncePerRequestFilter.doFilter(OncePerRequestFilter.java:117) ~[spring-web-5.3.22.jar:5.3.22]
	at org.apache.catalina.core.ApplicationFilterChain.internalDoFilter(ApplicationFilterChain.java:189) ~[tomcat-embed-core-9.0.65.jar:9.0.65]
	at org.apache.catalina.core.ApplicationFilterChain.doFilter(ApplicationFilterChain.java:162) ~[tomcat-embed-core-9.0.65.jar:9.0.65]
	at org.springframework.web.filter.FormContentFilter.doFilterInternal(FormContentFilter.java:93) ~[spring-web-5.3.22.jar:5.3.22]
	at org.springframework.web.filter.OncePerRequestFilter.doFilter(OncePerRequestFilter.java:117) ~[spring-web-5.3.22.jar:5.3.22]
	at org.apache.catalina.core.ApplicationFilterChain.internalDoFilter(ApplicationFilterChain.java:189) ~[tomcat-embed-core-9.0.65.jar:9.0.65]
	at org.apache.catalina.core.ApplicationFilterChain.doFilter(ApplicationFilterChain.java:162) ~[tomcat-embed-core-9.0.65.jar:9.0.65]
	at org.springframework.web.filter.CharacterEncodingFilter.doFilterInternal(CharacterEncodingFilter.java:201) ~[spring-web-5.3.22.jar:5.3.22]
	at org.springframework.web.filter.OncePerRequestFilter.doFilter(OncePerRequestFilter.java:117) ~[spring-web-5.3.22.jar:5.3.22]
	at org.apache.catalina.core.ApplicationFilterChain.internalDoFilter(ApplicationFilterChain.java:189) ~[tomcat-embed-core-9.0.65.jar:9.0.65]
	at org.apache.catalina.core.ApplicationFilterChain.doFilter(ApplicationFilterChain.java:162) ~[tomcat-embed-core-9.0.65.jar:9.0.65]
	at com.tianji.common.filters.RequestIdFilter.doFilter(RequestIdFilter.java:26) ~[classes/:na]
	at org.apache.catalina.core.ApplicationFilterChain.internalDoFilter(ApplicationFilterChain.java:189) ~[tomcat-embed-core-9.0.65.jar:9.0.65]
	at org.apache.catalina.core.ApplicationFilterChain.doFilter(ApplicationFilterChain.java:162) ~[tomcat-embed-core-9.0.65.jar:9.0.65]
	at org.apache.catalina.core.StandardWrapperValve.invoke(StandardWrapperValve.java:197) ~[tomcat-embed-core-9.0.65.jar:9.0.65]
	at org.apache.catalina.core.StandardContextValve.invoke(StandardContextValve.java:97) ~[tomcat-embed-core-9.0.65.jar:9.0.65]
	at org.apache.catalina.authenticator.AuthenticatorBase.invoke(AuthenticatorBase.java:541) ~[tomcat-embed-core-9.0.65.jar:9.0.65]
	at org.apache.catalina.core.StandardHostValve.invoke(StandardHostValve.java:135) ~[tomcat-embed-core-9.0.65.jar:9.0.65]
	at org.apache.catalina.valves.ErrorReportValve.invoke(ErrorReportValve.java:92) ~[tomcat-embed-core-9.0.65.jar:9.0.65]
	at org.apache.catalina.core.StandardEngineValve.invoke(StandardEngineValve.java:78) ~[tomcat-embed-core-9.0.65.jar:9.0.65]
	at org.apache.catalina.connector.CoyoteAdapter.service(CoyoteAdapter.java:360) ~[tomcat-embed-core-9.0.65.jar:9.0.65]
	at org.apache.coyote.http11.Http11Processor.service(Http11Processor.java:399) ~[tomcat-embed-core-9.0.65.jar:9.0.65]
	at org.apache.coyote.AbstractProcessorLight.process(AbstractProcessorLight.java:65) ~[tomcat-embed-core-9.0.65.jar:9.0.65]
	at org.apache.coyote.AbstractProtocol$ConnectionHandler.process(AbstractProtocol.java:890) ~[tomcat-embed-core-9.0.65.jar:9.0.65]
	at org.apache.tomcat.util.net.NioEndpoint$SocketProcessor.doRun(NioEndpoint.java:1789) ~[tomcat-embed-core-9.0.65.jar:9.0.65]
	at org.apache.tomcat.util.net.SocketProcessorBase.run(SocketProcessorBase.java:49) ~[tomcat-embed-core-9.0.65.jar:9.0.65]
	at org.apache.tomcat.util.threads.ThreadPoolExecutor.runWorker(ThreadPoolExecutor.java:1191) ~[tomcat-embed-core-9.0.65.jar:9.0.65]
	at org.apache.tomcat.util.threads.ThreadPoolExecutor$Worker.run(ThreadPoolExecutor.java:659) ~[tomcat-embed-core-9.0.65.jar:9.0.65]
	at org.apache.tomcat.util.threads.TaskThread$WrappingRunnable.run(TaskThread.java:61) ~[tomcat-embed-core-9.0.65.jar:9.0.65]
	at java.base/java.lang.Thread.run(Thread.java:1589) ~[na:na]
20:23:26.289-[LAPTOP-L9SH1VHI][sys]-- WARN 5416 --- [       Thread-1] c.a.n.common.http.HttpClientBeanHolder   : [HttpClientBeanHolder] Start destroying common HttpClient
20:23:26.289-[LAPTOP-L9SH1VHI][sys]-- WARN 5416 --- [      Thread-18] c.a.nacos.common.notify.NotifyCenter     : [NotifyCenter] Start destroying Publisher
20:23:26.290-[LAPTOP-L9SH1VHI][sys]-- WARN 5416 --- [      Thread-18] c.a.nacos.common.notify.NotifyCenter     : [NotifyCenter] Destruction of the end
20:23:26.290-[LAPTOP-L9SH1VHI][sys]-- WARN 5416 --- [       Thread-1] c.a.n.common.http.HttpClientBeanHolder   : [HttpClientBeanHolder] Destruction of the end
20:23:26.297-[LAPTOP-L9SH1VHI][sys]-- INFO 5416 --- [ntContainer#0-2] o.s.a.r.l.SimpleMessageListenerContainer : Waiting for workers to finish.
20:23:26.299-[LAPTOP-L9SH1VHI][sys]-- INFO 5416 --- [ntContainer#1-2] o.s.a.r.l.SimpleMessageListenerContainer : Waiting for workers to finish.
20:23:26.300-[LAPTOP-L9SH1VHI][sys]-- INFO 5416 --- [ntContainer#2-2] o.s.a.r.l.SimpleMessageListenerContainer : Waiting for workers to finish.
20:23:26.937-[LAPTOP-L9SH1VHI][sys]-- INFO 5416 --- [ntContainer#1-2] o.s.a.r.l.SimpleMessageListenerContainer : Successfully waited for workers to finish.
20:23:26.942-[LAPTOP-L9SH1VHI][sys]-- INFO 5416 --- [ntContainer#0-2] o.s.a.r.l.SimpleMessageListenerContainer : Successfully waited for workers to finish.
20:23:26.953-[LAPTOP-L9SH1VHI][sys]-- INFO 5416 --- [ntContainer#2-2] o.s.a.r.l.SimpleMessageListenerContainer : Successfully waited for workers to finish.
20:23:27.076-[LAPTOP-L9SH1VHI][sys]-- INFO 5416 --- [      Thread-11] com.xxl.job.core.server.EmbedServer      : >>>>>>>>>>> xxl-job remoting server stop.
20:23:27.087-[LAPTOP-L9SH1VHI][sys]-- INFO 5416 --- [rRegistryThread] c.x.j.c.thread.ExecutorRegistryThread    : >>>>>>>>>>> xxl-job registry-remove success, registryParam:RegistryParam{registryGroup='EXECUTOR', registryKey='trade-service', registryValue='http://192.168.150.1:10001/'}, registryResult:ReturnT [code=200, msg=null, content=null]
20:23:27.087-[LAPTOP-L9SH1VHI][sys]-- INFO 5416 --- [rRegistryThread] c.x.j.c.thread.ExecutorRegistryThread    : >>>>>>>>>>> xxl-job, executor registry thread destroy.
20:23:27.087-[LAPTOP-L9SH1VHI][sys]-- INFO 5416 --- [ionShutdownHook] com.xxl.job.core.server.EmbedServer      : >>>>>>>>>>> xxl-job remoting server destroy success.
20:23:27.087-[LAPTOP-L9SH1VHI][sys]-- INFO 5416 --- [FileCleanThread] c.x.j.core.thread.JobLogFileCleanThread  : >>>>>>>>>>> xxl-job, executor JobLogFileCleanThread thread destroy.
20:23:27.088-[LAPTOP-L9SH1VHI][sys]-- INFO 5416 --- [rCallbackThread] c.x.j.core.thread.TriggerCallbackThread  : >>>>>>>>>>> xxl-job, executor callback thread destroy.
20:23:27.089-[LAPTOP-L9SH1VHI][sys]-- INFO 5416 --- [      Thread-10] c.x.j.core.thread.TriggerCallbackThread  : >>>>>>>>>>> xxl-job, executor retry callback thread destroy.
20:23:27.127-[LAPTOP-L9SH1VHI][sys]-- INFO 5416 --- [ionShutdownHook] c.a.c.n.registry.NacosServiceRegistry    : De-registering from Nacos Server now...
20:23:27.127-[LAPTOP-L9SH1VHI][sys]-- INFO 5416 --- [ionShutdownHook] com.alibaba.nacos.client.naming          : [BEAT] removing beat: DEFAULT_GROUP@@trade-service:192.168.150.1:8088 from beat map.
20:23:27.127-[LAPTOP-L9SH1VHI][sys]-- INFO 5416 --- [ionShutdownHook] com.alibaba.nacos.client.naming          : [DEREGISTER-SERVICE] f923fb34-cb0a-4c06-8fca-ad61ea61a3f0 deregistering service DEFAULT_GROUP@@trade-service with instance: Instance{instanceId='null', ip='192.168.150.1', port=8088, weight=1.0, healthy=true, enabled=true, ephemeral=true, clusterName='DEFAULT', serviceName='null', metadata={}}
20:23:27.134-[LAPTOP-L9SH1VHI][sys]-- INFO 5416 --- [ionShutdownHook] c.a.c.n.registry.NacosServiceRegistry    : De-registration finished.
20:23:27.135-[LAPTOP-L9SH1VHI][sys]-- INFO 5416 --- [ionShutdownHook] com.alibaba.nacos.client.naming          : com.alibaba.nacos.client.naming.beat.BeatReactor do shutdown begin
20:23:27.716-[LAPTOP-L9SH1VHI][sys]-- INFO 5416 --- [g.push.receiver] com.alibaba.nacos.client.naming          : received push data: {"type":"dom","data":"{\"name\":\"DEFAULT_GROUP@@trade-service\",\"clusters\":\"DEFAULT\",\"cacheMillis\":10000,\"hosts\":[{\"instanceId\":\"192.168.150.101#8088#DEFAULT#DEFAULT_GROUP@@trade-service\",\"ip\":\"192.168.150.101\",\"port\":8088,\"weight\":1.0,\"healthy\":true,\"enabled\":true,\"ephemeral\":true,\"clusterName\":\"DEFAULT\",\"serviceName\":\"DEFAULT_GROUP@@trade-service\",\"metadata\":{\"preserved.register.source\":\"SPRING_CLOUD\"},\"instanceHeartBeatTimeOut\":15000,\"ipDeleteTimeout\":30000,\"instanceHeartBeatInterval\":5000}],\"lastRefTime\":1728908611632,\"checksum\":\"\",\"allIPs\":false,\"reachProtectionThreshold\":false,\"valid\":true}","lastRefTime":35337648125740} from /192.168.150.101
20:23:27.717-[LAPTOP-L9SH1VHI][sys]-- INFO 5416 --- [g.push.receiver] com.alibaba.nacos.client.naming          : removed ips(1) service: DEFAULT_GROUP@@trade-service@@DEFAULT -> [{"instanceId":"192.168.150.1#8088#DEFAULT#DEFAULT_GROUP@@trade-service","ip":"192.168.150.1","port":8088,"weight":1.0,"healthy":true,"enabled":true,"ephemeral":true,"clusterName":"DEFAULT","serviceName":"DEFAULT_GROUP@@trade-service","metadata":{"preserved.register.source":"SPRING_CLOUD"},"ipDeleteTimeout":30000,"instanceHeartBeatInterval":5000,"instanceHeartBeatTimeOut":15000}]
20:23:27.721-[LAPTOP-L9SH1VHI][sys]-- INFO 5416 --- [g.push.receiver] com.alibaba.nacos.client.naming          : current ips:(1) service: DEFAULT_GROUP@@trade-service@@DEFAULT -> [{"instanceId":"192.168.150.101#8088#DEFAULT#DEFAULT_GROUP@@trade-service","ip":"192.168.150.101","port":8088,"weight":1.0,"healthy":true,"enabled":true,"ephemeral":true,"clusterName":"DEFAULT","serviceName":"DEFAULT_GROUP@@trade-service","metadata":{"preserved.register.source":"SPRING_CLOUD"},"ipDeleteTimeout":30000,"instanceHeartBeatInterval":5000,"instanceHeartBeatTimeOut":15000}]
20:23:28.225-[LAPTOP-L9SH1VHI][sys]-- INFO 5416 --- [ionShutdownHook] com.alibaba.nacos.client.naming          : com.alibaba.nacos.client.naming.beat.BeatReactor do shutdown stop
20:23:28.225-[LAPTOP-L9SH1VHI][sys]-- INFO 5416 --- [ionShutdownHook] com.alibaba.nacos.client.naming          : com.alibaba.nacos.client.naming.core.HostReactor do shutdown begin
20:23:31.227-[LAPTOP-L9SH1VHI][sys]-- INFO 5416 --- [ionShutdownHook] com.alibaba.nacos.client.naming          : com.alibaba.nacos.client.naming.core.PushReceiver do shutdown begin
20:23:34.231-[LAPTOP-L9SH1VHI][sys]-- INFO 5416 --- [ionShutdownHook] com.alibaba.nacos.client.naming          : com.alibaba.nacos.client.naming.core.PushReceiver do shutdown stop
20:23:34.231-[LAPTOP-L9SH1VHI][sys]-- INFO 5416 --- [ionShutdownHook] com.alibaba.nacos.client.naming          : com.alibaba.nacos.client.naming.backups.FailoverReactor do shutdown begin
20:23:34.232-[LAPTOP-L9SH1VHI][sys]-- INFO 5416 --- [ionShutdownHook] com.alibaba.nacos.client.naming          : com.alibaba.nacos.client.naming.backups.FailoverReactor do shutdown stop
20:23:34.232-[LAPTOP-L9SH1VHI][sys]-- INFO 5416 --- [ionShutdownHook] com.alibaba.nacos.client.naming          : com.alibaba.nacos.client.naming.core.HostReactor do shutdown stop
20:23:34.232-[LAPTOP-L9SH1VHI][sys]-- INFO 5416 --- [ionShutdownHook] com.alibaba.nacos.client.naming          : com.alibaba.nacos.client.naming.net.NamingProxy do shutdown begin
20:23:34.232-[LAPTOP-L9SH1VHI][sys]-- WARN 5416 --- [ionShutdownHook] com.alibaba.nacos.client.naming          : [NamingHttpClientManager] Start destroying NacosRestTemplate
20:23:34.232-[LAPTOP-L9SH1VHI][sys]-- WARN 5416 --- [ionShutdownHook] com.alibaba.nacos.client.naming          : [NamingHttpClientManager] Destruction of the end
20:23:34.232-[LAPTOP-L9SH1VHI][sys]-- INFO 5416 --- [ionShutdownHook] c.a.n.client.identify.CredentialWatcher  : [null] CredentialWatcher is stopped
20:23:34.232-[LAPTOP-L9SH1VHI][sys]-- INFO 5416 --- [ionShutdownHook] c.a.n.client.identify.CredentialService  : [null] CredentialService is freed
20:23:34.232-[LAPTOP-L9SH1VHI][sys]-- INFO 5416 --- [ionShutdownHook] com.alibaba.nacos.client.naming          : com.alibaba.nacos.client.naming.net.NamingProxy do shutdown stop
20:23:34.246-[LAPTOP-L9SH1VHI][sys]-- INFO 5416 --- [ionShutdownHook] o.s.a.r.l.SimpleMessageListenerContainer : Shutdown ignored - container is already stopped
20:23:34.247-[LAPTOP-L9SH1VHI][sys]-- INFO 5416 --- [ionShutdownHook] o.s.a.r.l.SimpleMessageListenerContainer : Shutdown ignored - container is already stopped
20:23:34.247-[LAPTOP-L9SH1VHI][sys]-- INFO 5416 --- [ionShutdownHook] o.s.a.r.l.SimpleMessageListenerContainer : Shutdown ignored - container is already stopped
20:23:44.307-[LAPTOP-L9SH1VHI][sys]-- INFO 11888 --- [           main] com.tianji.trade.TradeApplication        : The following 1 profile is active: "local"
20:23:46.142-[LAPTOP-L9SH1VHI][sys]-- INFO 11888 --- [           main] .s.d.r.c.RepositoryConfigurationDelegate : Multiple Spring Data modules found, entering strict repository configuration mode
20:23:46.147-[LAPTOP-L9SH1VHI][sys]-- INFO 11888 --- [           main] .s.d.r.c.RepositoryConfigurationDelegate : Bootstrapping Spring Data Redis repositories in DEFAULT mode.
20:23:46.196-[LAPTOP-L9SH1VHI][sys]-- INFO 11888 --- [           main] .s.d.r.c.RepositoryConfigurationDelegate : Finished Spring Data repository scanning in 27 ms. Found 0 Redis repository interfaces.
20:23:46.778-[LAPTOP-L9SH1VHI][sys]-- INFO 11888 --- [           main] o.s.cloud.context.scope.GenericScope     : BeanFactory id=c39b1141-ae2b-39d8-9f7a-b69a90cb6bbd
20:23:47.419-[LAPTOP-L9SH1VHI][sys]-- INFO 11888 --- [           main] trationDelegate$BeanPostProcessorChecker : Bean 'org.springframework.cloud.commons.config.CommonsConfigAutoConfiguration' of type [org.springframework.cloud.commons.config.CommonsConfigAutoConfiguration] is not eligible for getting processed by all BeanPostProcessors (for example: not eligible for auto-proxying)
20:23:47.423-[LAPTOP-L9SH1VHI][sys]-- INFO 11888 --- [           main] trationDelegate$BeanPostProcessorChecker : Bean 'org.springframework.cloud.client.loadbalancer.LoadBalancerDefaultMappingsProviderAutoConfiguration' of type [org.springframework.cloud.client.loadbalancer.LoadBalancerDefaultMappingsProviderAutoConfiguration] is not eligible for getting processed by all BeanPostProcessors (for example: not eligible for auto-proxying)
20:23:47.423-[LAPTOP-L9SH1VHI][sys]-- INFO 11888 --- [           main] trationDelegate$BeanPostProcessorChecker : Bean 'loadBalancerClientsDefaultsMappingsProvider' of type [org.springframework.cloud.client.loadbalancer.LoadBalancerDefaultMappingsProviderAutoConfiguration$$Lambda$680/0x00000008015b61e0] is not eligible for getting processed by all BeanPostProcessors (for example: not eligible for auto-proxying)
20:23:47.428-[LAPTOP-L9SH1VHI][sys]-- INFO 11888 --- [           main] trationDelegate$BeanPostProcessorChecker : Bean 'defaultsBindHandlerAdvisor' of type [org.springframework.cloud.commons.config.DefaultsBindHandlerAdvisor] is not eligible for getting processed by all BeanPostProcessors (for example: not eligible for auto-proxying)
20:23:47.466-[LAPTOP-L9SH1VHI][sys]-- INFO 11888 --- [           main] trationDelegate$BeanPostProcessorChecker : Bean 'spring.cloud.sentinel-com.alibaba.cloud.sentinel.SentinelProperties' of type [com.alibaba.cloud.sentinel.SentinelProperties] is not eligible for getting processed by all BeanPostProcessors (for example: not eligible for auto-proxying)
20:23:47.471-[LAPTOP-L9SH1VHI][sys]-- INFO 11888 --- [           main] trationDelegate$BeanPostProcessorChecker : Bean 'com.alibaba.cloud.sentinel.custom.SentinelAutoConfiguration' of type [com.alibaba.cloud.sentinel.custom.SentinelAutoConfiguration] is not eligible for getting processed by all BeanPostProcessors (for example: not eligible for auto-proxying)
20:23:47.891-[LAPTOP-L9SH1VHI][sys]-- INFO 11888 --- [           main] o.s.b.w.embedded.tomcat.TomcatWebServer  : Tomcat initialized with port(s): 8088 (http)
20:23:47.906-[LAPTOP-L9SH1VHI][sys]-- INFO 11888 --- [           main] o.apache.catalina.core.StandardService   : Starting service [Tomcat]
20:23:47.907-[LAPTOP-L9SH1VHI][sys]-- INFO 11888 --- [           main] org.apache.catalina.core.StandardEngine  : Starting Servlet engine: [Apache Tomcat/9.0.65]
20:23:48.110-[LAPTOP-L9SH1VHI][sys]-- INFO 11888 --- [           main] o.a.c.c.C.[Tomcat].[localhost].[/]       : Initializing Spring embedded WebApplicationContext
20:23:48.111-[LAPTOP-L9SH1VHI][sys]-- INFO 11888 --- [           main] w.s.c.ServletWebServerApplicationContext : Root WebApplicationContext: initialization completed in 3783 ms
20:23:48.475-[LAPTOP-L9SH1VHI][sys]-- INFO 11888 --- [           main] o.s.c.openfeign.FeignClientFactoryBean   : For 'course-service' URL not provided. Will try picking an instance via load-balancing.
20:23:48.839-[LAPTOP-L9SH1VHI][sys]-- INFO 11888 --- [           main] c.t.c.a.mybatis.MybatisConfig            : 没运行
20:23:49.509-[LAPTOP-L9SH1VHI][sys]-- INFO 11888 --- [           main] o.s.c.openfeign.FeignClientFactoryBean   : For 'user-service' URL not provided. Will try picking an instance via load-balancing.
20:23:49.554-[LAPTOP-L9SH1VHI][sys]-- INFO 11888 --- [           main] o.s.c.openfeign.FeignClientFactoryBean   : For 'pay-service' URL not provided. Will try picking an instance via load-balancing.
20:23:49.627-[LAPTOP-L9SH1VHI][sys]-- INFO 11888 --- [           main] o.s.c.openfeign.FeignClientFactoryBean   : For 'auth-service' URL not provided. Will try picking an instance via load-balancing.
20:23:49.990-[LAPTOP-L9SH1VHI][sys]-- INFO 11888 --- [           main] o.s.c.openfeign.FeignClientFactoryBean   : For 'promotion-service' URL not provided. Will try picking an instance via load-balancing.
20:23:50.362-[LAPTOP-L9SH1VHI][sys]-- INFO 11888 --- [           main] c.a.c.sentinel.SentinelWebMvcConfigurer  : [Sentinel Starter] register SentinelWebInterceptor with urlPatterns: [/**].
20:23:50.956-[LAPTOP-L9SH1VHI][sys]-- INFO 11888 --- [           main] o.s.c.openfeign.FeignClientFactoryBean   : For 'course-service' URL not provided. Will try picking an instance via load-balancing.
20:23:51.060-[LAPTOP-L9SH1VHI][sys]--DEBUG 11888 --- [           main] c.t.c.a.redisson.RedissonConfig          : 尝试初始化RedissonClient
20:23:51.235-[LAPTOP-L9SH1VHI][sys]-- INFO 11888 --- [           main] org.redisson.Version                     : Redisson 3.13.6
20:23:52.103-[LAPTOP-L9SH1VHI][sys]-- INFO 11888 --- [sson-netty-2-22] o.r.c.pool.MasterPubSubConnectionPool    : 1 connections initialized for /192.168.150.101:6379
20:23:52.145-[LAPTOP-L9SH1VHI][sys]-- INFO 11888 --- [sson-netty-2-16] o.r.c.pool.MasterConnectionPool          : 24 connections initialized for /192.168.150.101:6379
20:23:52.232-[LAPTOP-L9SH1VHI][sys]-- INFO 11888 --- [           main] c.t.c.autoconfigure.xxljob.XxlJobConfig  : >>>>>>>>>>> xxl-job config init.
20:23:52.234-[LAPTOP-L9SH1VHI][sys]-- INFO 11888 --- [           main] c.t.c.autoconfigure.xxljob.XxlJobConfig  : >>>>>>>>>>> xxl-job config end.
20:23:54.173-[LAPTOP-L9SH1VHI][sys]-- INFO 11888 --- [           main] c.xxl.job.core.executor.XxlJobExecutor   : >>>>>>>>>>> xxl-job register jobhandler success, name:refundRequestJobHandler, jobHandler:com.xxl.job.core.handler.impl.MethodJobHandler@11893180[class com.tianji.trade.handler.RefundJobHandler#handleRefundRequest]
20:23:54.217-[LAPTOP-L9SH1VHI][sys]-- INFO 11888 --- [           main] o.s.c.openfeign.FeignClientFactoryBean   : For 'course-service' URL not provided. Will try picking an instance via load-balancing.
20:23:54.240-[LAPTOP-L9SH1VHI][sys]-- INFO 11888 --- [           main] o.s.c.openfeign.FeignClientFactoryBean   : For 'course-service' URL not provided. Will try picking an instance via load-balancing.
20:23:54.268-[LAPTOP-L9SH1VHI][sys]-- INFO 11888 --- [           main] o.s.c.openfeign.FeignClientFactoryBean   : For 'exam-service' URL not provided. Will try picking an instance via load-balancing.
20:23:54.295-[LAPTOP-L9SH1VHI][sys]-- INFO 11888 --- [           main] o.s.c.openfeign.FeignClientFactoryBean   : For 'learning-service' URL not provided. Will try picking an instance via load-balancing.
20:23:54.315-[LAPTOP-L9SH1VHI][sys]-- INFO 11888 --- [           main] o.s.c.openfeign.FeignClientFactoryBean   : For 'remark-service' URL not provided. Will try picking an instance via load-balancing.
20:23:54.334-[LAPTOP-L9SH1VHI][sys]-- INFO 11888 --- [           main] o.s.c.openfeign.FeignClientFactoryBean   : For 'search-service' URL not provided. Will try picking an instance via load-balancing.
20:23:54.353-[LAPTOP-L9SH1VHI][sys]-- INFO 11888 --- [           main] o.s.c.openfeign.FeignClientFactoryBean   : For 'trade-service' URL not provided. Will try picking an instance via load-balancing.
20:23:54.421-[LAPTOP-L9SH1VHI][sys]-- INFO 11888 --- [           main] com.xxl.job.core.util.NetUtil            : >>>>>>>>>>> xxl-job, port[9999] is in use.
20:23:54.421-[LAPTOP-L9SH1VHI][sys]-- INFO 11888 --- [           main] com.xxl.job.core.util.NetUtil            : >>>>>>>>>>> xxl-job, port[10000] is in use.
20:23:54.591-[LAPTOP-L9SH1VHI][sys]-- INFO 11888 --- [      Thread-11] com.xxl.job.core.server.EmbedServer      : >>>>>>>>>>> xxl-job remoting server start success, nettype = class com.xxl.job.core.server.EmbedServer, port = 10001
20:23:54.619-[LAPTOP-L9SH1VHI][sys]-- INFO 11888 --- [           main] com.alibaba.nacos.client.naming          : initializer namespace from System Property :null
20:23:54.620-[LAPTOP-L9SH1VHI][sys]-- INFO 11888 --- [           main] com.alibaba.nacos.client.naming          : initializer namespace from System Environment :null
20:23:54.622-[LAPTOP-L9SH1VHI][sys]-- INFO 11888 --- [           main] com.alibaba.nacos.client.naming          : initializer namespace from System Property :null
20:23:54.689-[LAPTOP-L9SH1VHI][sys]-- INFO 11888 --- [           main] com.alibaba.nacos.client.naming          : new ips(1) service: DEFAULT_GROUP@@trade-service@@DEFAULT -> [{"instanceId":"192.168.150.101#8088#DEFAULT#DEFAULT_GROUP@@trade-service","ip":"192.168.150.101","port":8088,"weight":1.0,"healthy":true,"enabled":true,"ephemeral":true,"clusterName":"DEFAULT","serviceName":"DEFAULT_GROUP@@trade-service","metadata":{"preserved.register.source":"SPRING_CLOUD"},"ipDeleteTimeout":30000,"instanceHeartBeatTimeOut":15000,"instanceHeartBeatInterval":5000}]
20:23:54.697-[LAPTOP-L9SH1VHI][sys]-- INFO 11888 --- [           main] com.alibaba.nacos.client.naming          : current ips:(1) service: DEFAULT_GROUP@@trade-service@@DEFAULT -> [{"instanceId":"192.168.150.101#8088#DEFAULT#DEFAULT_GROUP@@trade-service","ip":"192.168.150.101","port":8088,"weight":1.0,"healthy":true,"enabled":true,"ephemeral":true,"clusterName":"DEFAULT","serviceName":"DEFAULT_GROUP@@trade-service","metadata":{"preserved.register.source":"SPRING_CLOUD"},"ipDeleteTimeout":30000,"instanceHeartBeatTimeOut":15000,"instanceHeartBeatInterval":5000}]
20:23:54.722-[LAPTOP-L9SH1VHI][sys]-- INFO 11888 --- [           main] o.s.b.w.embedded.tomcat.TomcatWebServer  : Tomcat started on port(s): 8088 (http) with context path ''
20:23:54.730-[LAPTOP-L9SH1VHI][sys]-- INFO 11888 --- [           main] com.alibaba.nacos.client.naming          : [BEAT] adding beat: BeatInfo{port=8088, ip='192.168.150.1', weight=1.0, serviceName='DEFAULT_GROUP@@trade-service', cluster='DEFAULT', metadata={preserved.register.source=SPRING_CLOUD}, scheduled=false, period=5000, stopped=false} to beat map.
20:23:54.732-[LAPTOP-L9SH1VHI][sys]-- INFO 11888 --- [           main] com.alibaba.nacos.client.naming          : [REGISTER-SERVICE] f923fb34-cb0a-4c06-8fca-ad61ea61a3f0 registering service DEFAULT_GROUP@@trade-service with instance: Instance{instanceId='null', ip='192.168.150.1', port=8088, weight=1.0, healthy=true, enabled=true, ephemeral=true, clusterName='DEFAULT', serviceName='null', metadata={preserved.register.source=SPRING_CLOUD}}
20:23:54.737-[LAPTOP-L9SH1VHI][sys]-- INFO 11888 --- [           main] c.a.c.n.registry.NacosServiceRegistry    : nacos registry, DEFAULT_GROUP trade-service 192.168.150.1:8088 register finished
20:23:55.203-[LAPTOP-L9SH1VHI][sys]-- INFO 11888 --- [g.push.receiver] com.alibaba.nacos.client.naming          : received push data: {"type":"dom","data":"{\"name\":\"DEFAULT_GROUP@@trade-service\",\"clusters\":\"DEFAULT\",\"cacheMillis\":10000,\"hosts\":[{\"instanceId\":\"192.168.150.1#8088#DEFAULT#DEFAULT_GROUP@@trade-service\",\"ip\":\"192.168.150.1\",\"port\":8088,\"weight\":1.0,\"healthy\":true,\"enabled\":true,\"ephemeral\":true,\"clusterName\":\"DEFAULT\",\"serviceName\":\"DEFAULT_GROUP@@trade-service\",\"metadata\":{\"preserved.register.source\":\"SPRING_CLOUD\"},\"instanceHeartBeatTimeOut\":15000,\"ipDeleteTimeout\":30000,\"instanceHeartBeatInterval\":5000},{\"instanceId\":\"192.168.150.101#8088#DEFAULT#DEFAULT_GROUP@@trade-service\",\"ip\":\"192.168.150.101\",\"port\":8088,\"weight\":1.0,\"healthy\":true,\"enabled\":true,\"ephemeral\":true,\"clusterName\":\"DEFAULT\",\"serviceName\":\"DEFAULT_GROUP@@trade-service\",\"metadata\":{\"preserved.register.source\":\"SPRING_CLOUD\"},\"instanceHeartBeatTimeOut\":15000,\"ipDeleteTimeout\":30000,\"instanceHeartBeatInterval\":5000}],\"lastRefTime\":1728908639108,\"checksum\":\"\",\"allIPs\":false,\"reachProtectionThreshold\":false,\"valid\":true}","lastRefTime":35365123575458} from /192.168.150.101
20:23:55.206-[LAPTOP-L9SH1VHI][sys]-- INFO 11888 --- [g.push.receiver] com.alibaba.nacos.client.naming          : new ips(1) service: DEFAULT_GROUP@@trade-service@@DEFAULT -> [{"instanceId":"192.168.150.1#8088#DEFAULT#DEFAULT_GROUP@@trade-service","ip":"192.168.150.1","port":8088,"weight":1.0,"healthy":true,"enabled":true,"ephemeral":true,"clusterName":"DEFAULT","serviceName":"DEFAULT_GROUP@@trade-service","metadata":{"preserved.register.source":"SPRING_CLOUD"},"ipDeleteTimeout":30000,"instanceHeartBeatTimeOut":15000,"instanceHeartBeatInterval":5000}]
20:23:55.208-[LAPTOP-L9SH1VHI][sys]-- INFO 11888 --- [g.push.receiver] com.alibaba.nacos.client.naming          : current ips:(2) service: DEFAULT_GROUP@@trade-service@@DEFAULT -> [{"instanceId":"192.168.150.1#8088#DEFAULT#DEFAULT_GROUP@@trade-service","ip":"192.168.150.1","port":8088,"weight":1.0,"healthy":true,"enabled":true,"ephemeral":true,"clusterName":"DEFAULT","serviceName":"DEFAULT_GROUP@@trade-service","metadata":{"preserved.register.source":"SPRING_CLOUD"},"ipDeleteTimeout":30000,"instanceHeartBeatTimeOut":15000,"instanceHeartBeatInterval":5000},{"instanceId":"192.168.150.101#8088#DEFAULT#DEFAULT_GROUP@@trade-service","ip":"192.168.150.101","port":8088,"weight":1.0,"healthy":true,"enabled":true,"ephemeral":true,"clusterName":"DEFAULT","serviceName":"DEFAULT_GROUP@@trade-service","metadata":{"preserved.register.source":"SPRING_CLOUD"},"ipDeleteTimeout":30000,"instanceHeartBeatTimeOut":15000,"instanceHeartBeatInterval":5000}]
20:23:56.357-[LAPTOP-L9SH1VHI][sys]-- INFO 11888 --- [           main] o.s.a.r.c.CachingConnectionFactory       : Attempting to connect to: [192.168.150.101:5672]
20:23:56.437-[LAPTOP-L9SH1VHI][sys]-- INFO 11888 --- [           main] o.s.a.r.c.CachingConnectionFactory       : Created new connection: rabbitConnectionFactory#2c8e096:0/SimpleConnection@54980154 [delegate=amqp://tjxt@192.168.150.101:5672//tjxt, localPort= 53253]
20:23:56.534-[LAPTOP-L9SH1VHI][sys]-- INFO 11888 --- [           main] com.tianji.trade.TradeApplication        : Started TradeApplication in 16.478 seconds (JVM running for 17.658)
20:23:56.539-[LAPTOP-L9SH1VHI][sys]-- INFO 11888 --- [           main] c.a.n.client.config.impl.ClientWorker    : [fixed-192.168.150.101_8848] [subscribe] trade-service+DEFAULT_GROUP
20:23:56.540-[LAPTOP-L9SH1VHI][sys]-- INFO 11888 --- [           main] c.a.nacos.client.config.impl.CacheData   : [fixed-192.168.150.101_8848] [add-listener] ok, tenant=, dataId=trade-service, group=DEFAULT_GROUP, cnt=1
20:23:56.541-[LAPTOP-L9SH1VHI][sys]-- INFO 11888 --- [           main] c.a.c.n.refresh.NacosContextRefresher    : listening config: dataId=trade-service, group=DEFAULT_GROUP
20:23:56.541-[LAPTOP-L9SH1VHI][sys]-- INFO 11888 --- [           main] c.a.n.client.config.impl.ClientWorker    : [fixed-192.168.150.101_8848] [subscribe] trade-service-local.yaml+DEFAULT_GROUP
20:23:56.541-[LAPTOP-L9SH1VHI][sys]-- INFO 11888 --- [           main] c.a.nacos.client.config.impl.CacheData   : [fixed-192.168.150.101_8848] [add-listener] ok, tenant=, dataId=trade-service-local.yaml, group=DEFAULT_GROUP, cnt=1
20:23:56.542-[LAPTOP-L9SH1VHI][sys]-- INFO 11888 --- [           main] c.a.c.n.refresh.NacosContextRefresher    : listening config: dataId=trade-service-local.yaml, group=DEFAULT_GROUP
20:23:56.542-[LAPTOP-L9SH1VHI][sys]-- INFO 11888 --- [           main] c.a.n.client.config.impl.ClientWorker    : [fixed-192.168.150.101_8848] [subscribe] trade-service.yaml+DEFAULT_GROUP
20:23:56.542-[LAPTOP-L9SH1VHI][sys]-- INFO 11888 --- [           main] c.a.nacos.client.config.impl.CacheData   : [fixed-192.168.150.101_8848] [add-listener] ok, tenant=, dataId=trade-service.yaml, group=DEFAULT_GROUP, cnt=1
20:23:56.543-[LAPTOP-L9SH1VHI][sys]-- INFO 11888 --- [           main] c.a.c.n.refresh.NacosContextRefresher    : listening config: dataId=trade-service.yaml, group=DEFAULT_GROUP
20:23:56.544-[LAPTOP-L9SH1VHI][sys]-- INFO 11888 --- [           main] com.tianji.trade.TradeApplication        : --/
---------------------------------------------------------------------------------------
	Application 'trade-service' is running! Access URLs:
	Local: 		http://localhost:8088
	External: 	http://192.168.150.1:8088
	Profile(s): 	[local]
---------------------------------------------------------------------------------------
20:24:04.350-[LAPTOP-L9SH1VHI][sys]-- INFO 11888 --- [nio-8088-exec-1] o.a.c.c.C.[Tomcat].[localhost].[/]       : Initializing Spring DispatcherServlet 'dispatcherServlet'
20:24:04.351-[LAPTOP-L9SH1VHI][sys]-- INFO 11888 --- [nio-8088-exec-1] o.s.web.servlet.DispatcherServlet        : Initializing Servlet 'dispatcherServlet'
20:24:04.353-[LAPTOP-L9SH1VHI][sys]-- INFO 11888 --- [nio-8088-exec-1] o.s.web.servlet.DispatcherServlet        : Completed initialization in 2 ms
20:24:04.560-[LAPTOP-L9SH1VHI][5d1388d162cf4ce6a8b5938c617f677a]--ERROR 11888 --- [nio-8088-exec-1] c.t.c.a.m.advice.CommonExceptionAdvice   : 参数异常 -> NestedServletException，Required request parameter 'courseIds' for method parameter type List is not present
20:24:04.567-[LAPTOP-L9SH1VHI][5d1388d162cf4ce6a8b5938c617f677a]--DEBUG 11888 --- [nio-8088-exec-1] c.t.c.a.m.advice.CommonExceptionAdvice   : 
org.springframework.web.bind.MissingServletRequestParameterException: Required request parameter 'courseIds' for method parameter type List is not present
	at org.springframework.web.method.annotation.RequestParamMethodArgumentResolver.handleMissingValueInternal(RequestParamMethodArgumentResolver.java:218) ~[spring-web-5.3.22.jar:5.3.22]
	at org.springframework.web.method.annotation.RequestParamMethodArgumentResolver.handleMissingValue(RequestParamMethodArgumentResolver.java:193) ~[spring-web-5.3.22.jar:5.3.22]
	at org.springframework.web.method.annotation.AbstractNamedValueMethodArgumentResolver.resolveArgument(AbstractNamedValueMethodArgumentResolver.java:114) ~[spring-web-5.3.22.jar:5.3.22]
	at org.springframework.web.method.support.HandlerMethodArgumentResolverComposite.resolveArgument(HandlerMethodArgumentResolverComposite.java:122) ~[spring-web-5.3.22.jar:5.3.22]
	at org.springframework.web.method.support.InvocableHandlerMethod.getMethodArgumentValues(InvocableHandlerMethod.java:179) ~[spring-web-5.3.22.jar:5.3.22]
	at org.springframework.web.method.support.InvocableHandlerMethod.invokeForRequest(InvocableHandlerMethod.java:146) ~[spring-web-5.3.22.jar:5.3.22]
	at org.springframework.web.servlet.mvc.method.annotation.ServletInvocableHandlerMethod.invokeAndHandle(ServletInvocableHandlerMethod.java:117) ~[spring-webmvc-5.3.22.jar:5.3.22]
	at org.springframework.web.servlet.mvc.method.annotation.RequestMappingHandlerAdapter.invokeHandlerMethod(RequestMappingHandlerAdapter.java:895) ~[spring-webmvc-5.3.22.jar:5.3.22]
	at org.springframework.web.servlet.mvc.method.annotation.RequestMappingHandlerAdapter.handleInternal(RequestMappingHandlerAdapter.java:808) ~[spring-webmvc-5.3.22.jar:5.3.22]
	at org.springframework.web.servlet.mvc.method.AbstractHandlerMethodAdapter.handle(AbstractHandlerMethodAdapter.java:87) ~[spring-webmvc-5.3.22.jar:5.3.22]
	at org.springframework.web.servlet.DispatcherServlet.doDispatch(DispatcherServlet.java:1070) ~[spring-webmvc-5.3.22.jar:5.3.22]
	at org.springframework.web.servlet.DispatcherServlet.doService(DispatcherServlet.java:963) ~[spring-webmvc-5.3.22.jar:5.3.22]
	at org.springframework.web.servlet.FrameworkServlet.processRequest(FrameworkServlet.java:1006) ~[spring-webmvc-5.3.22.jar:5.3.22]
	at org.springframework.web.servlet.FrameworkServlet.doGet(FrameworkServlet.java:898) ~[spring-webmvc-5.3.22.jar:5.3.22]
	at javax.servlet.http.HttpServlet.service(HttpServlet.java:655) ~[tomcat-embed-core-9.0.65.jar:4.0.FR]
	at org.springframework.web.servlet.FrameworkServlet.service(FrameworkServlet.java:883) ~[spring-webmvc-5.3.22.jar:5.3.22]
	at javax.servlet.http.HttpServlet.service(HttpServlet.java:764) ~[tomcat-embed-core-9.0.65.jar:4.0.FR]
	at org.apache.catalina.core.ApplicationFilterChain.internalDoFilter(ApplicationFilterChain.java:227) ~[tomcat-embed-core-9.0.65.jar:9.0.65]
	at org.apache.catalina.core.ApplicationFilterChain.doFilter(ApplicationFilterChain.java:162) ~[tomcat-embed-core-9.0.65.jar:9.0.65]
	at org.apache.tomcat.websocket.server.WsFilter.doFilter(WsFilter.java:53) ~[tomcat-embed-websocket-9.0.65.jar:9.0.65]
	at org.apache.catalina.core.ApplicationFilterChain.internalDoFilter(ApplicationFilterChain.java:189) ~[tomcat-embed-core-9.0.65.jar:9.0.65]
	at org.apache.catalina.core.ApplicationFilterChain.doFilter(ApplicationFilterChain.java:162) ~[tomcat-embed-core-9.0.65.jar:9.0.65]
	at org.springframework.web.filter.RequestContextFilter.doFilterInternal(RequestContextFilter.java:100) ~[spring-web-5.3.22.jar:5.3.22]
	at org.springframework.web.filter.OncePerRequestFilter.doFilter(OncePerRequestFilter.java:117) ~[spring-web-5.3.22.jar:5.3.22]
	at org.apache.catalina.core.ApplicationFilterChain.internalDoFilter(ApplicationFilterChain.java:189) ~[tomcat-embed-core-9.0.65.jar:9.0.65]
	at org.apache.catalina.core.ApplicationFilterChain.doFilter(ApplicationFilterChain.java:162) ~[tomcat-embed-core-9.0.65.jar:9.0.65]
	at org.springframework.web.filter.FormContentFilter.doFilterInternal(FormContentFilter.java:93) ~[spring-web-5.3.22.jar:5.3.22]
	at org.springframework.web.filter.OncePerRequestFilter.doFilter(OncePerRequestFilter.java:117) ~[spring-web-5.3.22.jar:5.3.22]
	at org.apache.catalina.core.ApplicationFilterChain.internalDoFilter(ApplicationFilterChain.java:189) ~[tomcat-embed-core-9.0.65.jar:9.0.65]
	at org.apache.catalina.core.ApplicationFilterChain.doFilter(ApplicationFilterChain.java:162) ~[tomcat-embed-core-9.0.65.jar:9.0.65]
	at org.springframework.web.filter.CharacterEncodingFilter.doFilterInternal(CharacterEncodingFilter.java:201) ~[spring-web-5.3.22.jar:5.3.22]
	at org.springframework.web.filter.OncePerRequestFilter.doFilter(OncePerRequestFilter.java:117) ~[spring-web-5.3.22.jar:5.3.22]
	at org.apache.catalina.core.ApplicationFilterChain.internalDoFilter(ApplicationFilterChain.java:189) ~[tomcat-embed-core-9.0.65.jar:9.0.65]
	at org.apache.catalina.core.ApplicationFilterChain.doFilter(ApplicationFilterChain.java:162) ~[tomcat-embed-core-9.0.65.jar:9.0.65]
	at com.tianji.common.filters.RequestIdFilter.doFilter(RequestIdFilter.java:26) ~[classes/:na]
	at org.apache.catalina.core.ApplicationFilterChain.internalDoFilter(ApplicationFilterChain.java:189) ~[tomcat-embed-core-9.0.65.jar:9.0.65]
	at org.apache.catalina.core.ApplicationFilterChain.doFilter(ApplicationFilterChain.java:162) ~[tomcat-embed-core-9.0.65.jar:9.0.65]
	at org.apache.catalina.core.StandardWrapperValve.invoke(StandardWrapperValve.java:197) ~[tomcat-embed-core-9.0.65.jar:9.0.65]
	at org.apache.catalina.core.StandardContextValve.invoke(StandardContextValve.java:97) ~[tomcat-embed-core-9.0.65.jar:9.0.65]
	at org.apache.catalina.authenticator.AuthenticatorBase.invoke(AuthenticatorBase.java:541) ~[tomcat-embed-core-9.0.65.jar:9.0.65]
	at org.apache.catalina.core.StandardHostValve.invoke(StandardHostValve.java:135) ~[tomcat-embed-core-9.0.65.jar:9.0.65]
	at org.apache.catalina.valves.ErrorReportValve.invoke(ErrorReportValve.java:92) ~[tomcat-embed-core-9.0.65.jar:9.0.65]
	at org.apache.catalina.core.StandardEngineValve.invoke(StandardEngineValve.java:78) ~[tomcat-embed-core-9.0.65.jar:9.0.65]
	at org.apache.catalina.connector.CoyoteAdapter.service(CoyoteAdapter.java:360) ~[tomcat-embed-core-9.0.65.jar:9.0.65]
	at org.apache.coyote.http11.Http11Processor.service(Http11Processor.java:399) ~[tomcat-embed-core-9.0.65.jar:9.0.65]
	at org.apache.coyote.AbstractProcessorLight.process(AbstractProcessorLight.java:65) ~[tomcat-embed-core-9.0.65.jar:9.0.65]
	at org.apache.coyote.AbstractProtocol$ConnectionHandler.process(AbstractProtocol.java:890) ~[tomcat-embed-core-9.0.65.jar:9.0.65]
	at org.apache.tomcat.util.net.NioEndpoint$SocketProcessor.doRun(NioEndpoint.java:1789) ~[tomcat-embed-core-9.0.65.jar:9.0.65]
	at org.apache.tomcat.util.net.SocketProcessorBase.run(SocketProcessorBase.java:49) ~[tomcat-embed-core-9.0.65.jar:9.0.65]
	at org.apache.tomcat.util.threads.ThreadPoolExecutor.runWorker(ThreadPoolExecutor.java:1191) ~[tomcat-embed-core-9.0.65.jar:9.0.65]
	at org.apache.tomcat.util.threads.ThreadPoolExecutor$Worker.run(ThreadPoolExecutor.java:659) ~[tomcat-embed-core-9.0.65.jar:9.0.65]
	at org.apache.tomcat.util.threads.TaskThread$WrappingRunnable.run(TaskThread.java:61) ~[tomcat-embed-core-9.0.65.jar:9.0.65]
	at java.base/java.lang.Thread.run(Thread.java:1589) ~[na:na]
20:24:05.148-[LAPTOP-L9SH1VHI][d40503ce65d0437a8ab2d8bc6eaa0b60]--ERROR 11888 --- [nio-8088-exec-2] c.t.c.a.m.advice.CommonExceptionAdvice   : 参数异常 -> NestedServletException，Required request parameter 'courseIds' for method parameter type List is not present
20:24:05.149-[LAPTOP-L9SH1VHI][d40503ce65d0437a8ab2d8bc6eaa0b60]--DEBUG 11888 --- [nio-8088-exec-2] c.t.c.a.m.advice.CommonExceptionAdvice   : 
org.springframework.web.bind.MissingServletRequestParameterException: Required request parameter 'courseIds' for method parameter type List is not present
	at org.springframework.web.method.annotation.RequestParamMethodArgumentResolver.handleMissingValueInternal(RequestParamMethodArgumentResolver.java:218) ~[spring-web-5.3.22.jar:5.3.22]
	at org.springframework.web.method.annotation.RequestParamMethodArgumentResolver.handleMissingValue(RequestParamMethodArgumentResolver.java:193) ~[spring-web-5.3.22.jar:5.3.22]
	at org.springframework.web.method.annotation.AbstractNamedValueMethodArgumentResolver.resolveArgument(AbstractNamedValueMethodArgumentResolver.java:114) ~[spring-web-5.3.22.jar:5.3.22]
	at org.springframework.web.method.support.HandlerMethodArgumentResolverComposite.resolveArgument(HandlerMethodArgumentResolverComposite.java:122) ~[spring-web-5.3.22.jar:5.3.22]
	at org.springframework.web.method.support.InvocableHandlerMethod.getMethodArgumentValues(InvocableHandlerMethod.java:179) ~[spring-web-5.3.22.jar:5.3.22]
	at org.springframework.web.method.support.InvocableHandlerMethod.invokeForRequest(InvocableHandlerMethod.java:146) ~[spring-web-5.3.22.jar:5.3.22]
	at org.springframework.web.servlet.mvc.method.annotation.ServletInvocableHandlerMethod.invokeAndHandle(ServletInvocableHandlerMethod.java:117) ~[spring-webmvc-5.3.22.jar:5.3.22]
	at org.springframework.web.servlet.mvc.method.annotation.RequestMappingHandlerAdapter.invokeHandlerMethod(RequestMappingHandlerAdapter.java:895) ~[spring-webmvc-5.3.22.jar:5.3.22]
	at org.springframework.web.servlet.mvc.method.annotation.RequestMappingHandlerAdapter.handleInternal(RequestMappingHandlerAdapter.java:808) ~[spring-webmvc-5.3.22.jar:5.3.22]
	at org.springframework.web.servlet.mvc.method.AbstractHandlerMethodAdapter.handle(AbstractHandlerMethodAdapter.java:87) ~[spring-webmvc-5.3.22.jar:5.3.22]
	at org.springframework.web.servlet.DispatcherServlet.doDispatch(DispatcherServlet.java:1070) ~[spring-webmvc-5.3.22.jar:5.3.22]
	at org.springframework.web.servlet.DispatcherServlet.doService(DispatcherServlet.java:963) ~[spring-webmvc-5.3.22.jar:5.3.22]
	at org.springframework.web.servlet.FrameworkServlet.processRequest(FrameworkServlet.java:1006) ~[spring-webmvc-5.3.22.jar:5.3.22]
	at org.springframework.web.servlet.FrameworkServlet.doGet(FrameworkServlet.java:898) ~[spring-webmvc-5.3.22.jar:5.3.22]
	at javax.servlet.http.HttpServlet.service(HttpServlet.java:655) ~[tomcat-embed-core-9.0.65.jar:4.0.FR]
	at org.springframework.web.servlet.FrameworkServlet.service(FrameworkServlet.java:883) ~[spring-webmvc-5.3.22.jar:5.3.22]
	at javax.servlet.http.HttpServlet.service(HttpServlet.java:764) ~[tomcat-embed-core-9.0.65.jar:4.0.FR]
	at org.apache.catalina.core.ApplicationFilterChain.internalDoFilter(ApplicationFilterChain.java:227) ~[tomcat-embed-core-9.0.65.jar:9.0.65]
	at org.apache.catalina.core.ApplicationFilterChain.doFilter(ApplicationFilterChain.java:162) ~[tomcat-embed-core-9.0.65.jar:9.0.65]
	at org.apache.tomcat.websocket.server.WsFilter.doFilter(WsFilter.java:53) ~[tomcat-embed-websocket-9.0.65.jar:9.0.65]
	at org.apache.catalina.core.ApplicationFilterChain.internalDoFilter(ApplicationFilterChain.java:189) ~[tomcat-embed-core-9.0.65.jar:9.0.65]
	at org.apache.catalina.core.ApplicationFilterChain.doFilter(ApplicationFilterChain.java:162) ~[tomcat-embed-core-9.0.65.jar:9.0.65]
	at org.springframework.web.filter.RequestContextFilter.doFilterInternal(RequestContextFilter.java:100) ~[spring-web-5.3.22.jar:5.3.22]
	at org.springframework.web.filter.OncePerRequestFilter.doFilter(OncePerRequestFilter.java:117) ~[spring-web-5.3.22.jar:5.3.22]
	at org.apache.catalina.core.ApplicationFilterChain.internalDoFilter(ApplicationFilterChain.java:189) ~[tomcat-embed-core-9.0.65.jar:9.0.65]
	at org.apache.catalina.core.ApplicationFilterChain.doFilter(ApplicationFilterChain.java:162) ~[tomcat-embed-core-9.0.65.jar:9.0.65]
	at org.springframework.web.filter.FormContentFilter.doFilterInternal(FormContentFilter.java:93) ~[spring-web-5.3.22.jar:5.3.22]
	at org.springframework.web.filter.OncePerRequestFilter.doFilter(OncePerRequestFilter.java:117) ~[spring-web-5.3.22.jar:5.3.22]
	at org.apache.catalina.core.ApplicationFilterChain.internalDoFilter(ApplicationFilterChain.java:189) ~[tomcat-embed-core-9.0.65.jar:9.0.65]
	at org.apache.catalina.core.ApplicationFilterChain.doFilter(ApplicationFilterChain.java:162) ~[tomcat-embed-core-9.0.65.jar:9.0.65]
	at org.springframework.web.filter.CharacterEncodingFilter.doFilterInternal(CharacterEncodingFilter.java:201) ~[spring-web-5.3.22.jar:5.3.22]
	at org.springframework.web.filter.OncePerRequestFilter.doFilter(OncePerRequestFilter.java:117) ~[spring-web-5.3.22.jar:5.3.22]
	at org.apache.catalina.core.ApplicationFilterChain.internalDoFilter(ApplicationFilterChain.java:189) ~[tomcat-embed-core-9.0.65.jar:9.0.65]
	at org.apache.catalina.core.ApplicationFilterChain.doFilter(ApplicationFilterChain.java:162) ~[tomcat-embed-core-9.0.65.jar:9.0.65]
	at com.tianji.common.filters.RequestIdFilter.doFilter(RequestIdFilter.java:26) ~[classes/:na]
	at org.apache.catalina.core.ApplicationFilterChain.internalDoFilter(ApplicationFilterChain.java:189) ~[tomcat-embed-core-9.0.65.jar:9.0.65]
	at org.apache.catalina.core.ApplicationFilterChain.doFilter(ApplicationFilterChain.java:162) ~[tomcat-embed-core-9.0.65.jar:9.0.65]
	at org.apache.catalina.core.StandardWrapperValve.invoke(StandardWrapperValve.java:197) ~[tomcat-embed-core-9.0.65.jar:9.0.65]
	at org.apache.catalina.core.StandardContextValve.invoke(StandardContextValve.java:97) ~[tomcat-embed-core-9.0.65.jar:9.0.65]
	at org.apache.catalina.authenticator.AuthenticatorBase.invoke(AuthenticatorBase.java:541) ~[tomcat-embed-core-9.0.65.jar:9.0.65]
	at org.apache.catalina.core.StandardHostValve.invoke(StandardHostValve.java:135) ~[tomcat-embed-core-9.0.65.jar:9.0.65]
	at org.apache.catalina.valves.ErrorReportValve.invoke(ErrorReportValve.java:92) ~[tomcat-embed-core-9.0.65.jar:9.0.65]
	at org.apache.catalina.core.StandardEngineValve.invoke(StandardEngineValve.java:78) ~[tomcat-embed-core-9.0.65.jar:9.0.65]
	at org.apache.catalina.connector.CoyoteAdapter.service(CoyoteAdapter.java:360) ~[tomcat-embed-core-9.0.65.jar:9.0.65]
	at org.apache.coyote.http11.Http11Processor.service(Http11Processor.java:399) ~[tomcat-embed-core-9.0.65.jar:9.0.65]
	at org.apache.coyote.AbstractProcessorLight.process(AbstractProcessorLight.java:65) ~[tomcat-embed-core-9.0.65.jar:9.0.65]
	at org.apache.coyote.AbstractProtocol$ConnectionHandler.process(AbstractProtocol.java:890) ~[tomcat-embed-core-9.0.65.jar:9.0.65]
	at org.apache.tomcat.util.net.NioEndpoint$SocketProcessor.doRun(NioEndpoint.java:1789) ~[tomcat-embed-core-9.0.65.jar:9.0.65]
	at org.apache.tomcat.util.net.SocketProcessorBase.run(SocketProcessorBase.java:49) ~[tomcat-embed-core-9.0.65.jar:9.0.65]
	at org.apache.tomcat.util.threads.ThreadPoolExecutor.runWorker(ThreadPoolExecutor.java:1191) ~[tomcat-embed-core-9.0.65.jar:9.0.65]
	at org.apache.tomcat.util.threads.ThreadPoolExecutor$Worker.run(ThreadPoolExecutor.java:659) ~[tomcat-embed-core-9.0.65.jar:9.0.65]
	at org.apache.tomcat.util.threads.TaskThread$WrappingRunnable.run(TaskThread.java:61) ~[tomcat-embed-core-9.0.65.jar:9.0.65]
	at java.base/java.lang.Thread.run(Thread.java:1589) ~[na:na]
20:24:05.655-[LAPTOP-L9SH1VHI][31f65d42953048baa4c408f7114e05e9]--ERROR 11888 --- [nio-8088-exec-3] c.t.c.a.m.advice.CommonExceptionAdvice   : 参数异常 -> NestedServletException，Required request parameter 'courseIds' for method parameter type List is not present
20:24:05.656-[LAPTOP-L9SH1VHI][31f65d42953048baa4c408f7114e05e9]--DEBUG 11888 --- [nio-8088-exec-3] c.t.c.a.m.advice.CommonExceptionAdvice   : 
org.springframework.web.bind.MissingServletRequestParameterException: Required request parameter 'courseIds' for method parameter type List is not present
	at org.springframework.web.method.annotation.RequestParamMethodArgumentResolver.handleMissingValueInternal(RequestParamMethodArgumentResolver.java:218) ~[spring-web-5.3.22.jar:5.3.22]
	at org.springframework.web.method.annotation.RequestParamMethodArgumentResolver.handleMissingValue(RequestParamMethodArgumentResolver.java:193) ~[spring-web-5.3.22.jar:5.3.22]
	at org.springframework.web.method.annotation.AbstractNamedValueMethodArgumentResolver.resolveArgument(AbstractNamedValueMethodArgumentResolver.java:114) ~[spring-web-5.3.22.jar:5.3.22]
	at org.springframework.web.method.support.HandlerMethodArgumentResolverComposite.resolveArgument(HandlerMethodArgumentResolverComposite.java:122) ~[spring-web-5.3.22.jar:5.3.22]
	at org.springframework.web.method.support.InvocableHandlerMethod.getMethodArgumentValues(InvocableHandlerMethod.java:179) ~[spring-web-5.3.22.jar:5.3.22]
	at org.springframework.web.method.support.InvocableHandlerMethod.invokeForRequest(InvocableHandlerMethod.java:146) ~[spring-web-5.3.22.jar:5.3.22]
	at org.springframework.web.servlet.mvc.method.annotation.ServletInvocableHandlerMethod.invokeAndHandle(ServletInvocableHandlerMethod.java:117) ~[spring-webmvc-5.3.22.jar:5.3.22]
	at org.springframework.web.servlet.mvc.method.annotation.RequestMappingHandlerAdapter.invokeHandlerMethod(RequestMappingHandlerAdapter.java:895) ~[spring-webmvc-5.3.22.jar:5.3.22]
	at org.springframework.web.servlet.mvc.method.annotation.RequestMappingHandlerAdapter.handleInternal(RequestMappingHandlerAdapter.java:808) ~[spring-webmvc-5.3.22.jar:5.3.22]
	at org.springframework.web.servlet.mvc.method.AbstractHandlerMethodAdapter.handle(AbstractHandlerMethodAdapter.java:87) ~[spring-webmvc-5.3.22.jar:5.3.22]
	at org.springframework.web.servlet.DispatcherServlet.doDispatch(DispatcherServlet.java:1070) ~[spring-webmvc-5.3.22.jar:5.3.22]
	at org.springframework.web.servlet.DispatcherServlet.doService(DispatcherServlet.java:963) ~[spring-webmvc-5.3.22.jar:5.3.22]
	at org.springframework.web.servlet.FrameworkServlet.processRequest(FrameworkServlet.java:1006) ~[spring-webmvc-5.3.22.jar:5.3.22]
	at org.springframework.web.servlet.FrameworkServlet.doGet(FrameworkServlet.java:898) ~[spring-webmvc-5.3.22.jar:5.3.22]
	at javax.servlet.http.HttpServlet.service(HttpServlet.java:655) ~[tomcat-embed-core-9.0.65.jar:4.0.FR]
	at org.springframework.web.servlet.FrameworkServlet.service(FrameworkServlet.java:883) ~[spring-webmvc-5.3.22.jar:5.3.22]
	at javax.servlet.http.HttpServlet.service(HttpServlet.java:764) ~[tomcat-embed-core-9.0.65.jar:4.0.FR]
	at org.apache.catalina.core.ApplicationFilterChain.internalDoFilter(ApplicationFilterChain.java:227) ~[tomcat-embed-core-9.0.65.jar:9.0.65]
	at org.apache.catalina.core.ApplicationFilterChain.doFilter(ApplicationFilterChain.java:162) ~[tomcat-embed-core-9.0.65.jar:9.0.65]
	at org.apache.tomcat.websocket.server.WsFilter.doFilter(WsFilter.java:53) ~[tomcat-embed-websocket-9.0.65.jar:9.0.65]
	at org.apache.catalina.core.ApplicationFilterChain.internalDoFilter(ApplicationFilterChain.java:189) ~[tomcat-embed-core-9.0.65.jar:9.0.65]
	at org.apache.catalina.core.ApplicationFilterChain.doFilter(ApplicationFilterChain.java:162) ~[tomcat-embed-core-9.0.65.jar:9.0.65]
	at org.springframework.web.filter.RequestContextFilter.doFilterInternal(RequestContextFilter.java:100) ~[spring-web-5.3.22.jar:5.3.22]
	at org.springframework.web.filter.OncePerRequestFilter.doFilter(OncePerRequestFilter.java:117) ~[spring-web-5.3.22.jar:5.3.22]
	at org.apache.catalina.core.ApplicationFilterChain.internalDoFilter(ApplicationFilterChain.java:189) ~[tomcat-embed-core-9.0.65.jar:9.0.65]
	at org.apache.catalina.core.ApplicationFilterChain.doFilter(ApplicationFilterChain.java:162) ~[tomcat-embed-core-9.0.65.jar:9.0.65]
	at org.springframework.web.filter.FormContentFilter.doFilterInternal(FormContentFilter.java:93) ~[spring-web-5.3.22.jar:5.3.22]
	at org.springframework.web.filter.OncePerRequestFilter.doFilter(OncePerRequestFilter.java:117) ~[spring-web-5.3.22.jar:5.3.22]
	at org.apache.catalina.core.ApplicationFilterChain.internalDoFilter(ApplicationFilterChain.java:189) ~[tomcat-embed-core-9.0.65.jar:9.0.65]
	at org.apache.catalina.core.ApplicationFilterChain.doFilter(ApplicationFilterChain.java:162) ~[tomcat-embed-core-9.0.65.jar:9.0.65]
	at org.springframework.web.filter.CharacterEncodingFilter.doFilterInternal(CharacterEncodingFilter.java:201) ~[spring-web-5.3.22.jar:5.3.22]
	at org.springframework.web.filter.OncePerRequestFilter.doFilter(OncePerRequestFilter.java:117) ~[spring-web-5.3.22.jar:5.3.22]
	at org.apache.catalina.core.ApplicationFilterChain.internalDoFilter(ApplicationFilterChain.java:189) ~[tomcat-embed-core-9.0.65.jar:9.0.65]
	at org.apache.catalina.core.ApplicationFilterChain.doFilter(ApplicationFilterChain.java:162) ~[tomcat-embed-core-9.0.65.jar:9.0.65]
	at com.tianji.common.filters.RequestIdFilter.doFilter(RequestIdFilter.java:26) ~[classes/:na]
	at org.apache.catalina.core.ApplicationFilterChain.internalDoFilter(ApplicationFilterChain.java:189) ~[tomcat-embed-core-9.0.65.jar:9.0.65]
	at org.apache.catalina.core.ApplicationFilterChain.doFilter(ApplicationFilterChain.java:162) ~[tomcat-embed-core-9.0.65.jar:9.0.65]
	at org.apache.catalina.core.StandardWrapperValve.invoke(StandardWrapperValve.java:197) ~[tomcat-embed-core-9.0.65.jar:9.0.65]
	at org.apache.catalina.core.StandardContextValve.invoke(StandardContextValve.java:97) ~[tomcat-embed-core-9.0.65.jar:9.0.65]
	at org.apache.catalina.authenticator.AuthenticatorBase.invoke(AuthenticatorBase.java:541) ~[tomcat-embed-core-9.0.65.jar:9.0.65]
	at org.apache.catalina.core.StandardHostValve.invoke(StandardHostValve.java:135) ~[tomcat-embed-core-9.0.65.jar:9.0.65]
	at org.apache.catalina.valves.ErrorReportValve.invoke(ErrorReportValve.java:92) ~[tomcat-embed-core-9.0.65.jar:9.0.65]
	at org.apache.catalina.core.StandardEngineValve.invoke(StandardEngineValve.java:78) ~[tomcat-embed-core-9.0.65.jar:9.0.65]
	at org.apache.catalina.connector.CoyoteAdapter.service(CoyoteAdapter.java:360) ~[tomcat-embed-core-9.0.65.jar:9.0.65]
	at org.apache.coyote.http11.Http11Processor.service(Http11Processor.java:399) ~[tomcat-embed-core-9.0.65.jar:9.0.65]
	at org.apache.coyote.AbstractProcessorLight.process(AbstractProcessorLight.java:65) ~[tomcat-embed-core-9.0.65.jar:9.0.65]
	at org.apache.coyote.AbstractProtocol$ConnectionHandler.process(AbstractProtocol.java:890) ~[tomcat-embed-core-9.0.65.jar:9.0.65]
	at org.apache.tomcat.util.net.NioEndpoint$SocketProcessor.doRun(NioEndpoint.java:1789) ~[tomcat-embed-core-9.0.65.jar:9.0.65]
	at org.apache.tomcat.util.net.SocketProcessorBase.run(SocketProcessorBase.java:49) ~[tomcat-embed-core-9.0.65.jar:9.0.65]
	at org.apache.tomcat.util.threads.ThreadPoolExecutor.runWorker(ThreadPoolExecutor.java:1191) ~[tomcat-embed-core-9.0.65.jar:9.0.65]
	at org.apache.tomcat.util.threads.ThreadPoolExecutor$Worker.run(ThreadPoolExecutor.java:659) ~[tomcat-embed-core-9.0.65.jar:9.0.65]
	at org.apache.tomcat.util.threads.TaskThread$WrappingRunnable.run(TaskThread.java:61) ~[tomcat-embed-core-9.0.65.jar:9.0.65]
	at java.base/java.lang.Thread.run(Thread.java:1589) ~[na:na]
20:24:06.323-[LAPTOP-L9SH1VHI][0e6c214518a748f8be2ecebf9337fa7f]--ERROR 11888 --- [nio-8088-exec-4] c.t.c.a.m.advice.CommonExceptionAdvice   : 参数异常 -> NestedServletException，Required request parameter 'courseIds' for method parameter type List is not present
20:24:06.324-[LAPTOP-L9SH1VHI][0e6c214518a748f8be2ecebf9337fa7f]--DEBUG 11888 --- [nio-8088-exec-4] c.t.c.a.m.advice.CommonExceptionAdvice   : 
org.springframework.web.bind.MissingServletRequestParameterException: Required request parameter 'courseIds' for method parameter type List is not present
	at org.springframework.web.method.annotation.RequestParamMethodArgumentResolver.handleMissingValueInternal(RequestParamMethodArgumentResolver.java:218) ~[spring-web-5.3.22.jar:5.3.22]
	at org.springframework.web.method.annotation.RequestParamMethodArgumentResolver.handleMissingValue(RequestParamMethodArgumentResolver.java:193) ~[spring-web-5.3.22.jar:5.3.22]
	at org.springframework.web.method.annotation.AbstractNamedValueMethodArgumentResolver.resolveArgument(AbstractNamedValueMethodArgumentResolver.java:114) ~[spring-web-5.3.22.jar:5.3.22]
	at org.springframework.web.method.support.HandlerMethodArgumentResolverComposite.resolveArgument(HandlerMethodArgumentResolverComposite.java:122) ~[spring-web-5.3.22.jar:5.3.22]
	at org.springframework.web.method.support.InvocableHandlerMethod.getMethodArgumentValues(InvocableHandlerMethod.java:179) ~[spring-web-5.3.22.jar:5.3.22]
	at org.springframework.web.method.support.InvocableHandlerMethod.invokeForRequest(InvocableHandlerMethod.java:146) ~[spring-web-5.3.22.jar:5.3.22]
	at org.springframework.web.servlet.mvc.method.annotation.ServletInvocableHandlerMethod.invokeAndHandle(ServletInvocableHandlerMethod.java:117) ~[spring-webmvc-5.3.22.jar:5.3.22]
	at org.springframework.web.servlet.mvc.method.annotation.RequestMappingHandlerAdapter.invokeHandlerMethod(RequestMappingHandlerAdapter.java:895) ~[spring-webmvc-5.3.22.jar:5.3.22]
	at org.springframework.web.servlet.mvc.method.annotation.RequestMappingHandlerAdapter.handleInternal(RequestMappingHandlerAdapter.java:808) ~[spring-webmvc-5.3.22.jar:5.3.22]
	at org.springframework.web.servlet.mvc.method.AbstractHandlerMethodAdapter.handle(AbstractHandlerMethodAdapter.java:87) ~[spring-webmvc-5.3.22.jar:5.3.22]
	at org.springframework.web.servlet.DispatcherServlet.doDispatch(DispatcherServlet.java:1070) ~[spring-webmvc-5.3.22.jar:5.3.22]
	at org.springframework.web.servlet.DispatcherServlet.doService(DispatcherServlet.java:963) ~[spring-webmvc-5.3.22.jar:5.3.22]
	at org.springframework.web.servlet.FrameworkServlet.processRequest(FrameworkServlet.java:1006) ~[spring-webmvc-5.3.22.jar:5.3.22]
	at org.springframework.web.servlet.FrameworkServlet.doGet(FrameworkServlet.java:898) ~[spring-webmvc-5.3.22.jar:5.3.22]
	at javax.servlet.http.HttpServlet.service(HttpServlet.java:655) ~[tomcat-embed-core-9.0.65.jar:4.0.FR]
	at org.springframework.web.servlet.FrameworkServlet.service(FrameworkServlet.java:883) ~[spring-webmvc-5.3.22.jar:5.3.22]
	at javax.servlet.http.HttpServlet.service(HttpServlet.java:764) ~[tomcat-embed-core-9.0.65.jar:4.0.FR]
	at org.apache.catalina.core.ApplicationFilterChain.internalDoFilter(ApplicationFilterChain.java:227) ~[tomcat-embed-core-9.0.65.jar:9.0.65]
	at org.apache.catalina.core.ApplicationFilterChain.doFilter(ApplicationFilterChain.java:162) ~[tomcat-embed-core-9.0.65.jar:9.0.65]
	at org.apache.tomcat.websocket.server.WsFilter.doFilter(WsFilter.java:53) ~[tomcat-embed-websocket-9.0.65.jar:9.0.65]
	at org.apache.catalina.core.ApplicationFilterChain.internalDoFilter(ApplicationFilterChain.java:189) ~[tomcat-embed-core-9.0.65.jar:9.0.65]
	at org.apache.catalina.core.ApplicationFilterChain.doFilter(ApplicationFilterChain.java:162) ~[tomcat-embed-core-9.0.65.jar:9.0.65]
	at org.springframework.web.filter.RequestContextFilter.doFilterInternal(RequestContextFilter.java:100) ~[spring-web-5.3.22.jar:5.3.22]
	at org.springframework.web.filter.OncePerRequestFilter.doFilter(OncePerRequestFilter.java:117) ~[spring-web-5.3.22.jar:5.3.22]
	at org.apache.catalina.core.ApplicationFilterChain.internalDoFilter(ApplicationFilterChain.java:189) ~[tomcat-embed-core-9.0.65.jar:9.0.65]
	at org.apache.catalina.core.ApplicationFilterChain.doFilter(ApplicationFilterChain.java:162) ~[tomcat-embed-core-9.0.65.jar:9.0.65]
	at org.springframework.web.filter.FormContentFilter.doFilterInternal(FormContentFilter.java:93) ~[spring-web-5.3.22.jar:5.3.22]
	at org.springframework.web.filter.OncePerRequestFilter.doFilter(OncePerRequestFilter.java:117) ~[spring-web-5.3.22.jar:5.3.22]
	at org.apache.catalina.core.ApplicationFilterChain.internalDoFilter(ApplicationFilterChain.java:189) ~[tomcat-embed-core-9.0.65.jar:9.0.65]
	at org.apache.catalina.core.ApplicationFilterChain.doFilter(ApplicationFilterChain.java:162) ~[tomcat-embed-core-9.0.65.jar:9.0.65]
	at org.springframework.web.filter.CharacterEncodingFilter.doFilterInternal(CharacterEncodingFilter.java:201) ~[spring-web-5.3.22.jar:5.3.22]
	at org.springframework.web.filter.OncePerRequestFilter.doFilter(OncePerRequestFilter.java:117) ~[spring-web-5.3.22.jar:5.3.22]
	at org.apache.catalina.core.ApplicationFilterChain.internalDoFilter(ApplicationFilterChain.java:189) ~[tomcat-embed-core-9.0.65.jar:9.0.65]
	at org.apache.catalina.core.ApplicationFilterChain.doFilter(ApplicationFilterChain.java:162) ~[tomcat-embed-core-9.0.65.jar:9.0.65]
	at com.tianji.common.filters.RequestIdFilter.doFilter(RequestIdFilter.java:26) ~[classes/:na]
	at org.apache.catalina.core.ApplicationFilterChain.internalDoFilter(ApplicationFilterChain.java:189) ~[tomcat-embed-core-9.0.65.jar:9.0.65]
	at org.apache.catalina.core.ApplicationFilterChain.doFilter(ApplicationFilterChain.java:162) ~[tomcat-embed-core-9.0.65.jar:9.0.65]
	at org.apache.catalina.core.StandardWrapperValve.invoke(StandardWrapperValve.java:197) ~[tomcat-embed-core-9.0.65.jar:9.0.65]
	at org.apache.catalina.core.StandardContextValve.invoke(StandardContextValve.java:97) ~[tomcat-embed-core-9.0.65.jar:9.0.65]
	at org.apache.catalina.authenticator.AuthenticatorBase.invoke(AuthenticatorBase.java:541) ~[tomcat-embed-core-9.0.65.jar:9.0.65]
	at org.apache.catalina.core.StandardHostValve.invoke(StandardHostValve.java:135) ~[tomcat-embed-core-9.0.65.jar:9.0.65]
	at org.apache.catalina.valves.ErrorReportValve.invoke(ErrorReportValve.java:92) ~[tomcat-embed-core-9.0.65.jar:9.0.65]
	at org.apache.catalina.core.StandardEngineValve.invoke(StandardEngineValve.java:78) ~[tomcat-embed-core-9.0.65.jar:9.0.65]
	at org.apache.catalina.connector.CoyoteAdapter.service(CoyoteAdapter.java:360) ~[tomcat-embed-core-9.0.65.jar:9.0.65]
	at org.apache.coyote.http11.Http11Processor.service(Http11Processor.java:399) ~[tomcat-embed-core-9.0.65.jar:9.0.65]
	at org.apache.coyote.AbstractProcessorLight.process(AbstractProcessorLight.java:65) ~[tomcat-embed-core-9.0.65.jar:9.0.65]
	at org.apache.coyote.AbstractProtocol$ConnectionHandler.process(AbstractProtocol.java:890) ~[tomcat-embed-core-9.0.65.jar:9.0.65]
	at org.apache.tomcat.util.net.NioEndpoint$SocketProcessor.doRun(NioEndpoint.java:1789) ~[tomcat-embed-core-9.0.65.jar:9.0.65]
	at org.apache.tomcat.util.net.SocketProcessorBase.run(SocketProcessorBase.java:49) ~[tomcat-embed-core-9.0.65.jar:9.0.65]
	at org.apache.tomcat.util.threads.ThreadPoolExecutor.runWorker(ThreadPoolExecutor.java:1191) ~[tomcat-embed-core-9.0.65.jar:9.0.65]
	at org.apache.tomcat.util.threads.ThreadPoolExecutor$Worker.run(ThreadPoolExecutor.java:659) ~[tomcat-embed-core-9.0.65.jar:9.0.65]
	at org.apache.tomcat.util.threads.TaskThread$WrappingRunnable.run(TaskThread.java:61) ~[tomcat-embed-core-9.0.65.jar:9.0.65]
	at java.base/java.lang.Thread.run(Thread.java:1589) ~[na:na]
20:24:07.484-[LAPTOP-L9SH1VHI][5e161ca5b479414989a76e5c7af0323a]--ERROR 11888 --- [nio-8088-exec-5] c.t.c.a.m.advice.CommonExceptionAdvice   : 参数异常 -> NestedServletException，Required request parameter 'courseIds' for method parameter type List is not present
20:24:07.485-[LAPTOP-L9SH1VHI][5e161ca5b479414989a76e5c7af0323a]--DEBUG 11888 --- [nio-8088-exec-5] c.t.c.a.m.advice.CommonExceptionAdvice   : 
org.springframework.web.bind.MissingServletRequestParameterException: Required request parameter 'courseIds' for method parameter type List is not present
	at org.springframework.web.method.annotation.RequestParamMethodArgumentResolver.handleMissingValueInternal(RequestParamMethodArgumentResolver.java:218) ~[spring-web-5.3.22.jar:5.3.22]
	at org.springframework.web.method.annotation.RequestParamMethodArgumentResolver.handleMissingValue(RequestParamMethodArgumentResolver.java:193) ~[spring-web-5.3.22.jar:5.3.22]
	at org.springframework.web.method.annotation.AbstractNamedValueMethodArgumentResolver.resolveArgument(AbstractNamedValueMethodArgumentResolver.java:114) ~[spring-web-5.3.22.jar:5.3.22]
	at org.springframework.web.method.support.HandlerMethodArgumentResolverComposite.resolveArgument(HandlerMethodArgumentResolverComposite.java:122) ~[spring-web-5.3.22.jar:5.3.22]
	at org.springframework.web.method.support.InvocableHandlerMethod.getMethodArgumentValues(InvocableHandlerMethod.java:179) ~[spring-web-5.3.22.jar:5.3.22]
	at org.springframework.web.method.support.InvocableHandlerMethod.invokeForRequest(InvocableHandlerMethod.java:146) ~[spring-web-5.3.22.jar:5.3.22]
	at org.springframework.web.servlet.mvc.method.annotation.ServletInvocableHandlerMethod.invokeAndHandle(ServletInvocableHandlerMethod.java:117) ~[spring-webmvc-5.3.22.jar:5.3.22]
	at org.springframework.web.servlet.mvc.method.annotation.RequestMappingHandlerAdapter.invokeHandlerMethod(RequestMappingHandlerAdapter.java:895) ~[spring-webmvc-5.3.22.jar:5.3.22]
	at org.springframework.web.servlet.mvc.method.annotation.RequestMappingHandlerAdapter.handleInternal(RequestMappingHandlerAdapter.java:808) ~[spring-webmvc-5.3.22.jar:5.3.22]
	at org.springframework.web.servlet.mvc.method.AbstractHandlerMethodAdapter.handle(AbstractHandlerMethodAdapter.java:87) ~[spring-webmvc-5.3.22.jar:5.3.22]
	at org.springframework.web.servlet.DispatcherServlet.doDispatch(DispatcherServlet.java:1070) ~[spring-webmvc-5.3.22.jar:5.3.22]
	at org.springframework.web.servlet.DispatcherServlet.doService(DispatcherServlet.java:963) ~[spring-webmvc-5.3.22.jar:5.3.22]
	at org.springframework.web.servlet.FrameworkServlet.processRequest(FrameworkServlet.java:1006) ~[spring-webmvc-5.3.22.jar:5.3.22]
	at org.springframework.web.servlet.FrameworkServlet.doGet(FrameworkServlet.java:898) ~[spring-webmvc-5.3.22.jar:5.3.22]
	at javax.servlet.http.HttpServlet.service(HttpServlet.java:655) ~[tomcat-embed-core-9.0.65.jar:4.0.FR]
	at org.springframework.web.servlet.FrameworkServlet.service(FrameworkServlet.java:883) ~[spring-webmvc-5.3.22.jar:5.3.22]
	at javax.servlet.http.HttpServlet.service(HttpServlet.java:764) ~[tomcat-embed-core-9.0.65.jar:4.0.FR]
	at org.apache.catalina.core.ApplicationFilterChain.internalDoFilter(ApplicationFilterChain.java:227) ~[tomcat-embed-core-9.0.65.jar:9.0.65]
	at org.apache.catalina.core.ApplicationFilterChain.doFilter(ApplicationFilterChain.java:162) ~[tomcat-embed-core-9.0.65.jar:9.0.65]
	at org.apache.tomcat.websocket.server.WsFilter.doFilter(WsFilter.java:53) ~[tomcat-embed-websocket-9.0.65.jar:9.0.65]
	at org.apache.catalina.core.ApplicationFilterChain.internalDoFilter(ApplicationFilterChain.java:189) ~[tomcat-embed-core-9.0.65.jar:9.0.65]
	at org.apache.catalina.core.ApplicationFilterChain.doFilter(ApplicationFilterChain.java:162) ~[tomcat-embed-core-9.0.65.jar:9.0.65]
	at org.springframework.web.filter.RequestContextFilter.doFilterInternal(RequestContextFilter.java:100) ~[spring-web-5.3.22.jar:5.3.22]
	at org.springframework.web.filter.OncePerRequestFilter.doFilter(OncePerRequestFilter.java:117) ~[spring-web-5.3.22.jar:5.3.22]
	at org.apache.catalina.core.ApplicationFilterChain.internalDoFilter(ApplicationFilterChain.java:189) ~[tomcat-embed-core-9.0.65.jar:9.0.65]
	at org.apache.catalina.core.ApplicationFilterChain.doFilter(ApplicationFilterChain.java:162) ~[tomcat-embed-core-9.0.65.jar:9.0.65]
	at org.springframework.web.filter.FormContentFilter.doFilterInternal(FormContentFilter.java:93) ~[spring-web-5.3.22.jar:5.3.22]
	at org.springframework.web.filter.OncePerRequestFilter.doFilter(OncePerRequestFilter.java:117) ~[spring-web-5.3.22.jar:5.3.22]
	at org.apache.catalina.core.ApplicationFilterChain.internalDoFilter(ApplicationFilterChain.java:189) ~[tomcat-embed-core-9.0.65.jar:9.0.65]
	at org.apache.catalina.core.ApplicationFilterChain.doFilter(ApplicationFilterChain.java:162) ~[tomcat-embed-core-9.0.65.jar:9.0.65]
	at org.springframework.web.filter.CharacterEncodingFilter.doFilterInternal(CharacterEncodingFilter.java:201) ~[spring-web-5.3.22.jar:5.3.22]
	at org.springframework.web.filter.OncePerRequestFilter.doFilter(OncePerRequestFilter.java:117) ~[spring-web-5.3.22.jar:5.3.22]
	at org.apache.catalina.core.ApplicationFilterChain.internalDoFilter(ApplicationFilterChain.java:189) ~[tomcat-embed-core-9.0.65.jar:9.0.65]
	at org.apache.catalina.core.ApplicationFilterChain.doFilter(ApplicationFilterChain.java:162) ~[tomcat-embed-core-9.0.65.jar:9.0.65]
	at com.tianji.common.filters.RequestIdFilter.doFilter(RequestIdFilter.java:26) ~[classes/:na]
	at org.apache.catalina.core.ApplicationFilterChain.internalDoFilter(ApplicationFilterChain.java:189) ~[tomcat-embed-core-9.0.65.jar:9.0.65]
	at org.apache.catalina.core.ApplicationFilterChain.doFilter(ApplicationFilterChain.java:162) ~[tomcat-embed-core-9.0.65.jar:9.0.65]
	at org.apache.catalina.core.StandardWrapperValve.invoke(StandardWrapperValve.java:197) ~[tomcat-embed-core-9.0.65.jar:9.0.65]
	at org.apache.catalina.core.StandardContextValve.invoke(StandardContextValve.java:97) ~[tomcat-embed-core-9.0.65.jar:9.0.65]
	at org.apache.catalina.authenticator.AuthenticatorBase.invoke(AuthenticatorBase.java:541) ~[tomcat-embed-core-9.0.65.jar:9.0.65]
	at org.apache.catalina.core.StandardHostValve.invoke(StandardHostValve.java:135) ~[tomcat-embed-core-9.0.65.jar:9.0.65]
	at org.apache.catalina.valves.ErrorReportValve.invoke(ErrorReportValve.java:92) ~[tomcat-embed-core-9.0.65.jar:9.0.65]
	at org.apache.catalina.core.StandardEngineValve.invoke(StandardEngineValve.java:78) ~[tomcat-embed-core-9.0.65.jar:9.0.65]
	at org.apache.catalina.connector.CoyoteAdapter.service(CoyoteAdapter.java:360) ~[tomcat-embed-core-9.0.65.jar:9.0.65]
	at org.apache.coyote.http11.Http11Processor.service(Http11Processor.java:399) ~[tomcat-embed-core-9.0.65.jar:9.0.65]
	at org.apache.coyote.AbstractProcessorLight.process(AbstractProcessorLight.java:65) ~[tomcat-embed-core-9.0.65.jar:9.0.65]
	at org.apache.coyote.AbstractProtocol$ConnectionHandler.process(AbstractProtocol.java:890) ~[tomcat-embed-core-9.0.65.jar:9.0.65]
	at org.apache.tomcat.util.net.NioEndpoint$SocketProcessor.doRun(NioEndpoint.java:1789) ~[tomcat-embed-core-9.0.65.jar:9.0.65]
	at org.apache.tomcat.util.net.SocketProcessorBase.run(SocketProcessorBase.java:49) ~[tomcat-embed-core-9.0.65.jar:9.0.65]
	at org.apache.tomcat.util.threads.ThreadPoolExecutor.runWorker(ThreadPoolExecutor.java:1191) ~[tomcat-embed-core-9.0.65.jar:9.0.65]
	at org.apache.tomcat.util.threads.ThreadPoolExecutor$Worker.run(ThreadPoolExecutor.java:659) ~[tomcat-embed-core-9.0.65.jar:9.0.65]
	at org.apache.tomcat.util.threads.TaskThread$WrappingRunnable.run(TaskThread.java:61) ~[tomcat-embed-core-9.0.65.jar:9.0.65]
	at java.base/java.lang.Thread.run(Thread.java:1589) ~[na:na]
20:24:13.249-[LAPTOP-L9SH1VHI][66843098aaf34629a270cd8432a7f63c]--ERROR 11888 --- [nio-8088-exec-6] c.t.c.a.m.advice.CommonExceptionAdvice   : 参数异常 -> NestedServletException，Required request parameter 'courseIds' for method parameter type List is not present
20:24:13.251-[LAPTOP-L9SH1VHI][66843098aaf34629a270cd8432a7f63c]--DEBUG 11888 --- [nio-8088-exec-6] c.t.c.a.m.advice.CommonExceptionAdvice   : 
org.springframework.web.bind.MissingServletRequestParameterException: Required request parameter 'courseIds' for method parameter type List is not present
	at org.springframework.web.method.annotation.RequestParamMethodArgumentResolver.handleMissingValueInternal(RequestParamMethodArgumentResolver.java:218) ~[spring-web-5.3.22.jar:5.3.22]
	at org.springframework.web.method.annotation.RequestParamMethodArgumentResolver.handleMissingValue(RequestParamMethodArgumentResolver.java:193) ~[spring-web-5.3.22.jar:5.3.22]
	at org.springframework.web.method.annotation.AbstractNamedValueMethodArgumentResolver.resolveArgument(AbstractNamedValueMethodArgumentResolver.java:114) ~[spring-web-5.3.22.jar:5.3.22]
	at org.springframework.web.method.support.HandlerMethodArgumentResolverComposite.resolveArgument(HandlerMethodArgumentResolverComposite.java:122) ~[spring-web-5.3.22.jar:5.3.22]
	at org.springframework.web.method.support.InvocableHandlerMethod.getMethodArgumentValues(InvocableHandlerMethod.java:179) ~[spring-web-5.3.22.jar:5.3.22]
	at org.springframework.web.method.support.InvocableHandlerMethod.invokeForRequest(InvocableHandlerMethod.java:146) ~[spring-web-5.3.22.jar:5.3.22]
	at org.springframework.web.servlet.mvc.method.annotation.ServletInvocableHandlerMethod.invokeAndHandle(ServletInvocableHandlerMethod.java:117) ~[spring-webmvc-5.3.22.jar:5.3.22]
	at org.springframework.web.servlet.mvc.method.annotation.RequestMappingHandlerAdapter.invokeHandlerMethod(RequestMappingHandlerAdapter.java:895) ~[spring-webmvc-5.3.22.jar:5.3.22]
	at org.springframework.web.servlet.mvc.method.annotation.RequestMappingHandlerAdapter.handleInternal(RequestMappingHandlerAdapter.java:808) ~[spring-webmvc-5.3.22.jar:5.3.22]
	at org.springframework.web.servlet.mvc.method.AbstractHandlerMethodAdapter.handle(AbstractHandlerMethodAdapter.java:87) ~[spring-webmvc-5.3.22.jar:5.3.22]
	at org.springframework.web.servlet.DispatcherServlet.doDispatch(DispatcherServlet.java:1070) ~[spring-webmvc-5.3.22.jar:5.3.22]
	at org.springframework.web.servlet.DispatcherServlet.doService(DispatcherServlet.java:963) ~[spring-webmvc-5.3.22.jar:5.3.22]
	at org.springframework.web.servlet.FrameworkServlet.processRequest(FrameworkServlet.java:1006) ~[spring-webmvc-5.3.22.jar:5.3.22]
	at org.springframework.web.servlet.FrameworkServlet.doGet(FrameworkServlet.java:898) ~[spring-webmvc-5.3.22.jar:5.3.22]
	at javax.servlet.http.HttpServlet.service(HttpServlet.java:655) ~[tomcat-embed-core-9.0.65.jar:4.0.FR]
	at org.springframework.web.servlet.FrameworkServlet.service(FrameworkServlet.java:883) ~[spring-webmvc-5.3.22.jar:5.3.22]
	at javax.servlet.http.HttpServlet.service(HttpServlet.java:764) ~[tomcat-embed-core-9.0.65.jar:4.0.FR]
	at org.apache.catalina.core.ApplicationFilterChain.internalDoFilter(ApplicationFilterChain.java:227) ~[tomcat-embed-core-9.0.65.jar:9.0.65]
	at org.apache.catalina.core.ApplicationFilterChain.doFilter(ApplicationFilterChain.java:162) ~[tomcat-embed-core-9.0.65.jar:9.0.65]
	at org.apache.tomcat.websocket.server.WsFilter.doFilter(WsFilter.java:53) ~[tomcat-embed-websocket-9.0.65.jar:9.0.65]
	at org.apache.catalina.core.ApplicationFilterChain.internalDoFilter(ApplicationFilterChain.java:189) ~[tomcat-embed-core-9.0.65.jar:9.0.65]
	at org.apache.catalina.core.ApplicationFilterChain.doFilter(ApplicationFilterChain.java:162) ~[tomcat-embed-core-9.0.65.jar:9.0.65]
	at org.springframework.web.filter.RequestContextFilter.doFilterInternal(RequestContextFilter.java:100) ~[spring-web-5.3.22.jar:5.3.22]
	at org.springframework.web.filter.OncePerRequestFilter.doFilter(OncePerRequestFilter.java:117) ~[spring-web-5.3.22.jar:5.3.22]
	at org.apache.catalina.core.ApplicationFilterChain.internalDoFilter(ApplicationFilterChain.java:189) ~[tomcat-embed-core-9.0.65.jar:9.0.65]
	at org.apache.catalina.core.ApplicationFilterChain.doFilter(ApplicationFilterChain.java:162) ~[tomcat-embed-core-9.0.65.jar:9.0.65]
	at org.springframework.web.filter.FormContentFilter.doFilterInternal(FormContentFilter.java:93) ~[spring-web-5.3.22.jar:5.3.22]
	at org.springframework.web.filter.OncePerRequestFilter.doFilter(OncePerRequestFilter.java:117) ~[spring-web-5.3.22.jar:5.3.22]
	at org.apache.catalina.core.ApplicationFilterChain.internalDoFilter(ApplicationFilterChain.java:189) ~[tomcat-embed-core-9.0.65.jar:9.0.65]
	at org.apache.catalina.core.ApplicationFilterChain.doFilter(ApplicationFilterChain.java:162) ~[tomcat-embed-core-9.0.65.jar:9.0.65]
	at org.springframework.web.filter.CharacterEncodingFilter.doFilterInternal(CharacterEncodingFilter.java:201) ~[spring-web-5.3.22.jar:5.3.22]
	at org.springframework.web.filter.OncePerRequestFilter.doFilter(OncePerRequestFilter.java:117) ~[spring-web-5.3.22.jar:5.3.22]
	at org.apache.catalina.core.ApplicationFilterChain.internalDoFilter(ApplicationFilterChain.java:189) ~[tomcat-embed-core-9.0.65.jar:9.0.65]
	at org.apache.catalina.core.ApplicationFilterChain.doFilter(ApplicationFilterChain.java:162) ~[tomcat-embed-core-9.0.65.jar:9.0.65]
	at com.tianji.common.filters.RequestIdFilter.doFilter(RequestIdFilter.java:26) ~[classes/:na]
	at org.apache.catalina.core.ApplicationFilterChain.internalDoFilter(ApplicationFilterChain.java:189) ~[tomcat-embed-core-9.0.65.jar:9.0.65]
	at org.apache.catalina.core.ApplicationFilterChain.doFilter(ApplicationFilterChain.java:162) ~[tomcat-embed-core-9.0.65.jar:9.0.65]
	at org.apache.catalina.core.StandardWrapperValve.invoke(StandardWrapperValve.java:197) ~[tomcat-embed-core-9.0.65.jar:9.0.65]
	at org.apache.catalina.core.StandardContextValve.invoke(StandardContextValve.java:97) ~[tomcat-embed-core-9.0.65.jar:9.0.65]
	at org.apache.catalina.authenticator.AuthenticatorBase.invoke(AuthenticatorBase.java:541) ~[tomcat-embed-core-9.0.65.jar:9.0.65]
	at org.apache.catalina.core.StandardHostValve.invoke(StandardHostValve.java:135) ~[tomcat-embed-core-9.0.65.jar:9.0.65]
	at org.apache.catalina.valves.ErrorReportValve.invoke(ErrorReportValve.java:92) ~[tomcat-embed-core-9.0.65.jar:9.0.65]
	at org.apache.catalina.core.StandardEngineValve.invoke(StandardEngineValve.java:78) ~[tomcat-embed-core-9.0.65.jar:9.0.65]
	at org.apache.catalina.connector.CoyoteAdapter.service(CoyoteAdapter.java:360) ~[tomcat-embed-core-9.0.65.jar:9.0.65]
	at org.apache.coyote.http11.Http11Processor.service(Http11Processor.java:399) ~[tomcat-embed-core-9.0.65.jar:9.0.65]
	at org.apache.coyote.AbstractProcessorLight.process(AbstractProcessorLight.java:65) ~[tomcat-embed-core-9.0.65.jar:9.0.65]
	at org.apache.coyote.AbstractProtocol$ConnectionHandler.process(AbstractProtocol.java:890) ~[tomcat-embed-core-9.0.65.jar:9.0.65]
	at org.apache.tomcat.util.net.NioEndpoint$SocketProcessor.doRun(NioEndpoint.java:1789) ~[tomcat-embed-core-9.0.65.jar:9.0.65]
	at org.apache.tomcat.util.net.SocketProcessorBase.run(SocketProcessorBase.java:49) ~[tomcat-embed-core-9.0.65.jar:9.0.65]
	at org.apache.tomcat.util.threads.ThreadPoolExecutor.runWorker(ThreadPoolExecutor.java:1191) ~[tomcat-embed-core-9.0.65.jar:9.0.65]
	at org.apache.tomcat.util.threads.ThreadPoolExecutor$Worker.run(ThreadPoolExecutor.java:659) ~[tomcat-embed-core-9.0.65.jar:9.0.65]
	at org.apache.tomcat.util.threads.TaskThread$WrappingRunnable.run(TaskThread.java:61) ~[tomcat-embed-core-9.0.65.jar:9.0.65]
	at java.base/java.lang.Thread.run(Thread.java:1589) ~[na:na]
20:24:14.169-[LAPTOP-L9SH1VHI][83de78f76d814919b38a59330e048b6e]--ERROR 11888 --- [nio-8088-exec-7] c.t.c.a.m.advice.CommonExceptionAdvice   : 参数异常 -> NestedServletException，Required request parameter 'courseIds' for method parameter type List is not present
20:24:14.170-[LAPTOP-L9SH1VHI][83de78f76d814919b38a59330e048b6e]--DEBUG 11888 --- [nio-8088-exec-7] c.t.c.a.m.advice.CommonExceptionAdvice   : 
org.springframework.web.bind.MissingServletRequestParameterException: Required request parameter 'courseIds' for method parameter type List is not present
	at org.springframework.web.method.annotation.RequestParamMethodArgumentResolver.handleMissingValueInternal(RequestParamMethodArgumentResolver.java:218) ~[spring-web-5.3.22.jar:5.3.22]
	at org.springframework.web.method.annotation.RequestParamMethodArgumentResolver.handleMissingValue(RequestParamMethodArgumentResolver.java:193) ~[spring-web-5.3.22.jar:5.3.22]
	at org.springframework.web.method.annotation.AbstractNamedValueMethodArgumentResolver.resolveArgument(AbstractNamedValueMethodArgumentResolver.java:114) ~[spring-web-5.3.22.jar:5.3.22]
	at org.springframework.web.method.support.HandlerMethodArgumentResolverComposite.resolveArgument(HandlerMethodArgumentResolverComposite.java:122) ~[spring-web-5.3.22.jar:5.3.22]
	at org.springframework.web.method.support.InvocableHandlerMethod.getMethodArgumentValues(InvocableHandlerMethod.java:179) ~[spring-web-5.3.22.jar:5.3.22]
	at org.springframework.web.method.support.InvocableHandlerMethod.invokeForRequest(InvocableHandlerMethod.java:146) ~[spring-web-5.3.22.jar:5.3.22]
	at org.springframework.web.servlet.mvc.method.annotation.ServletInvocableHandlerMethod.invokeAndHandle(ServletInvocableHandlerMethod.java:117) ~[spring-webmvc-5.3.22.jar:5.3.22]
	at org.springframework.web.servlet.mvc.method.annotation.RequestMappingHandlerAdapter.invokeHandlerMethod(RequestMappingHandlerAdapter.java:895) ~[spring-webmvc-5.3.22.jar:5.3.22]
	at org.springframework.web.servlet.mvc.method.annotation.RequestMappingHandlerAdapter.handleInternal(RequestMappingHandlerAdapter.java:808) ~[spring-webmvc-5.3.22.jar:5.3.22]
	at org.springframework.web.servlet.mvc.method.AbstractHandlerMethodAdapter.handle(AbstractHandlerMethodAdapter.java:87) ~[spring-webmvc-5.3.22.jar:5.3.22]
	at org.springframework.web.servlet.DispatcherServlet.doDispatch(DispatcherServlet.java:1070) ~[spring-webmvc-5.3.22.jar:5.3.22]
	at org.springframework.web.servlet.DispatcherServlet.doService(DispatcherServlet.java:963) ~[spring-webmvc-5.3.22.jar:5.3.22]
	at org.springframework.web.servlet.FrameworkServlet.processRequest(FrameworkServlet.java:1006) ~[spring-webmvc-5.3.22.jar:5.3.22]
	at org.springframework.web.servlet.FrameworkServlet.doGet(FrameworkServlet.java:898) ~[spring-webmvc-5.3.22.jar:5.3.22]
	at javax.servlet.http.HttpServlet.service(HttpServlet.java:655) ~[tomcat-embed-core-9.0.65.jar:4.0.FR]
	at org.springframework.web.servlet.FrameworkServlet.service(FrameworkServlet.java:883) ~[spring-webmvc-5.3.22.jar:5.3.22]
	at javax.servlet.http.HttpServlet.service(HttpServlet.java:764) ~[tomcat-embed-core-9.0.65.jar:4.0.FR]
	at org.apache.catalina.core.ApplicationFilterChain.internalDoFilter(ApplicationFilterChain.java:227) ~[tomcat-embed-core-9.0.65.jar:9.0.65]
	at org.apache.catalina.core.ApplicationFilterChain.doFilter(ApplicationFilterChain.java:162) ~[tomcat-embed-core-9.0.65.jar:9.0.65]
	at org.apache.tomcat.websocket.server.WsFilter.doFilter(WsFilter.java:53) ~[tomcat-embed-websocket-9.0.65.jar:9.0.65]
	at org.apache.catalina.core.ApplicationFilterChain.internalDoFilter(ApplicationFilterChain.java:189) ~[tomcat-embed-core-9.0.65.jar:9.0.65]
	at org.apache.catalina.core.ApplicationFilterChain.doFilter(ApplicationFilterChain.java:162) ~[tomcat-embed-core-9.0.65.jar:9.0.65]
	at org.springframework.web.filter.RequestContextFilter.doFilterInternal(RequestContextFilter.java:100) ~[spring-web-5.3.22.jar:5.3.22]
	at org.springframework.web.filter.OncePerRequestFilter.doFilter(OncePerRequestFilter.java:117) ~[spring-web-5.3.22.jar:5.3.22]
	at org.apache.catalina.core.ApplicationFilterChain.internalDoFilter(ApplicationFilterChain.java:189) ~[tomcat-embed-core-9.0.65.jar:9.0.65]
	at org.apache.catalina.core.ApplicationFilterChain.doFilter(ApplicationFilterChain.java:162) ~[tomcat-embed-core-9.0.65.jar:9.0.65]
	at org.springframework.web.filter.FormContentFilter.doFilterInternal(FormContentFilter.java:93) ~[spring-web-5.3.22.jar:5.3.22]
	at org.springframework.web.filter.OncePerRequestFilter.doFilter(OncePerRequestFilter.java:117) ~[spring-web-5.3.22.jar:5.3.22]
	at org.apache.catalina.core.ApplicationFilterChain.internalDoFilter(ApplicationFilterChain.java:189) ~[tomcat-embed-core-9.0.65.jar:9.0.65]
	at org.apache.catalina.core.ApplicationFilterChain.doFilter(ApplicationFilterChain.java:162) ~[tomcat-embed-core-9.0.65.jar:9.0.65]
	at org.springframework.web.filter.CharacterEncodingFilter.doFilterInternal(CharacterEncodingFilter.java:201) ~[spring-web-5.3.22.jar:5.3.22]
	at org.springframework.web.filter.OncePerRequestFilter.doFilter(OncePerRequestFilter.java:117) ~[spring-web-5.3.22.jar:5.3.22]
	at org.apache.catalina.core.ApplicationFilterChain.internalDoFilter(ApplicationFilterChain.java:189) ~[tomcat-embed-core-9.0.65.jar:9.0.65]
	at org.apache.catalina.core.ApplicationFilterChain.doFilter(ApplicationFilterChain.java:162) ~[tomcat-embed-core-9.0.65.jar:9.0.65]
	at com.tianji.common.filters.RequestIdFilter.doFilter(RequestIdFilter.java:26) ~[classes/:na]
	at org.apache.catalina.core.ApplicationFilterChain.internalDoFilter(ApplicationFilterChain.java:189) ~[tomcat-embed-core-9.0.65.jar:9.0.65]
	at org.apache.catalina.core.ApplicationFilterChain.doFilter(ApplicationFilterChain.java:162) ~[tomcat-embed-core-9.0.65.jar:9.0.65]
	at org.apache.catalina.core.StandardWrapperValve.invoke(StandardWrapperValve.java:197) ~[tomcat-embed-core-9.0.65.jar:9.0.65]
	at org.apache.catalina.core.StandardContextValve.invoke(StandardContextValve.java:97) ~[tomcat-embed-core-9.0.65.jar:9.0.65]
	at org.apache.catalina.authenticator.AuthenticatorBase.invoke(AuthenticatorBase.java:541) ~[tomcat-embed-core-9.0.65.jar:9.0.65]
	at org.apache.catalina.core.StandardHostValve.invoke(StandardHostValve.java:135) ~[tomcat-embed-core-9.0.65.jar:9.0.65]
	at org.apache.catalina.valves.ErrorReportValve.invoke(ErrorReportValve.java:92) ~[tomcat-embed-core-9.0.65.jar:9.0.65]
	at org.apache.catalina.core.StandardEngineValve.invoke(StandardEngineValve.java:78) ~[tomcat-embed-core-9.0.65.jar:9.0.65]
	at org.apache.catalina.connector.CoyoteAdapter.service(CoyoteAdapter.java:360) ~[tomcat-embed-core-9.0.65.jar:9.0.65]
	at org.apache.coyote.http11.Http11Processor.service(Http11Processor.java:399) ~[tomcat-embed-core-9.0.65.jar:9.0.65]
	at org.apache.coyote.AbstractProcessorLight.process(AbstractProcessorLight.java:65) ~[tomcat-embed-core-9.0.65.jar:9.0.65]
	at org.apache.coyote.AbstractProtocol$ConnectionHandler.process(AbstractProtocol.java:890) ~[tomcat-embed-core-9.0.65.jar:9.0.65]
	at org.apache.tomcat.util.net.NioEndpoint$SocketProcessor.doRun(NioEndpoint.java:1789) ~[tomcat-embed-core-9.0.65.jar:9.0.65]
	at org.apache.tomcat.util.net.SocketProcessorBase.run(SocketProcessorBase.java:49) ~[tomcat-embed-core-9.0.65.jar:9.0.65]
	at org.apache.tomcat.util.threads.ThreadPoolExecutor.runWorker(ThreadPoolExecutor.java:1191) ~[tomcat-embed-core-9.0.65.jar:9.0.65]
	at org.apache.tomcat.util.threads.ThreadPoolExecutor$Worker.run(ThreadPoolExecutor.java:659) ~[tomcat-embed-core-9.0.65.jar:9.0.65]
	at org.apache.tomcat.util.threads.TaskThread$WrappingRunnable.run(TaskThread.java:61) ~[tomcat-embed-core-9.0.65.jar:9.0.65]
	at java.base/java.lang.Thread.run(Thread.java:1589) ~[na:na]
20:24:15.081-[LAPTOP-L9SH1VHI][5f4e5c2579d34a3897715b43d2b2168d]--ERROR 11888 --- [nio-8088-exec-8] c.t.c.a.m.advice.CommonExceptionAdvice   : 参数异常 -> NestedServletException，Required request parameter 'courseIds' for method parameter type List is not present
20:24:15.082-[LAPTOP-L9SH1VHI][5f4e5c2579d34a3897715b43d2b2168d]--DEBUG 11888 --- [nio-8088-exec-8] c.t.c.a.m.advice.CommonExceptionAdvice   : 
org.springframework.web.bind.MissingServletRequestParameterException: Required request parameter 'courseIds' for method parameter type List is not present
	at org.springframework.web.method.annotation.RequestParamMethodArgumentResolver.handleMissingValueInternal(RequestParamMethodArgumentResolver.java:218) ~[spring-web-5.3.22.jar:5.3.22]
	at org.springframework.web.method.annotation.RequestParamMethodArgumentResolver.handleMissingValue(RequestParamMethodArgumentResolver.java:193) ~[spring-web-5.3.22.jar:5.3.22]
	at org.springframework.web.method.annotation.AbstractNamedValueMethodArgumentResolver.resolveArgument(AbstractNamedValueMethodArgumentResolver.java:114) ~[spring-web-5.3.22.jar:5.3.22]
	at org.springframework.web.method.support.HandlerMethodArgumentResolverComposite.resolveArgument(HandlerMethodArgumentResolverComposite.java:122) ~[spring-web-5.3.22.jar:5.3.22]
	at org.springframework.web.method.support.InvocableHandlerMethod.getMethodArgumentValues(InvocableHandlerMethod.java:179) ~[spring-web-5.3.22.jar:5.3.22]
	at org.springframework.web.method.support.InvocableHandlerMethod.invokeForRequest(InvocableHandlerMethod.java:146) ~[spring-web-5.3.22.jar:5.3.22]
	at org.springframework.web.servlet.mvc.method.annotation.ServletInvocableHandlerMethod.invokeAndHandle(ServletInvocableHandlerMethod.java:117) ~[spring-webmvc-5.3.22.jar:5.3.22]
	at org.springframework.web.servlet.mvc.method.annotation.RequestMappingHandlerAdapter.invokeHandlerMethod(RequestMappingHandlerAdapter.java:895) ~[spring-webmvc-5.3.22.jar:5.3.22]
	at org.springframework.web.servlet.mvc.method.annotation.RequestMappingHandlerAdapter.handleInternal(RequestMappingHandlerAdapter.java:808) ~[spring-webmvc-5.3.22.jar:5.3.22]
	at org.springframework.web.servlet.mvc.method.AbstractHandlerMethodAdapter.handle(AbstractHandlerMethodAdapter.java:87) ~[spring-webmvc-5.3.22.jar:5.3.22]
	at org.springframework.web.servlet.DispatcherServlet.doDispatch(DispatcherServlet.java:1070) ~[spring-webmvc-5.3.22.jar:5.3.22]
	at org.springframework.web.servlet.DispatcherServlet.doService(DispatcherServlet.java:963) ~[spring-webmvc-5.3.22.jar:5.3.22]
	at org.springframework.web.servlet.FrameworkServlet.processRequest(FrameworkServlet.java:1006) ~[spring-webmvc-5.3.22.jar:5.3.22]
	at org.springframework.web.servlet.FrameworkServlet.doGet(FrameworkServlet.java:898) ~[spring-webmvc-5.3.22.jar:5.3.22]
	at javax.servlet.http.HttpServlet.service(HttpServlet.java:655) ~[tomcat-embed-core-9.0.65.jar:4.0.FR]
	at org.springframework.web.servlet.FrameworkServlet.service(FrameworkServlet.java:883) ~[spring-webmvc-5.3.22.jar:5.3.22]
	at javax.servlet.http.HttpServlet.service(HttpServlet.java:764) ~[tomcat-embed-core-9.0.65.jar:4.0.FR]
	at org.apache.catalina.core.ApplicationFilterChain.internalDoFilter(ApplicationFilterChain.java:227) ~[tomcat-embed-core-9.0.65.jar:9.0.65]
	at org.apache.catalina.core.ApplicationFilterChain.doFilter(ApplicationFilterChain.java:162) ~[tomcat-embed-core-9.0.65.jar:9.0.65]
	at org.apache.tomcat.websocket.server.WsFilter.doFilter(WsFilter.java:53) ~[tomcat-embed-websocket-9.0.65.jar:9.0.65]
	at org.apache.catalina.core.ApplicationFilterChain.internalDoFilter(ApplicationFilterChain.java:189) ~[tomcat-embed-core-9.0.65.jar:9.0.65]
	at org.apache.catalina.core.ApplicationFilterChain.doFilter(ApplicationFilterChain.java:162) ~[tomcat-embed-core-9.0.65.jar:9.0.65]
	at org.springframework.web.filter.RequestContextFilter.doFilterInternal(RequestContextFilter.java:100) ~[spring-web-5.3.22.jar:5.3.22]
	at org.springframework.web.filter.OncePerRequestFilter.doFilter(OncePerRequestFilter.java:117) ~[spring-web-5.3.22.jar:5.3.22]
	at org.apache.catalina.core.ApplicationFilterChain.internalDoFilter(ApplicationFilterChain.java:189) ~[tomcat-embed-core-9.0.65.jar:9.0.65]
	at org.apache.catalina.core.ApplicationFilterChain.doFilter(ApplicationFilterChain.java:162) ~[tomcat-embed-core-9.0.65.jar:9.0.65]
	at org.springframework.web.filter.FormContentFilter.doFilterInternal(FormContentFilter.java:93) ~[spring-web-5.3.22.jar:5.3.22]
	at org.springframework.web.filter.OncePerRequestFilter.doFilter(OncePerRequestFilter.java:117) ~[spring-web-5.3.22.jar:5.3.22]
	at org.apache.catalina.core.ApplicationFilterChain.internalDoFilter(ApplicationFilterChain.java:189) ~[tomcat-embed-core-9.0.65.jar:9.0.65]
	at org.apache.catalina.core.ApplicationFilterChain.doFilter(ApplicationFilterChain.java:162) ~[tomcat-embed-core-9.0.65.jar:9.0.65]
	at org.springframework.web.filter.CharacterEncodingFilter.doFilterInternal(CharacterEncodingFilter.java:201) ~[spring-web-5.3.22.jar:5.3.22]
	at org.springframework.web.filter.OncePerRequestFilter.doFilter(OncePerRequestFilter.java:117) ~[spring-web-5.3.22.jar:5.3.22]
	at org.apache.catalina.core.ApplicationFilterChain.internalDoFilter(ApplicationFilterChain.java:189) ~[tomcat-embed-core-9.0.65.jar:9.0.65]
	at org.apache.catalina.core.ApplicationFilterChain.doFilter(ApplicationFilterChain.java:162) ~[tomcat-embed-core-9.0.65.jar:9.0.65]
	at com.tianji.common.filters.RequestIdFilter.doFilter(RequestIdFilter.java:26) ~[classes/:na]
	at org.apache.catalina.core.ApplicationFilterChain.internalDoFilter(ApplicationFilterChain.java:189) ~[tomcat-embed-core-9.0.65.jar:9.0.65]
	at org.apache.catalina.core.ApplicationFilterChain.doFilter(ApplicationFilterChain.java:162) ~[tomcat-embed-core-9.0.65.jar:9.0.65]
	at org.apache.catalina.core.StandardWrapperValve.invoke(StandardWrapperValve.java:197) ~[tomcat-embed-core-9.0.65.jar:9.0.65]
	at org.apache.catalina.core.StandardContextValve.invoke(StandardContextValve.java:97) ~[tomcat-embed-core-9.0.65.jar:9.0.65]
	at org.apache.catalina.authenticator.AuthenticatorBase.invoke(AuthenticatorBase.java:541) ~[tomcat-embed-core-9.0.65.jar:9.0.65]
	at org.apache.catalina.core.StandardHostValve.invoke(StandardHostValve.java:135) ~[tomcat-embed-core-9.0.65.jar:9.0.65]
	at org.apache.catalina.valves.ErrorReportValve.invoke(ErrorReportValve.java:92) ~[tomcat-embed-core-9.0.65.jar:9.0.65]
	at org.apache.catalina.core.StandardEngineValve.invoke(StandardEngineValve.java:78) ~[tomcat-embed-core-9.0.65.jar:9.0.65]
	at org.apache.catalina.connector.CoyoteAdapter.service(CoyoteAdapter.java:360) ~[tomcat-embed-core-9.0.65.jar:9.0.65]
	at org.apache.coyote.http11.Http11Processor.service(Http11Processor.java:399) ~[tomcat-embed-core-9.0.65.jar:9.0.65]
	at org.apache.coyote.AbstractProcessorLight.process(AbstractProcessorLight.java:65) ~[tomcat-embed-core-9.0.65.jar:9.0.65]
	at org.apache.coyote.AbstractProtocol$ConnectionHandler.process(AbstractProtocol.java:890) ~[tomcat-embed-core-9.0.65.jar:9.0.65]
	at org.apache.tomcat.util.net.NioEndpoint$SocketProcessor.doRun(NioEndpoint.java:1789) ~[tomcat-embed-core-9.0.65.jar:9.0.65]
	at org.apache.tomcat.util.net.SocketProcessorBase.run(SocketProcessorBase.java:49) ~[tomcat-embed-core-9.0.65.jar:9.0.65]
	at org.apache.tomcat.util.threads.ThreadPoolExecutor.runWorker(ThreadPoolExecutor.java:1191) ~[tomcat-embed-core-9.0.65.jar:9.0.65]
	at org.apache.tomcat.util.threads.ThreadPoolExecutor$Worker.run(ThreadPoolExecutor.java:659) ~[tomcat-embed-core-9.0.65.jar:9.0.65]
	at org.apache.tomcat.util.threads.TaskThread$WrappingRunnable.run(TaskThread.java:61) ~[tomcat-embed-core-9.0.65.jar:9.0.65]
	at java.base/java.lang.Thread.run(Thread.java:1589) ~[na:na]
20:24:16.063-[LAPTOP-L9SH1VHI][1784f0c8ce9644bba1334de35435ca00]--ERROR 11888 --- [nio-8088-exec-9] c.t.c.a.m.advice.CommonExceptionAdvice   : 参数异常 -> NestedServletException，Required request parameter 'courseIds' for method parameter type List is not present
20:24:16.064-[LAPTOP-L9SH1VHI][1784f0c8ce9644bba1334de35435ca00]--DEBUG 11888 --- [nio-8088-exec-9] c.t.c.a.m.advice.CommonExceptionAdvice   : 
org.springframework.web.bind.MissingServletRequestParameterException: Required request parameter 'courseIds' for method parameter type List is not present
	at org.springframework.web.method.annotation.RequestParamMethodArgumentResolver.handleMissingValueInternal(RequestParamMethodArgumentResolver.java:218) ~[spring-web-5.3.22.jar:5.3.22]
	at org.springframework.web.method.annotation.RequestParamMethodArgumentResolver.handleMissingValue(RequestParamMethodArgumentResolver.java:193) ~[spring-web-5.3.22.jar:5.3.22]
	at org.springframework.web.method.annotation.AbstractNamedValueMethodArgumentResolver.resolveArgument(AbstractNamedValueMethodArgumentResolver.java:114) ~[spring-web-5.3.22.jar:5.3.22]
	at org.springframework.web.method.support.HandlerMethodArgumentResolverComposite.resolveArgument(HandlerMethodArgumentResolverComposite.java:122) ~[spring-web-5.3.22.jar:5.3.22]
	at org.springframework.web.method.support.InvocableHandlerMethod.getMethodArgumentValues(InvocableHandlerMethod.java:179) ~[spring-web-5.3.22.jar:5.3.22]
	at org.springframework.web.method.support.InvocableHandlerMethod.invokeForRequest(InvocableHandlerMethod.java:146) ~[spring-web-5.3.22.jar:5.3.22]
	at org.springframework.web.servlet.mvc.method.annotation.ServletInvocableHandlerMethod.invokeAndHandle(ServletInvocableHandlerMethod.java:117) ~[spring-webmvc-5.3.22.jar:5.3.22]
	at org.springframework.web.servlet.mvc.method.annotation.RequestMappingHandlerAdapter.invokeHandlerMethod(RequestMappingHandlerAdapter.java:895) ~[spring-webmvc-5.3.22.jar:5.3.22]
	at org.springframework.web.servlet.mvc.method.annotation.RequestMappingHandlerAdapter.handleInternal(RequestMappingHandlerAdapter.java:808) ~[spring-webmvc-5.3.22.jar:5.3.22]
	at org.springframework.web.servlet.mvc.method.AbstractHandlerMethodAdapter.handle(AbstractHandlerMethodAdapter.java:87) ~[spring-webmvc-5.3.22.jar:5.3.22]
	at org.springframework.web.servlet.DispatcherServlet.doDispatch(DispatcherServlet.java:1070) ~[spring-webmvc-5.3.22.jar:5.3.22]
	at org.springframework.web.servlet.DispatcherServlet.doService(DispatcherServlet.java:963) ~[spring-webmvc-5.3.22.jar:5.3.22]
	at org.springframework.web.servlet.FrameworkServlet.processRequest(FrameworkServlet.java:1006) ~[spring-webmvc-5.3.22.jar:5.3.22]
	at org.springframework.web.servlet.FrameworkServlet.doGet(FrameworkServlet.java:898) ~[spring-webmvc-5.3.22.jar:5.3.22]
	at javax.servlet.http.HttpServlet.service(HttpServlet.java:655) ~[tomcat-embed-core-9.0.65.jar:4.0.FR]
	at org.springframework.web.servlet.FrameworkServlet.service(FrameworkServlet.java:883) ~[spring-webmvc-5.3.22.jar:5.3.22]
	at javax.servlet.http.HttpServlet.service(HttpServlet.java:764) ~[tomcat-embed-core-9.0.65.jar:4.0.FR]
	at org.apache.catalina.core.ApplicationFilterChain.internalDoFilter(ApplicationFilterChain.java:227) ~[tomcat-embed-core-9.0.65.jar:9.0.65]
	at org.apache.catalina.core.ApplicationFilterChain.doFilter(ApplicationFilterChain.java:162) ~[tomcat-embed-core-9.0.65.jar:9.0.65]
	at org.apache.tomcat.websocket.server.WsFilter.doFilter(WsFilter.java:53) ~[tomcat-embed-websocket-9.0.65.jar:9.0.65]
	at org.apache.catalina.core.ApplicationFilterChain.internalDoFilter(ApplicationFilterChain.java:189) ~[tomcat-embed-core-9.0.65.jar:9.0.65]
	at org.apache.catalina.core.ApplicationFilterChain.doFilter(ApplicationFilterChain.java:162) ~[tomcat-embed-core-9.0.65.jar:9.0.65]
	at org.springframework.web.filter.RequestContextFilter.doFilterInternal(RequestContextFilter.java:100) ~[spring-web-5.3.22.jar:5.3.22]
	at org.springframework.web.filter.OncePerRequestFilter.doFilter(OncePerRequestFilter.java:117) ~[spring-web-5.3.22.jar:5.3.22]
	at org.apache.catalina.core.ApplicationFilterChain.internalDoFilter(ApplicationFilterChain.java:189) ~[tomcat-embed-core-9.0.65.jar:9.0.65]
	at org.apache.catalina.core.ApplicationFilterChain.doFilter(ApplicationFilterChain.java:162) ~[tomcat-embed-core-9.0.65.jar:9.0.65]
	at org.springframework.web.filter.FormContentFilter.doFilterInternal(FormContentFilter.java:93) ~[spring-web-5.3.22.jar:5.3.22]
	at org.springframework.web.filter.OncePerRequestFilter.doFilter(OncePerRequestFilter.java:117) ~[spring-web-5.3.22.jar:5.3.22]
	at org.apache.catalina.core.ApplicationFilterChain.internalDoFilter(ApplicationFilterChain.java:189) ~[tomcat-embed-core-9.0.65.jar:9.0.65]
	at org.apache.catalina.core.ApplicationFilterChain.doFilter(ApplicationFilterChain.java:162) ~[tomcat-embed-core-9.0.65.jar:9.0.65]
	at org.springframework.web.filter.CharacterEncodingFilter.doFilterInternal(CharacterEncodingFilter.java:201) ~[spring-web-5.3.22.jar:5.3.22]
	at org.springframework.web.filter.OncePerRequestFilter.doFilter(OncePerRequestFilter.java:117) ~[spring-web-5.3.22.jar:5.3.22]
	at org.apache.catalina.core.ApplicationFilterChain.internalDoFilter(ApplicationFilterChain.java:189) ~[tomcat-embed-core-9.0.65.jar:9.0.65]
	at org.apache.catalina.core.ApplicationFilterChain.doFilter(ApplicationFilterChain.java:162) ~[tomcat-embed-core-9.0.65.jar:9.0.65]
	at com.tianji.common.filters.RequestIdFilter.doFilter(RequestIdFilter.java:26) ~[classes/:na]
	at org.apache.catalina.core.ApplicationFilterChain.internalDoFilter(ApplicationFilterChain.java:189) ~[tomcat-embed-core-9.0.65.jar:9.0.65]
	at org.apache.catalina.core.ApplicationFilterChain.doFilter(ApplicationFilterChain.java:162) ~[tomcat-embed-core-9.0.65.jar:9.0.65]
	at org.apache.catalina.core.StandardWrapperValve.invoke(StandardWrapperValve.java:197) ~[tomcat-embed-core-9.0.65.jar:9.0.65]
	at org.apache.catalina.core.StandardContextValve.invoke(StandardContextValve.java:97) ~[tomcat-embed-core-9.0.65.jar:9.0.65]
	at org.apache.catalina.authenticator.AuthenticatorBase.invoke(AuthenticatorBase.java:541) ~[tomcat-embed-core-9.0.65.jar:9.0.65]
	at org.apache.catalina.core.StandardHostValve.invoke(StandardHostValve.java:135) ~[tomcat-embed-core-9.0.65.jar:9.0.65]
	at org.apache.catalina.valves.ErrorReportValve.invoke(ErrorReportValve.java:92) ~[tomcat-embed-core-9.0.65.jar:9.0.65]
	at org.apache.catalina.core.StandardEngineValve.invoke(StandardEngineValve.java:78) ~[tomcat-embed-core-9.0.65.jar:9.0.65]
	at org.apache.catalina.connector.CoyoteAdapter.service(CoyoteAdapter.java:360) ~[tomcat-embed-core-9.0.65.jar:9.0.65]
	at org.apache.coyote.http11.Http11Processor.service(Http11Processor.java:399) ~[tomcat-embed-core-9.0.65.jar:9.0.65]
	at org.apache.coyote.AbstractProcessorLight.process(AbstractProcessorLight.java:65) ~[tomcat-embed-core-9.0.65.jar:9.0.65]
	at org.apache.coyote.AbstractProtocol$ConnectionHandler.process(AbstractProtocol.java:890) ~[tomcat-embed-core-9.0.65.jar:9.0.65]
	at org.apache.tomcat.util.net.NioEndpoint$SocketProcessor.doRun(NioEndpoint.java:1789) ~[tomcat-embed-core-9.0.65.jar:9.0.65]
	at org.apache.tomcat.util.net.SocketProcessorBase.run(SocketProcessorBase.java:49) ~[tomcat-embed-core-9.0.65.jar:9.0.65]
	at org.apache.tomcat.util.threads.ThreadPoolExecutor.runWorker(ThreadPoolExecutor.java:1191) ~[tomcat-embed-core-9.0.65.jar:9.0.65]
	at org.apache.tomcat.util.threads.ThreadPoolExecutor$Worker.run(ThreadPoolExecutor.java:659) ~[tomcat-embed-core-9.0.65.jar:9.0.65]
	at org.apache.tomcat.util.threads.TaskThread$WrappingRunnable.run(TaskThread.java:61) ~[tomcat-embed-core-9.0.65.jar:9.0.65]
	at java.base/java.lang.Thread.run(Thread.java:1589) ~[na:na]
20:24:16.639-[LAPTOP-L9SH1VHI][34a8aa132956416aaa4938ecd3e515e8]--ERROR 11888 --- [io-8088-exec-10] c.t.c.a.m.advice.CommonExceptionAdvice   : 参数异常 -> NestedServletException，Required request parameter 'courseIds' for method parameter type List is not present
20:24:16.640-[LAPTOP-L9SH1VHI][34a8aa132956416aaa4938ecd3e515e8]--DEBUG 11888 --- [io-8088-exec-10] c.t.c.a.m.advice.CommonExceptionAdvice   : 
org.springframework.web.bind.MissingServletRequestParameterException: Required request parameter 'courseIds' for method parameter type List is not present
	at org.springframework.web.method.annotation.RequestParamMethodArgumentResolver.handleMissingValueInternal(RequestParamMethodArgumentResolver.java:218) ~[spring-web-5.3.22.jar:5.3.22]
	at org.springframework.web.method.annotation.RequestParamMethodArgumentResolver.handleMissingValue(RequestParamMethodArgumentResolver.java:193) ~[spring-web-5.3.22.jar:5.3.22]
	at org.springframework.web.method.annotation.AbstractNamedValueMethodArgumentResolver.resolveArgument(AbstractNamedValueMethodArgumentResolver.java:114) ~[spring-web-5.3.22.jar:5.3.22]
	at org.springframework.web.method.support.HandlerMethodArgumentResolverComposite.resolveArgument(HandlerMethodArgumentResolverComposite.java:122) ~[spring-web-5.3.22.jar:5.3.22]
	at org.springframework.web.method.support.InvocableHandlerMethod.getMethodArgumentValues(InvocableHandlerMethod.java:179) ~[spring-web-5.3.22.jar:5.3.22]
	at org.springframework.web.method.support.InvocableHandlerMethod.invokeForRequest(InvocableHandlerMethod.java:146) ~[spring-web-5.3.22.jar:5.3.22]
	at org.springframework.web.servlet.mvc.method.annotation.ServletInvocableHandlerMethod.invokeAndHandle(ServletInvocableHandlerMethod.java:117) ~[spring-webmvc-5.3.22.jar:5.3.22]
	at org.springframework.web.servlet.mvc.method.annotation.RequestMappingHandlerAdapter.invokeHandlerMethod(RequestMappingHandlerAdapter.java:895) ~[spring-webmvc-5.3.22.jar:5.3.22]
	at org.springframework.web.servlet.mvc.method.annotation.RequestMappingHandlerAdapter.handleInternal(RequestMappingHandlerAdapter.java:808) ~[spring-webmvc-5.3.22.jar:5.3.22]
	at org.springframework.web.servlet.mvc.method.AbstractHandlerMethodAdapter.handle(AbstractHandlerMethodAdapter.java:87) ~[spring-webmvc-5.3.22.jar:5.3.22]
	at org.springframework.web.servlet.DispatcherServlet.doDispatch(DispatcherServlet.java:1070) ~[spring-webmvc-5.3.22.jar:5.3.22]
	at org.springframework.web.servlet.DispatcherServlet.doService(DispatcherServlet.java:963) ~[spring-webmvc-5.3.22.jar:5.3.22]
	at org.springframework.web.servlet.FrameworkServlet.processRequest(FrameworkServlet.java:1006) ~[spring-webmvc-5.3.22.jar:5.3.22]
	at org.springframework.web.servlet.FrameworkServlet.doGet(FrameworkServlet.java:898) ~[spring-webmvc-5.3.22.jar:5.3.22]
	at javax.servlet.http.HttpServlet.service(HttpServlet.java:655) ~[tomcat-embed-core-9.0.65.jar:4.0.FR]
	at org.springframework.web.servlet.FrameworkServlet.service(FrameworkServlet.java:883) ~[spring-webmvc-5.3.22.jar:5.3.22]
	at javax.servlet.http.HttpServlet.service(HttpServlet.java:764) ~[tomcat-embed-core-9.0.65.jar:4.0.FR]
	at org.apache.catalina.core.ApplicationFilterChain.internalDoFilter(ApplicationFilterChain.java:227) ~[tomcat-embed-core-9.0.65.jar:9.0.65]
	at org.apache.catalina.core.ApplicationFilterChain.doFilter(ApplicationFilterChain.java:162) ~[tomcat-embed-core-9.0.65.jar:9.0.65]
	at org.apache.tomcat.websocket.server.WsFilter.doFilter(WsFilter.java:53) ~[tomcat-embed-websocket-9.0.65.jar:9.0.65]
	at org.apache.catalina.core.ApplicationFilterChain.internalDoFilter(ApplicationFilterChain.java:189) ~[tomcat-embed-core-9.0.65.jar:9.0.65]
	at org.apache.catalina.core.ApplicationFilterChain.doFilter(ApplicationFilterChain.java:162) ~[tomcat-embed-core-9.0.65.jar:9.0.65]
	at org.springframework.web.filter.RequestContextFilter.doFilterInternal(RequestContextFilter.java:100) ~[spring-web-5.3.22.jar:5.3.22]
	at org.springframework.web.filter.OncePerRequestFilter.doFilter(OncePerRequestFilter.java:117) ~[spring-web-5.3.22.jar:5.3.22]
	at org.apache.catalina.core.ApplicationFilterChain.internalDoFilter(ApplicationFilterChain.java:189) ~[tomcat-embed-core-9.0.65.jar:9.0.65]
	at org.apache.catalina.core.ApplicationFilterChain.doFilter(ApplicationFilterChain.java:162) ~[tomcat-embed-core-9.0.65.jar:9.0.65]
	at org.springframework.web.filter.FormContentFilter.doFilterInternal(FormContentFilter.java:93) ~[spring-web-5.3.22.jar:5.3.22]
	at org.springframework.web.filter.OncePerRequestFilter.doFilter(OncePerRequestFilter.java:117) ~[spring-web-5.3.22.jar:5.3.22]
	at org.apache.catalina.core.ApplicationFilterChain.internalDoFilter(ApplicationFilterChain.java:189) ~[tomcat-embed-core-9.0.65.jar:9.0.65]
	at org.apache.catalina.core.ApplicationFilterChain.doFilter(ApplicationFilterChain.java:162) ~[tomcat-embed-core-9.0.65.jar:9.0.65]
	at org.springframework.web.filter.CharacterEncodingFilter.doFilterInternal(CharacterEncodingFilter.java:201) ~[spring-web-5.3.22.jar:5.3.22]
	at org.springframework.web.filter.OncePerRequestFilter.doFilter(OncePerRequestFilter.java:117) ~[spring-web-5.3.22.jar:5.3.22]
	at org.apache.catalina.core.ApplicationFilterChain.internalDoFilter(ApplicationFilterChain.java:189) ~[tomcat-embed-core-9.0.65.jar:9.0.65]
	at org.apache.catalina.core.ApplicationFilterChain.doFilter(ApplicationFilterChain.java:162) ~[tomcat-embed-core-9.0.65.jar:9.0.65]
	at com.tianji.common.filters.RequestIdFilter.doFilter(RequestIdFilter.java:26) ~[classes/:na]
	at org.apache.catalina.core.ApplicationFilterChain.internalDoFilter(ApplicationFilterChain.java:189) ~[tomcat-embed-core-9.0.65.jar:9.0.65]
	at org.apache.catalina.core.ApplicationFilterChain.doFilter(ApplicationFilterChain.java:162) ~[tomcat-embed-core-9.0.65.jar:9.0.65]
	at org.apache.catalina.core.StandardWrapperValve.invoke(StandardWrapperValve.java:197) ~[tomcat-embed-core-9.0.65.jar:9.0.65]
	at org.apache.catalina.core.StandardContextValve.invoke(StandardContextValve.java:97) ~[tomcat-embed-core-9.0.65.jar:9.0.65]
	at org.apache.catalina.authenticator.AuthenticatorBase.invoke(AuthenticatorBase.java:541) ~[tomcat-embed-core-9.0.65.jar:9.0.65]
	at org.apache.catalina.core.StandardHostValve.invoke(StandardHostValve.java:135) ~[tomcat-embed-core-9.0.65.jar:9.0.65]
	at org.apache.catalina.valves.ErrorReportValve.invoke(ErrorReportValve.java:92) ~[tomcat-embed-core-9.0.65.jar:9.0.65]
	at org.apache.catalina.core.StandardEngineValve.invoke(StandardEngineValve.java:78) ~[tomcat-embed-core-9.0.65.jar:9.0.65]
	at org.apache.catalina.connector.CoyoteAdapter.service(CoyoteAdapter.java:360) ~[tomcat-embed-core-9.0.65.jar:9.0.65]
	at org.apache.coyote.http11.Http11Processor.service(Http11Processor.java:399) ~[tomcat-embed-core-9.0.65.jar:9.0.65]
	at org.apache.coyote.AbstractProcessorLight.process(AbstractProcessorLight.java:65) ~[tomcat-embed-core-9.0.65.jar:9.0.65]
	at org.apache.coyote.AbstractProtocol$ConnectionHandler.process(AbstractProtocol.java:890) ~[tomcat-embed-core-9.0.65.jar:9.0.65]
	at org.apache.tomcat.util.net.NioEndpoint$SocketProcessor.doRun(NioEndpoint.java:1789) ~[tomcat-embed-core-9.0.65.jar:9.0.65]
	at org.apache.tomcat.util.net.SocketProcessorBase.run(SocketProcessorBase.java:49) ~[tomcat-embed-core-9.0.65.jar:9.0.65]
	at org.apache.tomcat.util.threads.ThreadPoolExecutor.runWorker(ThreadPoolExecutor.java:1191) ~[tomcat-embed-core-9.0.65.jar:9.0.65]
	at org.apache.tomcat.util.threads.ThreadPoolExecutor$Worker.run(ThreadPoolExecutor.java:659) ~[tomcat-embed-core-9.0.65.jar:9.0.65]
	at org.apache.tomcat.util.threads.TaskThread$WrappingRunnable.run(TaskThread.java:61) ~[tomcat-embed-core-9.0.65.jar:9.0.65]
	at java.base/java.lang.Thread.run(Thread.java:1589) ~[na:na]
20:24:17.056-[LAPTOP-L9SH1VHI][42456140f3a140299c27f29ebd588773]--ERROR 11888 --- [nio-8088-exec-1] c.t.c.a.m.advice.CommonExceptionAdvice   : 参数异常 -> NestedServletException，Required request parameter 'courseIds' for method parameter type List is not present
20:24:17.057-[LAPTOP-L9SH1VHI][42456140f3a140299c27f29ebd588773]--DEBUG 11888 --- [nio-8088-exec-1] c.t.c.a.m.advice.CommonExceptionAdvice   : 
org.springframework.web.bind.MissingServletRequestParameterException: Required request parameter 'courseIds' for method parameter type List is not present
	at org.springframework.web.method.annotation.RequestParamMethodArgumentResolver.handleMissingValueInternal(RequestParamMethodArgumentResolver.java:218) ~[spring-web-5.3.22.jar:5.3.22]
	at org.springframework.web.method.annotation.RequestParamMethodArgumentResolver.handleMissingValue(RequestParamMethodArgumentResolver.java:193) ~[spring-web-5.3.22.jar:5.3.22]
	at org.springframework.web.method.annotation.AbstractNamedValueMethodArgumentResolver.resolveArgument(AbstractNamedValueMethodArgumentResolver.java:114) ~[spring-web-5.3.22.jar:5.3.22]
	at org.springframework.web.method.support.HandlerMethodArgumentResolverComposite.resolveArgument(HandlerMethodArgumentResolverComposite.java:122) ~[spring-web-5.3.22.jar:5.3.22]
	at org.springframework.web.method.support.InvocableHandlerMethod.getMethodArgumentValues(InvocableHandlerMethod.java:179) ~[spring-web-5.3.22.jar:5.3.22]
	at org.springframework.web.method.support.InvocableHandlerMethod.invokeForRequest(InvocableHandlerMethod.java:146) ~[spring-web-5.3.22.jar:5.3.22]
	at org.springframework.web.servlet.mvc.method.annotation.ServletInvocableHandlerMethod.invokeAndHandle(ServletInvocableHandlerMethod.java:117) ~[spring-webmvc-5.3.22.jar:5.3.22]
	at org.springframework.web.servlet.mvc.method.annotation.RequestMappingHandlerAdapter.invokeHandlerMethod(RequestMappingHandlerAdapter.java:895) ~[spring-webmvc-5.3.22.jar:5.3.22]
	at org.springframework.web.servlet.mvc.method.annotation.RequestMappingHandlerAdapter.handleInternal(RequestMappingHandlerAdapter.java:808) ~[spring-webmvc-5.3.22.jar:5.3.22]
	at org.springframework.web.servlet.mvc.method.AbstractHandlerMethodAdapter.handle(AbstractHandlerMethodAdapter.java:87) ~[spring-webmvc-5.3.22.jar:5.3.22]
	at org.springframework.web.servlet.DispatcherServlet.doDispatch(DispatcherServlet.java:1070) ~[spring-webmvc-5.3.22.jar:5.3.22]
	at org.springframework.web.servlet.DispatcherServlet.doService(DispatcherServlet.java:963) ~[spring-webmvc-5.3.22.jar:5.3.22]
	at org.springframework.web.servlet.FrameworkServlet.processRequest(FrameworkServlet.java:1006) ~[spring-webmvc-5.3.22.jar:5.3.22]
	at org.springframework.web.servlet.FrameworkServlet.doGet(FrameworkServlet.java:898) ~[spring-webmvc-5.3.22.jar:5.3.22]
	at javax.servlet.http.HttpServlet.service(HttpServlet.java:655) ~[tomcat-embed-core-9.0.65.jar:4.0.FR]
	at org.springframework.web.servlet.FrameworkServlet.service(FrameworkServlet.java:883) ~[spring-webmvc-5.3.22.jar:5.3.22]
	at javax.servlet.http.HttpServlet.service(HttpServlet.java:764) ~[tomcat-embed-core-9.0.65.jar:4.0.FR]
	at org.apache.catalina.core.ApplicationFilterChain.internalDoFilter(ApplicationFilterChain.java:227) ~[tomcat-embed-core-9.0.65.jar:9.0.65]
	at org.apache.catalina.core.ApplicationFilterChain.doFilter(ApplicationFilterChain.java:162) ~[tomcat-embed-core-9.0.65.jar:9.0.65]
	at org.apache.tomcat.websocket.server.WsFilter.doFilter(WsFilter.java:53) ~[tomcat-embed-websocket-9.0.65.jar:9.0.65]
	at org.apache.catalina.core.ApplicationFilterChain.internalDoFilter(ApplicationFilterChain.java:189) ~[tomcat-embed-core-9.0.65.jar:9.0.65]
	at org.apache.catalina.core.ApplicationFilterChain.doFilter(ApplicationFilterChain.java:162) ~[tomcat-embed-core-9.0.65.jar:9.0.65]
	at org.springframework.web.filter.RequestContextFilter.doFilterInternal(RequestContextFilter.java:100) ~[spring-web-5.3.22.jar:5.3.22]
	at org.springframework.web.filter.OncePerRequestFilter.doFilter(OncePerRequestFilter.java:117) ~[spring-web-5.3.22.jar:5.3.22]
	at org.apache.catalina.core.ApplicationFilterChain.internalDoFilter(ApplicationFilterChain.java:189) ~[tomcat-embed-core-9.0.65.jar:9.0.65]
	at org.apache.catalina.core.ApplicationFilterChain.doFilter(ApplicationFilterChain.java:162) ~[tomcat-embed-core-9.0.65.jar:9.0.65]
	at org.springframework.web.filter.FormContentFilter.doFilterInternal(FormContentFilter.java:93) ~[spring-web-5.3.22.jar:5.3.22]
	at org.springframework.web.filter.OncePerRequestFilter.doFilter(OncePerRequestFilter.java:117) ~[spring-web-5.3.22.jar:5.3.22]
	at org.apache.catalina.core.ApplicationFilterChain.internalDoFilter(ApplicationFilterChain.java:189) ~[tomcat-embed-core-9.0.65.jar:9.0.65]
	at org.apache.catalina.core.ApplicationFilterChain.doFilter(ApplicationFilterChain.java:162) ~[tomcat-embed-core-9.0.65.jar:9.0.65]
	at org.springframework.web.filter.CharacterEncodingFilter.doFilterInternal(CharacterEncodingFilter.java:201) ~[spring-web-5.3.22.jar:5.3.22]
	at org.springframework.web.filter.OncePerRequestFilter.doFilter(OncePerRequestFilter.java:117) ~[spring-web-5.3.22.jar:5.3.22]
	at org.apache.catalina.core.ApplicationFilterChain.internalDoFilter(ApplicationFilterChain.java:189) ~[tomcat-embed-core-9.0.65.jar:9.0.65]
	at org.apache.catalina.core.ApplicationFilterChain.doFilter(ApplicationFilterChain.java:162) ~[tomcat-embed-core-9.0.65.jar:9.0.65]
	at com.tianji.common.filters.RequestIdFilter.doFilter(RequestIdFilter.java:26) ~[classes/:na]
	at org.apache.catalina.core.ApplicationFilterChain.internalDoFilter(ApplicationFilterChain.java:189) ~[tomcat-embed-core-9.0.65.jar:9.0.65]
	at org.apache.catalina.core.ApplicationFilterChain.doFilter(ApplicationFilterChain.java:162) ~[tomcat-embed-core-9.0.65.jar:9.0.65]
	at org.apache.catalina.core.StandardWrapperValve.invoke(StandardWrapperValve.java:197) ~[tomcat-embed-core-9.0.65.jar:9.0.65]
	at org.apache.catalina.core.StandardContextValve.invoke(StandardContextValve.java:97) ~[tomcat-embed-core-9.0.65.jar:9.0.65]
	at org.apache.catalina.authenticator.AuthenticatorBase.invoke(AuthenticatorBase.java:541) ~[tomcat-embed-core-9.0.65.jar:9.0.65]
	at org.apache.catalina.core.StandardHostValve.invoke(StandardHostValve.java:135) ~[tomcat-embed-core-9.0.65.jar:9.0.65]
	at org.apache.catalina.valves.ErrorReportValve.invoke(ErrorReportValve.java:92) ~[tomcat-embed-core-9.0.65.jar:9.0.65]
	at org.apache.catalina.core.StandardEngineValve.invoke(StandardEngineValve.java:78) ~[tomcat-embed-core-9.0.65.jar:9.0.65]
	at org.apache.catalina.connector.CoyoteAdapter.service(CoyoteAdapter.java:360) ~[tomcat-embed-core-9.0.65.jar:9.0.65]
	at org.apache.coyote.http11.Http11Processor.service(Http11Processor.java:399) ~[tomcat-embed-core-9.0.65.jar:9.0.65]
	at org.apache.coyote.AbstractProcessorLight.process(AbstractProcessorLight.java:65) ~[tomcat-embed-core-9.0.65.jar:9.0.65]
	at org.apache.coyote.AbstractProtocol$ConnectionHandler.process(AbstractProtocol.java:890) ~[tomcat-embed-core-9.0.65.jar:9.0.65]
	at org.apache.tomcat.util.net.NioEndpoint$SocketProcessor.doRun(NioEndpoint.java:1789) ~[tomcat-embed-core-9.0.65.jar:9.0.65]
	at org.apache.tomcat.util.net.SocketProcessorBase.run(SocketProcessorBase.java:49) ~[tomcat-embed-core-9.0.65.jar:9.0.65]
	at org.apache.tomcat.util.threads.ThreadPoolExecutor.runWorker(ThreadPoolExecutor.java:1191) ~[tomcat-embed-core-9.0.65.jar:9.0.65]
	at org.apache.tomcat.util.threads.ThreadPoolExecutor$Worker.run(ThreadPoolExecutor.java:659) ~[tomcat-embed-core-9.0.65.jar:9.0.65]
	at org.apache.tomcat.util.threads.TaskThread$WrappingRunnable.run(TaskThread.java:61) ~[tomcat-embed-core-9.0.65.jar:9.0.65]
	at java.base/java.lang.Thread.run(Thread.java:1589) ~[na:na]
20:24:17.557-[LAPTOP-L9SH1VHI][51f6f659c9c84668b3253037e98809d9]--ERROR 11888 --- [nio-8088-exec-2] c.t.c.a.m.advice.CommonExceptionAdvice   : 参数异常 -> NestedServletException，Required request parameter 'courseIds' for method parameter type List is not present
20:24:17.558-[LAPTOP-L9SH1VHI][51f6f659c9c84668b3253037e98809d9]--DEBUG 11888 --- [nio-8088-exec-2] c.t.c.a.m.advice.CommonExceptionAdvice   : 
org.springframework.web.bind.MissingServletRequestParameterException: Required request parameter 'courseIds' for method parameter type List is not present
	at org.springframework.web.method.annotation.RequestParamMethodArgumentResolver.handleMissingValueInternal(RequestParamMethodArgumentResolver.java:218) ~[spring-web-5.3.22.jar:5.3.22]
	at org.springframework.web.method.annotation.RequestParamMethodArgumentResolver.handleMissingValue(RequestParamMethodArgumentResolver.java:193) ~[spring-web-5.3.22.jar:5.3.22]
	at org.springframework.web.method.annotation.AbstractNamedValueMethodArgumentResolver.resolveArgument(AbstractNamedValueMethodArgumentResolver.java:114) ~[spring-web-5.3.22.jar:5.3.22]
	at org.springframework.web.method.support.HandlerMethodArgumentResolverComposite.resolveArgument(HandlerMethodArgumentResolverComposite.java:122) ~[spring-web-5.3.22.jar:5.3.22]
	at org.springframework.web.method.support.InvocableHandlerMethod.getMethodArgumentValues(InvocableHandlerMethod.java:179) ~[spring-web-5.3.22.jar:5.3.22]
	at org.springframework.web.method.support.InvocableHandlerMethod.invokeForRequest(InvocableHandlerMethod.java:146) ~[spring-web-5.3.22.jar:5.3.22]
	at org.springframework.web.servlet.mvc.method.annotation.ServletInvocableHandlerMethod.invokeAndHandle(ServletInvocableHandlerMethod.java:117) ~[spring-webmvc-5.3.22.jar:5.3.22]
	at org.springframework.web.servlet.mvc.method.annotation.RequestMappingHandlerAdapter.invokeHandlerMethod(RequestMappingHandlerAdapter.java:895) ~[spring-webmvc-5.3.22.jar:5.3.22]
	at org.springframework.web.servlet.mvc.method.annotation.RequestMappingHandlerAdapter.handleInternal(RequestMappingHandlerAdapter.java:808) ~[spring-webmvc-5.3.22.jar:5.3.22]
	at org.springframework.web.servlet.mvc.method.AbstractHandlerMethodAdapter.handle(AbstractHandlerMethodAdapter.java:87) ~[spring-webmvc-5.3.22.jar:5.3.22]
	at org.springframework.web.servlet.DispatcherServlet.doDispatch(DispatcherServlet.java:1070) ~[spring-webmvc-5.3.22.jar:5.3.22]
	at org.springframework.web.servlet.DispatcherServlet.doService(DispatcherServlet.java:963) ~[spring-webmvc-5.3.22.jar:5.3.22]
	at org.springframework.web.servlet.FrameworkServlet.processRequest(FrameworkServlet.java:1006) ~[spring-webmvc-5.3.22.jar:5.3.22]
	at org.springframework.web.servlet.FrameworkServlet.doGet(FrameworkServlet.java:898) ~[spring-webmvc-5.3.22.jar:5.3.22]
	at javax.servlet.http.HttpServlet.service(HttpServlet.java:655) ~[tomcat-embed-core-9.0.65.jar:4.0.FR]
	at org.springframework.web.servlet.FrameworkServlet.service(FrameworkServlet.java:883) ~[spring-webmvc-5.3.22.jar:5.3.22]
	at javax.servlet.http.HttpServlet.service(HttpServlet.java:764) ~[tomcat-embed-core-9.0.65.jar:4.0.FR]
	at org.apache.catalina.core.ApplicationFilterChain.internalDoFilter(ApplicationFilterChain.java:227) ~[tomcat-embed-core-9.0.65.jar:9.0.65]
	at org.apache.catalina.core.ApplicationFilterChain.doFilter(ApplicationFilterChain.java:162) ~[tomcat-embed-core-9.0.65.jar:9.0.65]
	at org.apache.tomcat.websocket.server.WsFilter.doFilter(WsFilter.java:53) ~[tomcat-embed-websocket-9.0.65.jar:9.0.65]
	at org.apache.catalina.core.ApplicationFilterChain.internalDoFilter(ApplicationFilterChain.java:189) ~[tomcat-embed-core-9.0.65.jar:9.0.65]
	at org.apache.catalina.core.ApplicationFilterChain.doFilter(ApplicationFilterChain.java:162) ~[tomcat-embed-core-9.0.65.jar:9.0.65]
	at org.springframework.web.filter.RequestContextFilter.doFilterInternal(RequestContextFilter.java:100) ~[spring-web-5.3.22.jar:5.3.22]
	at org.springframework.web.filter.OncePerRequestFilter.doFilter(OncePerRequestFilter.java:117) ~[spring-web-5.3.22.jar:5.3.22]
	at org.apache.catalina.core.ApplicationFilterChain.internalDoFilter(ApplicationFilterChain.java:189) ~[tomcat-embed-core-9.0.65.jar:9.0.65]
	at org.apache.catalina.core.ApplicationFilterChain.doFilter(ApplicationFilterChain.java:162) ~[tomcat-embed-core-9.0.65.jar:9.0.65]
	at org.springframework.web.filter.FormContentFilter.doFilterInternal(FormContentFilter.java:93) ~[spring-web-5.3.22.jar:5.3.22]
	at org.springframework.web.filter.OncePerRequestFilter.doFilter(OncePerRequestFilter.java:117) ~[spring-web-5.3.22.jar:5.3.22]
	at org.apache.catalina.core.ApplicationFilterChain.internalDoFilter(ApplicationFilterChain.java:189) ~[tomcat-embed-core-9.0.65.jar:9.0.65]
	at org.apache.catalina.core.ApplicationFilterChain.doFilter(ApplicationFilterChain.java:162) ~[tomcat-embed-core-9.0.65.jar:9.0.65]
	at org.springframework.web.filter.CharacterEncodingFilter.doFilterInternal(CharacterEncodingFilter.java:201) ~[spring-web-5.3.22.jar:5.3.22]
	at org.springframework.web.filter.OncePerRequestFilter.doFilter(OncePerRequestFilter.java:117) ~[spring-web-5.3.22.jar:5.3.22]
	at org.apache.catalina.core.ApplicationFilterChain.internalDoFilter(ApplicationFilterChain.java:189) ~[tomcat-embed-core-9.0.65.jar:9.0.65]
	at org.apache.catalina.core.ApplicationFilterChain.doFilter(ApplicationFilterChain.java:162) ~[tomcat-embed-core-9.0.65.jar:9.0.65]
	at com.tianji.common.filters.RequestIdFilter.doFilter(RequestIdFilter.java:26) ~[classes/:na]
	at org.apache.catalina.core.ApplicationFilterChain.internalDoFilter(ApplicationFilterChain.java:189) ~[tomcat-embed-core-9.0.65.jar:9.0.65]
	at org.apache.catalina.core.ApplicationFilterChain.doFilter(ApplicationFilterChain.java:162) ~[tomcat-embed-core-9.0.65.jar:9.0.65]
	at org.apache.catalina.core.StandardWrapperValve.invoke(StandardWrapperValve.java:197) ~[tomcat-embed-core-9.0.65.jar:9.0.65]
	at org.apache.catalina.core.StandardContextValve.invoke(StandardContextValve.java:97) ~[tomcat-embed-core-9.0.65.jar:9.0.65]
	at org.apache.catalina.authenticator.AuthenticatorBase.invoke(AuthenticatorBase.java:541) ~[tomcat-embed-core-9.0.65.jar:9.0.65]
	at org.apache.catalina.core.StandardHostValve.invoke(StandardHostValve.java:135) ~[tomcat-embed-core-9.0.65.jar:9.0.65]
	at org.apache.catalina.valves.ErrorReportValve.invoke(ErrorReportValve.java:92) ~[tomcat-embed-core-9.0.65.jar:9.0.65]
	at org.apache.catalina.core.StandardEngineValve.invoke(StandardEngineValve.java:78) ~[tomcat-embed-core-9.0.65.jar:9.0.65]
	at org.apache.catalina.connector.CoyoteAdapter.service(CoyoteAdapter.java:360) ~[tomcat-embed-core-9.0.65.jar:9.0.65]
	at org.apache.coyote.http11.Http11Processor.service(Http11Processor.java:399) ~[tomcat-embed-core-9.0.65.jar:9.0.65]
	at org.apache.coyote.AbstractProcessorLight.process(AbstractProcessorLight.java:65) ~[tomcat-embed-core-9.0.65.jar:9.0.65]
	at org.apache.coyote.AbstractProtocol$ConnectionHandler.process(AbstractProtocol.java:890) ~[tomcat-embed-core-9.0.65.jar:9.0.65]
	at org.apache.tomcat.util.net.NioEndpoint$SocketProcessor.doRun(NioEndpoint.java:1789) ~[tomcat-embed-core-9.0.65.jar:9.0.65]
	at org.apache.tomcat.util.net.SocketProcessorBase.run(SocketProcessorBase.java:49) ~[tomcat-embed-core-9.0.65.jar:9.0.65]
	at org.apache.tomcat.util.threads.ThreadPoolExecutor.runWorker(ThreadPoolExecutor.java:1191) ~[tomcat-embed-core-9.0.65.jar:9.0.65]
	at org.apache.tomcat.util.threads.ThreadPoolExecutor$Worker.run(ThreadPoolExecutor.java:659) ~[tomcat-embed-core-9.0.65.jar:9.0.65]
	at org.apache.tomcat.util.threads.TaskThread$WrappingRunnable.run(TaskThread.java:61) ~[tomcat-embed-core-9.0.65.jar:9.0.65]
	at java.base/java.lang.Thread.run(Thread.java:1589) ~[na:na]
20:24:18.037-[LAPTOP-L9SH1VHI][97e921d49c7c43eeacbbaf901c811826]--ERROR 11888 --- [nio-8088-exec-3] c.t.c.a.m.advice.CommonExceptionAdvice   : 参数异常 -> NestedServletException，Required request parameter 'courseIds' for method parameter type List is not present
20:24:18.038-[LAPTOP-L9SH1VHI][97e921d49c7c43eeacbbaf901c811826]--DEBUG 11888 --- [nio-8088-exec-3] c.t.c.a.m.advice.CommonExceptionAdvice   : 
org.springframework.web.bind.MissingServletRequestParameterException: Required request parameter 'courseIds' for method parameter type List is not present
	at org.springframework.web.method.annotation.RequestParamMethodArgumentResolver.handleMissingValueInternal(RequestParamMethodArgumentResolver.java:218) ~[spring-web-5.3.22.jar:5.3.22]
	at org.springframework.web.method.annotation.RequestParamMethodArgumentResolver.handleMissingValue(RequestParamMethodArgumentResolver.java:193) ~[spring-web-5.3.22.jar:5.3.22]
	at org.springframework.web.method.annotation.AbstractNamedValueMethodArgumentResolver.resolveArgument(AbstractNamedValueMethodArgumentResolver.java:114) ~[spring-web-5.3.22.jar:5.3.22]
	at org.springframework.web.method.support.HandlerMethodArgumentResolverComposite.resolveArgument(HandlerMethodArgumentResolverComposite.java:122) ~[spring-web-5.3.22.jar:5.3.22]
	at org.springframework.web.method.support.InvocableHandlerMethod.getMethodArgumentValues(InvocableHandlerMethod.java:179) ~[spring-web-5.3.22.jar:5.3.22]
	at org.springframework.web.method.support.InvocableHandlerMethod.invokeForRequest(InvocableHandlerMethod.java:146) ~[spring-web-5.3.22.jar:5.3.22]
	at org.springframework.web.servlet.mvc.method.annotation.ServletInvocableHandlerMethod.invokeAndHandle(ServletInvocableHandlerMethod.java:117) ~[spring-webmvc-5.3.22.jar:5.3.22]
	at org.springframework.web.servlet.mvc.method.annotation.RequestMappingHandlerAdapter.invokeHandlerMethod(RequestMappingHandlerAdapter.java:895) ~[spring-webmvc-5.3.22.jar:5.3.22]
	at org.springframework.web.servlet.mvc.method.annotation.RequestMappingHandlerAdapter.handleInternal(RequestMappingHandlerAdapter.java:808) ~[spring-webmvc-5.3.22.jar:5.3.22]
	at org.springframework.web.servlet.mvc.method.AbstractHandlerMethodAdapter.handle(AbstractHandlerMethodAdapter.java:87) ~[spring-webmvc-5.3.22.jar:5.3.22]
	at org.springframework.web.servlet.DispatcherServlet.doDispatch(DispatcherServlet.java:1070) ~[spring-webmvc-5.3.22.jar:5.3.22]
	at org.springframework.web.servlet.DispatcherServlet.doService(DispatcherServlet.java:963) ~[spring-webmvc-5.3.22.jar:5.3.22]
	at org.springframework.web.servlet.FrameworkServlet.processRequest(FrameworkServlet.java:1006) ~[spring-webmvc-5.3.22.jar:5.3.22]
	at org.springframework.web.servlet.FrameworkServlet.doGet(FrameworkServlet.java:898) ~[spring-webmvc-5.3.22.jar:5.3.22]
	at javax.servlet.http.HttpServlet.service(HttpServlet.java:655) ~[tomcat-embed-core-9.0.65.jar:4.0.FR]
	at org.springframework.web.servlet.FrameworkServlet.service(FrameworkServlet.java:883) ~[spring-webmvc-5.3.22.jar:5.3.22]
	at javax.servlet.http.HttpServlet.service(HttpServlet.java:764) ~[tomcat-embed-core-9.0.65.jar:4.0.FR]
	at org.apache.catalina.core.ApplicationFilterChain.internalDoFilter(ApplicationFilterChain.java:227) ~[tomcat-embed-core-9.0.65.jar:9.0.65]
	at org.apache.catalina.core.ApplicationFilterChain.doFilter(ApplicationFilterChain.java:162) ~[tomcat-embed-core-9.0.65.jar:9.0.65]
	at org.apache.tomcat.websocket.server.WsFilter.doFilter(WsFilter.java:53) ~[tomcat-embed-websocket-9.0.65.jar:9.0.65]
	at org.apache.catalina.core.ApplicationFilterChain.internalDoFilter(ApplicationFilterChain.java:189) ~[tomcat-embed-core-9.0.65.jar:9.0.65]
	at org.apache.catalina.core.ApplicationFilterChain.doFilter(ApplicationFilterChain.java:162) ~[tomcat-embed-core-9.0.65.jar:9.0.65]
	at org.springframework.web.filter.RequestContextFilter.doFilterInternal(RequestContextFilter.java:100) ~[spring-web-5.3.22.jar:5.3.22]
	at org.springframework.web.filter.OncePerRequestFilter.doFilter(OncePerRequestFilter.java:117) ~[spring-web-5.3.22.jar:5.3.22]
	at org.apache.catalina.core.ApplicationFilterChain.internalDoFilter(ApplicationFilterChain.java:189) ~[tomcat-embed-core-9.0.65.jar:9.0.65]
	at org.apache.catalina.core.ApplicationFilterChain.doFilter(ApplicationFilterChain.java:162) ~[tomcat-embed-core-9.0.65.jar:9.0.65]
	at org.springframework.web.filter.FormContentFilter.doFilterInternal(FormContentFilter.java:93) ~[spring-web-5.3.22.jar:5.3.22]
	at org.springframework.web.filter.OncePerRequestFilter.doFilter(OncePerRequestFilter.java:117) ~[spring-web-5.3.22.jar:5.3.22]
	at org.apache.catalina.core.ApplicationFilterChain.internalDoFilter(ApplicationFilterChain.java:189) ~[tomcat-embed-core-9.0.65.jar:9.0.65]
	at org.apache.catalina.core.ApplicationFilterChain.doFilter(ApplicationFilterChain.java:162) ~[tomcat-embed-core-9.0.65.jar:9.0.65]
	at org.springframework.web.filter.CharacterEncodingFilter.doFilterInternal(CharacterEncodingFilter.java:201) ~[spring-web-5.3.22.jar:5.3.22]
	at org.springframework.web.filter.OncePerRequestFilter.doFilter(OncePerRequestFilter.java:117) ~[spring-web-5.3.22.jar:5.3.22]
	at org.apache.catalina.core.ApplicationFilterChain.internalDoFilter(ApplicationFilterChain.java:189) ~[tomcat-embed-core-9.0.65.jar:9.0.65]
	at org.apache.catalina.core.ApplicationFilterChain.doFilter(ApplicationFilterChain.java:162) ~[tomcat-embed-core-9.0.65.jar:9.0.65]
	at com.tianji.common.filters.RequestIdFilter.doFilter(RequestIdFilter.java:26) ~[classes/:na]
	at org.apache.catalina.core.ApplicationFilterChain.internalDoFilter(ApplicationFilterChain.java:189) ~[tomcat-embed-core-9.0.65.jar:9.0.65]
	at org.apache.catalina.core.ApplicationFilterChain.doFilter(ApplicationFilterChain.java:162) ~[tomcat-embed-core-9.0.65.jar:9.0.65]
	at org.apache.catalina.core.StandardWrapperValve.invoke(StandardWrapperValve.java:197) ~[tomcat-embed-core-9.0.65.jar:9.0.65]
	at org.apache.catalina.core.StandardContextValve.invoke(StandardContextValve.java:97) ~[tomcat-embed-core-9.0.65.jar:9.0.65]
	at org.apache.catalina.authenticator.AuthenticatorBase.invoke(AuthenticatorBase.java:541) ~[tomcat-embed-core-9.0.65.jar:9.0.65]
	at org.apache.catalina.core.StandardHostValve.invoke(StandardHostValve.java:135) ~[tomcat-embed-core-9.0.65.jar:9.0.65]
	at org.apache.catalina.valves.ErrorReportValve.invoke(ErrorReportValve.java:92) ~[tomcat-embed-core-9.0.65.jar:9.0.65]
	at org.apache.catalina.core.StandardEngineValve.invoke(StandardEngineValve.java:78) ~[tomcat-embed-core-9.0.65.jar:9.0.65]
	at org.apache.catalina.connector.CoyoteAdapter.service(CoyoteAdapter.java:360) ~[tomcat-embed-core-9.0.65.jar:9.0.65]
	at org.apache.coyote.http11.Http11Processor.service(Http11Processor.java:399) ~[tomcat-embed-core-9.0.65.jar:9.0.65]
	at org.apache.coyote.AbstractProcessorLight.process(AbstractProcessorLight.java:65) ~[tomcat-embed-core-9.0.65.jar:9.0.65]
	at org.apache.coyote.AbstractProtocol$ConnectionHandler.process(AbstractProtocol.java:890) ~[tomcat-embed-core-9.0.65.jar:9.0.65]
	at org.apache.tomcat.util.net.NioEndpoint$SocketProcessor.doRun(NioEndpoint.java:1789) ~[tomcat-embed-core-9.0.65.jar:9.0.65]
	at org.apache.tomcat.util.net.SocketProcessorBase.run(SocketProcessorBase.java:49) ~[tomcat-embed-core-9.0.65.jar:9.0.65]
	at org.apache.tomcat.util.threads.ThreadPoolExecutor.runWorker(ThreadPoolExecutor.java:1191) ~[tomcat-embed-core-9.0.65.jar:9.0.65]
	at org.apache.tomcat.util.threads.ThreadPoolExecutor$Worker.run(ThreadPoolExecutor.java:659) ~[tomcat-embed-core-9.0.65.jar:9.0.65]
	at org.apache.tomcat.util.threads.TaskThread$WrappingRunnable.run(TaskThread.java:61) ~[tomcat-embed-core-9.0.65.jar:9.0.65]
	at java.base/java.lang.Thread.run(Thread.java:1589) ~[na:na]
20:24:18.579-[LAPTOP-L9SH1VHI][f160c6f07f154021bfa3271761e0d727]--ERROR 11888 --- [nio-8088-exec-4] c.t.c.a.m.advice.CommonExceptionAdvice   : 参数异常 -> NestedServletException，Required request parameter 'courseIds' for method parameter type List is not present
20:24:18.581-[LAPTOP-L9SH1VHI][f160c6f07f154021bfa3271761e0d727]--DEBUG 11888 --- [nio-8088-exec-4] c.t.c.a.m.advice.CommonExceptionAdvice   : 
org.springframework.web.bind.MissingServletRequestParameterException: Required request parameter 'courseIds' for method parameter type List is not present
	at org.springframework.web.method.annotation.RequestParamMethodArgumentResolver.handleMissingValueInternal(RequestParamMethodArgumentResolver.java:218) ~[spring-web-5.3.22.jar:5.3.22]
	at org.springframework.web.method.annotation.RequestParamMethodArgumentResolver.handleMissingValue(RequestParamMethodArgumentResolver.java:193) ~[spring-web-5.3.22.jar:5.3.22]
	at org.springframework.web.method.annotation.AbstractNamedValueMethodArgumentResolver.resolveArgument(AbstractNamedValueMethodArgumentResolver.java:114) ~[spring-web-5.3.22.jar:5.3.22]
	at org.springframework.web.method.support.HandlerMethodArgumentResolverComposite.resolveArgument(HandlerMethodArgumentResolverComposite.java:122) ~[spring-web-5.3.22.jar:5.3.22]
	at org.springframework.web.method.support.InvocableHandlerMethod.getMethodArgumentValues(InvocableHandlerMethod.java:179) ~[spring-web-5.3.22.jar:5.3.22]
	at org.springframework.web.method.support.InvocableHandlerMethod.invokeForRequest(InvocableHandlerMethod.java:146) ~[spring-web-5.3.22.jar:5.3.22]
	at org.springframework.web.servlet.mvc.method.annotation.ServletInvocableHandlerMethod.invokeAndHandle(ServletInvocableHandlerMethod.java:117) ~[spring-webmvc-5.3.22.jar:5.3.22]
	at org.springframework.web.servlet.mvc.method.annotation.RequestMappingHandlerAdapter.invokeHandlerMethod(RequestMappingHandlerAdapter.java:895) ~[spring-webmvc-5.3.22.jar:5.3.22]
	at org.springframework.web.servlet.mvc.method.annotation.RequestMappingHandlerAdapter.handleInternal(RequestMappingHandlerAdapter.java:808) ~[spring-webmvc-5.3.22.jar:5.3.22]
	at org.springframework.web.servlet.mvc.method.AbstractHandlerMethodAdapter.handle(AbstractHandlerMethodAdapter.java:87) ~[spring-webmvc-5.3.22.jar:5.3.22]
	at org.springframework.web.servlet.DispatcherServlet.doDispatch(DispatcherServlet.java:1070) ~[spring-webmvc-5.3.22.jar:5.3.22]
	at org.springframework.web.servlet.DispatcherServlet.doService(DispatcherServlet.java:963) ~[spring-webmvc-5.3.22.jar:5.3.22]
	at org.springframework.web.servlet.FrameworkServlet.processRequest(FrameworkServlet.java:1006) ~[spring-webmvc-5.3.22.jar:5.3.22]
	at org.springframework.web.servlet.FrameworkServlet.doGet(FrameworkServlet.java:898) ~[spring-webmvc-5.3.22.jar:5.3.22]
	at javax.servlet.http.HttpServlet.service(HttpServlet.java:655) ~[tomcat-embed-core-9.0.65.jar:4.0.FR]
	at org.springframework.web.servlet.FrameworkServlet.service(FrameworkServlet.java:883) ~[spring-webmvc-5.3.22.jar:5.3.22]
	at javax.servlet.http.HttpServlet.service(HttpServlet.java:764) ~[tomcat-embed-core-9.0.65.jar:4.0.FR]
	at org.apache.catalina.core.ApplicationFilterChain.internalDoFilter(ApplicationFilterChain.java:227) ~[tomcat-embed-core-9.0.65.jar:9.0.65]
	at org.apache.catalina.core.ApplicationFilterChain.doFilter(ApplicationFilterChain.java:162) ~[tomcat-embed-core-9.0.65.jar:9.0.65]
	at org.apache.tomcat.websocket.server.WsFilter.doFilter(WsFilter.java:53) ~[tomcat-embed-websocket-9.0.65.jar:9.0.65]
	at org.apache.catalina.core.ApplicationFilterChain.internalDoFilter(ApplicationFilterChain.java:189) ~[tomcat-embed-core-9.0.65.jar:9.0.65]
	at org.apache.catalina.core.ApplicationFilterChain.doFilter(ApplicationFilterChain.java:162) ~[tomcat-embed-core-9.0.65.jar:9.0.65]
	at org.springframework.web.filter.RequestContextFilter.doFilterInternal(RequestContextFilter.java:100) ~[spring-web-5.3.22.jar:5.3.22]
	at org.springframework.web.filter.OncePerRequestFilter.doFilter(OncePerRequestFilter.java:117) ~[spring-web-5.3.22.jar:5.3.22]
	at org.apache.catalina.core.ApplicationFilterChain.internalDoFilter(ApplicationFilterChain.java:189) ~[tomcat-embed-core-9.0.65.jar:9.0.65]
	at org.apache.catalina.core.ApplicationFilterChain.doFilter(ApplicationFilterChain.java:162) ~[tomcat-embed-core-9.0.65.jar:9.0.65]
	at org.springframework.web.filter.FormContentFilter.doFilterInternal(FormContentFilter.java:93) ~[spring-web-5.3.22.jar:5.3.22]
	at org.springframework.web.filter.OncePerRequestFilter.doFilter(OncePerRequestFilter.java:117) ~[spring-web-5.3.22.jar:5.3.22]
	at org.apache.catalina.core.ApplicationFilterChain.internalDoFilter(ApplicationFilterChain.java:189) ~[tomcat-embed-core-9.0.65.jar:9.0.65]
	at org.apache.catalina.core.ApplicationFilterChain.doFilter(ApplicationFilterChain.java:162) ~[tomcat-embed-core-9.0.65.jar:9.0.65]
	at org.springframework.web.filter.CharacterEncodingFilter.doFilterInternal(CharacterEncodingFilter.java:201) ~[spring-web-5.3.22.jar:5.3.22]
	at org.springframework.web.filter.OncePerRequestFilter.doFilter(OncePerRequestFilter.java:117) ~[spring-web-5.3.22.jar:5.3.22]
	at org.apache.catalina.core.ApplicationFilterChain.internalDoFilter(ApplicationFilterChain.java:189) ~[tomcat-embed-core-9.0.65.jar:9.0.65]
	at org.apache.catalina.core.ApplicationFilterChain.doFilter(ApplicationFilterChain.java:162) ~[tomcat-embed-core-9.0.65.jar:9.0.65]
	at com.tianji.common.filters.RequestIdFilter.doFilter(RequestIdFilter.java:26) ~[classes/:na]
	at org.apache.catalina.core.ApplicationFilterChain.internalDoFilter(ApplicationFilterChain.java:189) ~[tomcat-embed-core-9.0.65.jar:9.0.65]
	at org.apache.catalina.core.ApplicationFilterChain.doFilter(ApplicationFilterChain.java:162) ~[tomcat-embed-core-9.0.65.jar:9.0.65]
	at org.apache.catalina.core.StandardWrapperValve.invoke(StandardWrapperValve.java:197) ~[tomcat-embed-core-9.0.65.jar:9.0.65]
	at org.apache.catalina.core.StandardContextValve.invoke(StandardContextValve.java:97) ~[tomcat-embed-core-9.0.65.jar:9.0.65]
	at org.apache.catalina.authenticator.AuthenticatorBase.invoke(AuthenticatorBase.java:541) ~[tomcat-embed-core-9.0.65.jar:9.0.65]
	at org.apache.catalina.core.StandardHostValve.invoke(StandardHostValve.java:135) ~[tomcat-embed-core-9.0.65.jar:9.0.65]
	at org.apache.catalina.valves.ErrorReportValve.invoke(ErrorReportValve.java:92) ~[tomcat-embed-core-9.0.65.jar:9.0.65]
	at org.apache.catalina.core.StandardEngineValve.invoke(StandardEngineValve.java:78) ~[tomcat-embed-core-9.0.65.jar:9.0.65]
	at org.apache.catalina.connector.CoyoteAdapter.service(CoyoteAdapter.java:360) ~[tomcat-embed-core-9.0.65.jar:9.0.65]
	at org.apache.coyote.http11.Http11Processor.service(Http11Processor.java:399) ~[tomcat-embed-core-9.0.65.jar:9.0.65]
	at org.apache.coyote.AbstractProcessorLight.process(AbstractProcessorLight.java:65) ~[tomcat-embed-core-9.0.65.jar:9.0.65]
	at org.apache.coyote.AbstractProtocol$ConnectionHandler.process(AbstractProtocol.java:890) ~[tomcat-embed-core-9.0.65.jar:9.0.65]
	at org.apache.tomcat.util.net.NioEndpoint$SocketProcessor.doRun(NioEndpoint.java:1789) ~[tomcat-embed-core-9.0.65.jar:9.0.65]
	at org.apache.tomcat.util.net.SocketProcessorBase.run(SocketProcessorBase.java:49) ~[tomcat-embed-core-9.0.65.jar:9.0.65]
	at org.apache.tomcat.util.threads.ThreadPoolExecutor.runWorker(ThreadPoolExecutor.java:1191) ~[tomcat-embed-core-9.0.65.jar:9.0.65]
	at org.apache.tomcat.util.threads.ThreadPoolExecutor$Worker.run(ThreadPoolExecutor.java:659) ~[tomcat-embed-core-9.0.65.jar:9.0.65]
	at org.apache.tomcat.util.threads.TaskThread$WrappingRunnable.run(TaskThread.java:61) ~[tomcat-embed-core-9.0.65.jar:9.0.65]
	at java.base/java.lang.Thread.run(Thread.java:1589) ~[na:na]
20:24:19.027-[LAPTOP-L9SH1VHI][0b740ec010684d09863b6ff95300cecb]--ERROR 11888 --- [nio-8088-exec-5] c.t.c.a.m.advice.CommonExceptionAdvice   : 参数异常 -> NestedServletException，Required request parameter 'courseIds' for method parameter type List is not present
20:24:19.028-[LAPTOP-L9SH1VHI][0b740ec010684d09863b6ff95300cecb]--DEBUG 11888 --- [nio-8088-exec-5] c.t.c.a.m.advice.CommonExceptionAdvice   : 
org.springframework.web.bind.MissingServletRequestParameterException: Required request parameter 'courseIds' for method parameter type List is not present
	at org.springframework.web.method.annotation.RequestParamMethodArgumentResolver.handleMissingValueInternal(RequestParamMethodArgumentResolver.java:218) ~[spring-web-5.3.22.jar:5.3.22]
	at org.springframework.web.method.annotation.RequestParamMethodArgumentResolver.handleMissingValue(RequestParamMethodArgumentResolver.java:193) ~[spring-web-5.3.22.jar:5.3.22]
	at org.springframework.web.method.annotation.AbstractNamedValueMethodArgumentResolver.resolveArgument(AbstractNamedValueMethodArgumentResolver.java:114) ~[spring-web-5.3.22.jar:5.3.22]
	at org.springframework.web.method.support.HandlerMethodArgumentResolverComposite.resolveArgument(HandlerMethodArgumentResolverComposite.java:122) ~[spring-web-5.3.22.jar:5.3.22]
	at org.springframework.web.method.support.InvocableHandlerMethod.getMethodArgumentValues(InvocableHandlerMethod.java:179) ~[spring-web-5.3.22.jar:5.3.22]
	at org.springframework.web.method.support.InvocableHandlerMethod.invokeForRequest(InvocableHandlerMethod.java:146) ~[spring-web-5.3.22.jar:5.3.22]
	at org.springframework.web.servlet.mvc.method.annotation.ServletInvocableHandlerMethod.invokeAndHandle(ServletInvocableHandlerMethod.java:117) ~[spring-webmvc-5.3.22.jar:5.3.22]
	at org.springframework.web.servlet.mvc.method.annotation.RequestMappingHandlerAdapter.invokeHandlerMethod(RequestMappingHandlerAdapter.java:895) ~[spring-webmvc-5.3.22.jar:5.3.22]
	at org.springframework.web.servlet.mvc.method.annotation.RequestMappingHandlerAdapter.handleInternal(RequestMappingHandlerAdapter.java:808) ~[spring-webmvc-5.3.22.jar:5.3.22]
	at org.springframework.web.servlet.mvc.method.AbstractHandlerMethodAdapter.handle(AbstractHandlerMethodAdapter.java:87) ~[spring-webmvc-5.3.22.jar:5.3.22]
	at org.springframework.web.servlet.DispatcherServlet.doDispatch(DispatcherServlet.java:1070) ~[spring-webmvc-5.3.22.jar:5.3.22]
	at org.springframework.web.servlet.DispatcherServlet.doService(DispatcherServlet.java:963) ~[spring-webmvc-5.3.22.jar:5.3.22]
	at org.springframework.web.servlet.FrameworkServlet.processRequest(FrameworkServlet.java:1006) ~[spring-webmvc-5.3.22.jar:5.3.22]
	at org.springframework.web.servlet.FrameworkServlet.doGet(FrameworkServlet.java:898) ~[spring-webmvc-5.3.22.jar:5.3.22]
	at javax.servlet.http.HttpServlet.service(HttpServlet.java:655) ~[tomcat-embed-core-9.0.65.jar:4.0.FR]
	at org.springframework.web.servlet.FrameworkServlet.service(FrameworkServlet.java:883) ~[spring-webmvc-5.3.22.jar:5.3.22]
	at javax.servlet.http.HttpServlet.service(HttpServlet.java:764) ~[tomcat-embed-core-9.0.65.jar:4.0.FR]
	at org.apache.catalina.core.ApplicationFilterChain.internalDoFilter(ApplicationFilterChain.java:227) ~[tomcat-embed-core-9.0.65.jar:9.0.65]
	at org.apache.catalina.core.ApplicationFilterChain.doFilter(ApplicationFilterChain.java:162) ~[tomcat-embed-core-9.0.65.jar:9.0.65]
	at org.apache.tomcat.websocket.server.WsFilter.doFilter(WsFilter.java:53) ~[tomcat-embed-websocket-9.0.65.jar:9.0.65]
	at org.apache.catalina.core.ApplicationFilterChain.internalDoFilter(ApplicationFilterChain.java:189) ~[tomcat-embed-core-9.0.65.jar:9.0.65]
	at org.apache.catalina.core.ApplicationFilterChain.doFilter(ApplicationFilterChain.java:162) ~[tomcat-embed-core-9.0.65.jar:9.0.65]
	at org.springframework.web.filter.RequestContextFilter.doFilterInternal(RequestContextFilter.java:100) ~[spring-web-5.3.22.jar:5.3.22]
	at org.springframework.web.filter.OncePerRequestFilter.doFilter(OncePerRequestFilter.java:117) ~[spring-web-5.3.22.jar:5.3.22]
	at org.apache.catalina.core.ApplicationFilterChain.internalDoFilter(ApplicationFilterChain.java:189) ~[tomcat-embed-core-9.0.65.jar:9.0.65]
	at org.apache.catalina.core.ApplicationFilterChain.doFilter(ApplicationFilterChain.java:162) ~[tomcat-embed-core-9.0.65.jar:9.0.65]
	at org.springframework.web.filter.FormContentFilter.doFilterInternal(FormContentFilter.java:93) ~[spring-web-5.3.22.jar:5.3.22]
	at org.springframework.web.filter.OncePerRequestFilter.doFilter(OncePerRequestFilter.java:117) ~[spring-web-5.3.22.jar:5.3.22]
	at org.apache.catalina.core.ApplicationFilterChain.internalDoFilter(ApplicationFilterChain.java:189) ~[tomcat-embed-core-9.0.65.jar:9.0.65]
	at org.apache.catalina.core.ApplicationFilterChain.doFilter(ApplicationFilterChain.java:162) ~[tomcat-embed-core-9.0.65.jar:9.0.65]
	at org.springframework.web.filter.CharacterEncodingFilter.doFilterInternal(CharacterEncodingFilter.java:201) ~[spring-web-5.3.22.jar:5.3.22]
	at org.springframework.web.filter.OncePerRequestFilter.doFilter(OncePerRequestFilter.java:117) ~[spring-web-5.3.22.jar:5.3.22]
	at org.apache.catalina.core.ApplicationFilterChain.internalDoFilter(ApplicationFilterChain.java:189) ~[tomcat-embed-core-9.0.65.jar:9.0.65]
	at org.apache.catalina.core.ApplicationFilterChain.doFilter(ApplicationFilterChain.java:162) ~[tomcat-embed-core-9.0.65.jar:9.0.65]
	at com.tianji.common.filters.RequestIdFilter.doFilter(RequestIdFilter.java:26) ~[classes/:na]
	at org.apache.catalina.core.ApplicationFilterChain.internalDoFilter(ApplicationFilterChain.java:189) ~[tomcat-embed-core-9.0.65.jar:9.0.65]
	at org.apache.catalina.core.ApplicationFilterChain.doFilter(ApplicationFilterChain.java:162) ~[tomcat-embed-core-9.0.65.jar:9.0.65]
	at org.apache.catalina.core.StandardWrapperValve.invoke(StandardWrapperValve.java:197) ~[tomcat-embed-core-9.0.65.jar:9.0.65]
	at org.apache.catalina.core.StandardContextValve.invoke(StandardContextValve.java:97) ~[tomcat-embed-core-9.0.65.jar:9.0.65]
	at org.apache.catalina.authenticator.AuthenticatorBase.invoke(AuthenticatorBase.java:541) ~[tomcat-embed-core-9.0.65.jar:9.0.65]
	at org.apache.catalina.core.StandardHostValve.invoke(StandardHostValve.java:135) ~[tomcat-embed-core-9.0.65.jar:9.0.65]
	at org.apache.catalina.valves.ErrorReportValve.invoke(ErrorReportValve.java:92) ~[tomcat-embed-core-9.0.65.jar:9.0.65]
	at org.apache.catalina.core.StandardEngineValve.invoke(StandardEngineValve.java:78) ~[tomcat-embed-core-9.0.65.jar:9.0.65]
	at org.apache.catalina.connector.CoyoteAdapter.service(CoyoteAdapter.java:360) ~[tomcat-embed-core-9.0.65.jar:9.0.65]
	at org.apache.coyote.http11.Http11Processor.service(Http11Processor.java:399) ~[tomcat-embed-core-9.0.65.jar:9.0.65]
	at org.apache.coyote.AbstractProcessorLight.process(AbstractProcessorLight.java:65) ~[tomcat-embed-core-9.0.65.jar:9.0.65]
	at org.apache.coyote.AbstractProtocol$ConnectionHandler.process(AbstractProtocol.java:890) ~[tomcat-embed-core-9.0.65.jar:9.0.65]
	at org.apache.tomcat.util.net.NioEndpoint$SocketProcessor.doRun(NioEndpoint.java:1789) ~[tomcat-embed-core-9.0.65.jar:9.0.65]
	at org.apache.tomcat.util.net.SocketProcessorBase.run(SocketProcessorBase.java:49) ~[tomcat-embed-core-9.0.65.jar:9.0.65]
	at org.apache.tomcat.util.threads.ThreadPoolExecutor.runWorker(ThreadPoolExecutor.java:1191) ~[tomcat-embed-core-9.0.65.jar:9.0.65]
	at org.apache.tomcat.util.threads.ThreadPoolExecutor$Worker.run(ThreadPoolExecutor.java:659) ~[tomcat-embed-core-9.0.65.jar:9.0.65]
	at org.apache.tomcat.util.threads.TaskThread$WrappingRunnable.run(TaskThread.java:61) ~[tomcat-embed-core-9.0.65.jar:9.0.65]
	at java.base/java.lang.Thread.run(Thread.java:1589) ~[na:na]
20:24:19.438-[LAPTOP-L9SH1VHI][dd709274b7aa420b9471ac5a731cbfed]--ERROR 11888 --- [nio-8088-exec-6] c.t.c.a.m.advice.CommonExceptionAdvice   : 参数异常 -> NestedServletException，Required request parameter 'courseIds' for method parameter type List is not present
20:24:19.438-[LAPTOP-L9SH1VHI][dd709274b7aa420b9471ac5a731cbfed]--DEBUG 11888 --- [nio-8088-exec-6] c.t.c.a.m.advice.CommonExceptionAdvice   : 
org.springframework.web.bind.MissingServletRequestParameterException: Required request parameter 'courseIds' for method parameter type List is not present
	at org.springframework.web.method.annotation.RequestParamMethodArgumentResolver.handleMissingValueInternal(RequestParamMethodArgumentResolver.java:218) ~[spring-web-5.3.22.jar:5.3.22]
	at org.springframework.web.method.annotation.RequestParamMethodArgumentResolver.handleMissingValue(RequestParamMethodArgumentResolver.java:193) ~[spring-web-5.3.22.jar:5.3.22]
	at org.springframework.web.method.annotation.AbstractNamedValueMethodArgumentResolver.resolveArgument(AbstractNamedValueMethodArgumentResolver.java:114) ~[spring-web-5.3.22.jar:5.3.22]
	at org.springframework.web.method.support.HandlerMethodArgumentResolverComposite.resolveArgument(HandlerMethodArgumentResolverComposite.java:122) ~[spring-web-5.3.22.jar:5.3.22]
	at org.springframework.web.method.support.InvocableHandlerMethod.getMethodArgumentValues(InvocableHandlerMethod.java:179) ~[spring-web-5.3.22.jar:5.3.22]
	at org.springframework.web.method.support.InvocableHandlerMethod.invokeForRequest(InvocableHandlerMethod.java:146) ~[spring-web-5.3.22.jar:5.3.22]
	at org.springframework.web.servlet.mvc.method.annotation.ServletInvocableHandlerMethod.invokeAndHandle(ServletInvocableHandlerMethod.java:117) ~[spring-webmvc-5.3.22.jar:5.3.22]
	at org.springframework.web.servlet.mvc.method.annotation.RequestMappingHandlerAdapter.invokeHandlerMethod(RequestMappingHandlerAdapter.java:895) ~[spring-webmvc-5.3.22.jar:5.3.22]
	at org.springframework.web.servlet.mvc.method.annotation.RequestMappingHandlerAdapter.handleInternal(RequestMappingHandlerAdapter.java:808) ~[spring-webmvc-5.3.22.jar:5.3.22]
	at org.springframework.web.servlet.mvc.method.AbstractHandlerMethodAdapter.handle(AbstractHandlerMethodAdapter.java:87) ~[spring-webmvc-5.3.22.jar:5.3.22]
	at org.springframework.web.servlet.DispatcherServlet.doDispatch(DispatcherServlet.java:1070) ~[spring-webmvc-5.3.22.jar:5.3.22]
	at org.springframework.web.servlet.DispatcherServlet.doService(DispatcherServlet.java:963) ~[spring-webmvc-5.3.22.jar:5.3.22]
	at org.springframework.web.servlet.FrameworkServlet.processRequest(FrameworkServlet.java:1006) ~[spring-webmvc-5.3.22.jar:5.3.22]
	at org.springframework.web.servlet.FrameworkServlet.doGet(FrameworkServlet.java:898) ~[spring-webmvc-5.3.22.jar:5.3.22]
	at javax.servlet.http.HttpServlet.service(HttpServlet.java:655) ~[tomcat-embed-core-9.0.65.jar:4.0.FR]
	at org.springframework.web.servlet.FrameworkServlet.service(FrameworkServlet.java:883) ~[spring-webmvc-5.3.22.jar:5.3.22]
	at javax.servlet.http.HttpServlet.service(HttpServlet.java:764) ~[tomcat-embed-core-9.0.65.jar:4.0.FR]
	at org.apache.catalina.core.ApplicationFilterChain.internalDoFilter(ApplicationFilterChain.java:227) ~[tomcat-embed-core-9.0.65.jar:9.0.65]
	at org.apache.catalina.core.ApplicationFilterChain.doFilter(ApplicationFilterChain.java:162) ~[tomcat-embed-core-9.0.65.jar:9.0.65]
	at org.apache.tomcat.websocket.server.WsFilter.doFilter(WsFilter.java:53) ~[tomcat-embed-websocket-9.0.65.jar:9.0.65]
	at org.apache.catalina.core.ApplicationFilterChain.internalDoFilter(ApplicationFilterChain.java:189) ~[tomcat-embed-core-9.0.65.jar:9.0.65]
	at org.apache.catalina.core.ApplicationFilterChain.doFilter(ApplicationFilterChain.java:162) ~[tomcat-embed-core-9.0.65.jar:9.0.65]
	at org.springframework.web.filter.RequestContextFilter.doFilterInternal(RequestContextFilter.java:100) ~[spring-web-5.3.22.jar:5.3.22]
	at org.springframework.web.filter.OncePerRequestFilter.doFilter(OncePerRequestFilter.java:117) ~[spring-web-5.3.22.jar:5.3.22]
	at org.apache.catalina.core.ApplicationFilterChain.internalDoFilter(ApplicationFilterChain.java:189) ~[tomcat-embed-core-9.0.65.jar:9.0.65]
	at org.apache.catalina.core.ApplicationFilterChain.doFilter(ApplicationFilterChain.java:162) ~[tomcat-embed-core-9.0.65.jar:9.0.65]
	at org.springframework.web.filter.FormContentFilter.doFilterInternal(FormContentFilter.java:93) ~[spring-web-5.3.22.jar:5.3.22]
	at org.springframework.web.filter.OncePerRequestFilter.doFilter(OncePerRequestFilter.java:117) ~[spring-web-5.3.22.jar:5.3.22]
	at org.apache.catalina.core.ApplicationFilterChain.internalDoFilter(ApplicationFilterChain.java:189) ~[tomcat-embed-core-9.0.65.jar:9.0.65]
	at org.apache.catalina.core.ApplicationFilterChain.doFilter(ApplicationFilterChain.java:162) ~[tomcat-embed-core-9.0.65.jar:9.0.65]
	at org.springframework.web.filter.CharacterEncodingFilter.doFilterInternal(CharacterEncodingFilter.java:201) ~[spring-web-5.3.22.jar:5.3.22]
	at org.springframework.web.filter.OncePerRequestFilter.doFilter(OncePerRequestFilter.java:117) ~[spring-web-5.3.22.jar:5.3.22]
	at org.apache.catalina.core.ApplicationFilterChain.internalDoFilter(ApplicationFilterChain.java:189) ~[tomcat-embed-core-9.0.65.jar:9.0.65]
	at org.apache.catalina.core.ApplicationFilterChain.doFilter(ApplicationFilterChain.java:162) ~[tomcat-embed-core-9.0.65.jar:9.0.65]
	at com.tianji.common.filters.RequestIdFilter.doFilter(RequestIdFilter.java:26) ~[classes/:na]
	at org.apache.catalina.core.ApplicationFilterChain.internalDoFilter(ApplicationFilterChain.java:189) ~[tomcat-embed-core-9.0.65.jar:9.0.65]
	at org.apache.catalina.core.ApplicationFilterChain.doFilter(ApplicationFilterChain.java:162) ~[tomcat-embed-core-9.0.65.jar:9.0.65]
	at org.apache.catalina.core.StandardWrapperValve.invoke(StandardWrapperValve.java:197) ~[tomcat-embed-core-9.0.65.jar:9.0.65]
	at org.apache.catalina.core.StandardContextValve.invoke(StandardContextValve.java:97) ~[tomcat-embed-core-9.0.65.jar:9.0.65]
	at org.apache.catalina.authenticator.AuthenticatorBase.invoke(AuthenticatorBase.java:541) ~[tomcat-embed-core-9.0.65.jar:9.0.65]
	at org.apache.catalina.core.StandardHostValve.invoke(StandardHostValve.java:135) ~[tomcat-embed-core-9.0.65.jar:9.0.65]
	at org.apache.catalina.valves.ErrorReportValve.invoke(ErrorReportValve.java:92) ~[tomcat-embed-core-9.0.65.jar:9.0.65]
	at org.apache.catalina.core.StandardEngineValve.invoke(StandardEngineValve.java:78) ~[tomcat-embed-core-9.0.65.jar:9.0.65]
	at org.apache.catalina.connector.CoyoteAdapter.service(CoyoteAdapter.java:360) ~[tomcat-embed-core-9.0.65.jar:9.0.65]
	at org.apache.coyote.http11.Http11Processor.service(Http11Processor.java:399) ~[tomcat-embed-core-9.0.65.jar:9.0.65]
	at org.apache.coyote.AbstractProcessorLight.process(AbstractProcessorLight.java:65) ~[tomcat-embed-core-9.0.65.jar:9.0.65]
	at org.apache.coyote.AbstractProtocol$ConnectionHandler.process(AbstractProtocol.java:890) ~[tomcat-embed-core-9.0.65.jar:9.0.65]
	at org.apache.tomcat.util.net.NioEndpoint$SocketProcessor.doRun(NioEndpoint.java:1789) ~[tomcat-embed-core-9.0.65.jar:9.0.65]
	at org.apache.tomcat.util.net.SocketProcessorBase.run(SocketProcessorBase.java:49) ~[tomcat-embed-core-9.0.65.jar:9.0.65]
	at org.apache.tomcat.util.threads.ThreadPoolExecutor.runWorker(ThreadPoolExecutor.java:1191) ~[tomcat-embed-core-9.0.65.jar:9.0.65]
	at org.apache.tomcat.util.threads.ThreadPoolExecutor$Worker.run(ThreadPoolExecutor.java:659) ~[tomcat-embed-core-9.0.65.jar:9.0.65]
	at org.apache.tomcat.util.threads.TaskThread$WrappingRunnable.run(TaskThread.java:61) ~[tomcat-embed-core-9.0.65.jar:9.0.65]
	at java.base/java.lang.Thread.run(Thread.java:1589) ~[na:na]
20:24:19.848-[LAPTOP-L9SH1VHI][ba04aae6d550432db3e248092449c057]--ERROR 11888 --- [nio-8088-exec-7] c.t.c.a.m.advice.CommonExceptionAdvice   : 参数异常 -> NestedServletException，Required request parameter 'courseIds' for method parameter type List is not present
20:24:19.848-[LAPTOP-L9SH1VHI][ba04aae6d550432db3e248092449c057]--DEBUG 11888 --- [nio-8088-exec-7] c.t.c.a.m.advice.CommonExceptionAdvice   : 
org.springframework.web.bind.MissingServletRequestParameterException: Required request parameter 'courseIds' for method parameter type List is not present
	at org.springframework.web.method.annotation.RequestParamMethodArgumentResolver.handleMissingValueInternal(RequestParamMethodArgumentResolver.java:218) ~[spring-web-5.3.22.jar:5.3.22]
	at org.springframework.web.method.annotation.RequestParamMethodArgumentResolver.handleMissingValue(RequestParamMethodArgumentResolver.java:193) ~[spring-web-5.3.22.jar:5.3.22]
	at org.springframework.web.method.annotation.AbstractNamedValueMethodArgumentResolver.resolveArgument(AbstractNamedValueMethodArgumentResolver.java:114) ~[spring-web-5.3.22.jar:5.3.22]
	at org.springframework.web.method.support.HandlerMethodArgumentResolverComposite.resolveArgument(HandlerMethodArgumentResolverComposite.java:122) ~[spring-web-5.3.22.jar:5.3.22]
	at org.springframework.web.method.support.InvocableHandlerMethod.getMethodArgumentValues(InvocableHandlerMethod.java:179) ~[spring-web-5.3.22.jar:5.3.22]
	at org.springframework.web.method.support.InvocableHandlerMethod.invokeForRequest(InvocableHandlerMethod.java:146) ~[spring-web-5.3.22.jar:5.3.22]
	at org.springframework.web.servlet.mvc.method.annotation.ServletInvocableHandlerMethod.invokeAndHandle(ServletInvocableHandlerMethod.java:117) ~[spring-webmvc-5.3.22.jar:5.3.22]
	at org.springframework.web.servlet.mvc.method.annotation.RequestMappingHandlerAdapter.invokeHandlerMethod(RequestMappingHandlerAdapter.java:895) ~[spring-webmvc-5.3.22.jar:5.3.22]
	at org.springframework.web.servlet.mvc.method.annotation.RequestMappingHandlerAdapter.handleInternal(RequestMappingHandlerAdapter.java:808) ~[spring-webmvc-5.3.22.jar:5.3.22]
	at org.springframework.web.servlet.mvc.method.AbstractHandlerMethodAdapter.handle(AbstractHandlerMethodAdapter.java:87) ~[spring-webmvc-5.3.22.jar:5.3.22]
	at org.springframework.web.servlet.DispatcherServlet.doDispatch(DispatcherServlet.java:1070) ~[spring-webmvc-5.3.22.jar:5.3.22]
	at org.springframework.web.servlet.DispatcherServlet.doService(DispatcherServlet.java:963) ~[spring-webmvc-5.3.22.jar:5.3.22]
	at org.springframework.web.servlet.FrameworkServlet.processRequest(FrameworkServlet.java:1006) ~[spring-webmvc-5.3.22.jar:5.3.22]
	at org.springframework.web.servlet.FrameworkServlet.doGet(FrameworkServlet.java:898) ~[spring-webmvc-5.3.22.jar:5.3.22]
	at javax.servlet.http.HttpServlet.service(HttpServlet.java:655) ~[tomcat-embed-core-9.0.65.jar:4.0.FR]
	at org.springframework.web.servlet.FrameworkServlet.service(FrameworkServlet.java:883) ~[spring-webmvc-5.3.22.jar:5.3.22]
	at javax.servlet.http.HttpServlet.service(HttpServlet.java:764) ~[tomcat-embed-core-9.0.65.jar:4.0.FR]
	at org.apache.catalina.core.ApplicationFilterChain.internalDoFilter(ApplicationFilterChain.java:227) ~[tomcat-embed-core-9.0.65.jar:9.0.65]
	at org.apache.catalina.core.ApplicationFilterChain.doFilter(ApplicationFilterChain.java:162) ~[tomcat-embed-core-9.0.65.jar:9.0.65]
	at org.apache.tomcat.websocket.server.WsFilter.doFilter(WsFilter.java:53) ~[tomcat-embed-websocket-9.0.65.jar:9.0.65]
	at org.apache.catalina.core.ApplicationFilterChain.internalDoFilter(ApplicationFilterChain.java:189) ~[tomcat-embed-core-9.0.65.jar:9.0.65]
	at org.apache.catalina.core.ApplicationFilterChain.doFilter(ApplicationFilterChain.java:162) ~[tomcat-embed-core-9.0.65.jar:9.0.65]
	at org.springframework.web.filter.RequestContextFilter.doFilterInternal(RequestContextFilter.java:100) ~[spring-web-5.3.22.jar:5.3.22]
	at org.springframework.web.filter.OncePerRequestFilter.doFilter(OncePerRequestFilter.java:117) ~[spring-web-5.3.22.jar:5.3.22]
	at org.apache.catalina.core.ApplicationFilterChain.internalDoFilter(ApplicationFilterChain.java:189) ~[tomcat-embed-core-9.0.65.jar:9.0.65]
	at org.apache.catalina.core.ApplicationFilterChain.doFilter(ApplicationFilterChain.java:162) ~[tomcat-embed-core-9.0.65.jar:9.0.65]
	at org.springframework.web.filter.FormContentFilter.doFilterInternal(FormContentFilter.java:93) ~[spring-web-5.3.22.jar:5.3.22]
	at org.springframework.web.filter.OncePerRequestFilter.doFilter(OncePerRequestFilter.java:117) ~[spring-web-5.3.22.jar:5.3.22]
	at org.apache.catalina.core.ApplicationFilterChain.internalDoFilter(ApplicationFilterChain.java:189) ~[tomcat-embed-core-9.0.65.jar:9.0.65]
	at org.apache.catalina.core.ApplicationFilterChain.doFilter(ApplicationFilterChain.java:162) ~[tomcat-embed-core-9.0.65.jar:9.0.65]
	at org.springframework.web.filter.CharacterEncodingFilter.doFilterInternal(CharacterEncodingFilter.java:201) ~[spring-web-5.3.22.jar:5.3.22]
	at org.springframework.web.filter.OncePerRequestFilter.doFilter(OncePerRequestFilter.java:117) ~[spring-web-5.3.22.jar:5.3.22]
	at org.apache.catalina.core.ApplicationFilterChain.internalDoFilter(ApplicationFilterChain.java:189) ~[tomcat-embed-core-9.0.65.jar:9.0.65]
	at org.apache.catalina.core.ApplicationFilterChain.doFilter(ApplicationFilterChain.java:162) ~[tomcat-embed-core-9.0.65.jar:9.0.65]
	at com.tianji.common.filters.RequestIdFilter.doFilter(RequestIdFilter.java:26) ~[classes/:na]
	at org.apache.catalina.core.ApplicationFilterChain.internalDoFilter(ApplicationFilterChain.java:189) ~[tomcat-embed-core-9.0.65.jar:9.0.65]
	at org.apache.catalina.core.ApplicationFilterChain.doFilter(ApplicationFilterChain.java:162) ~[tomcat-embed-core-9.0.65.jar:9.0.65]
	at org.apache.catalina.core.StandardWrapperValve.invoke(StandardWrapperValve.java:197) ~[tomcat-embed-core-9.0.65.jar:9.0.65]
	at org.apache.catalina.core.StandardContextValve.invoke(StandardContextValve.java:97) ~[tomcat-embed-core-9.0.65.jar:9.0.65]
	at org.apache.catalina.authenticator.AuthenticatorBase.invoke(AuthenticatorBase.java:541) ~[tomcat-embed-core-9.0.65.jar:9.0.65]
	at org.apache.catalina.core.StandardHostValve.invoke(StandardHostValve.java:135) ~[tomcat-embed-core-9.0.65.jar:9.0.65]
	at org.apache.catalina.valves.ErrorReportValve.invoke(ErrorReportValve.java:92) ~[tomcat-embed-core-9.0.65.jar:9.0.65]
	at org.apache.catalina.core.StandardEngineValve.invoke(StandardEngineValve.java:78) ~[tomcat-embed-core-9.0.65.jar:9.0.65]
	at org.apache.catalina.connector.CoyoteAdapter.service(CoyoteAdapter.java:360) ~[tomcat-embed-core-9.0.65.jar:9.0.65]
	at org.apache.coyote.http11.Http11Processor.service(Http11Processor.java:399) ~[tomcat-embed-core-9.0.65.jar:9.0.65]
	at org.apache.coyote.AbstractProcessorLight.process(AbstractProcessorLight.java:65) ~[tomcat-embed-core-9.0.65.jar:9.0.65]
	at org.apache.coyote.AbstractProtocol$ConnectionHandler.process(AbstractProtocol.java:890) ~[tomcat-embed-core-9.0.65.jar:9.0.65]
	at org.apache.tomcat.util.net.NioEndpoint$SocketProcessor.doRun(NioEndpoint.java:1789) ~[tomcat-embed-core-9.0.65.jar:9.0.65]
	at org.apache.tomcat.util.net.SocketProcessorBase.run(SocketProcessorBase.java:49) ~[tomcat-embed-core-9.0.65.jar:9.0.65]
	at org.apache.tomcat.util.threads.ThreadPoolExecutor.runWorker(ThreadPoolExecutor.java:1191) ~[tomcat-embed-core-9.0.65.jar:9.0.65]
	at org.apache.tomcat.util.threads.ThreadPoolExecutor$Worker.run(ThreadPoolExecutor.java:659) ~[tomcat-embed-core-9.0.65.jar:9.0.65]
	at org.apache.tomcat.util.threads.TaskThread$WrappingRunnable.run(TaskThread.java:61) ~[tomcat-embed-core-9.0.65.jar:9.0.65]
	at java.base/java.lang.Thread.run(Thread.java:1589) ~[na:na]
20:24:20.374-[LAPTOP-L9SH1VHI][1b755b8f7ce6467fa865ce0bbe836410]--ERROR 11888 --- [nio-8088-exec-8] c.t.c.a.m.advice.CommonExceptionAdvice   : 参数异常 -> NestedServletException，Required request parameter 'courseIds' for method parameter type List is not present
20:24:20.375-[LAPTOP-L9SH1VHI][1b755b8f7ce6467fa865ce0bbe836410]--DEBUG 11888 --- [nio-8088-exec-8] c.t.c.a.m.advice.CommonExceptionAdvice   : 
org.springframework.web.bind.MissingServletRequestParameterException: Required request parameter 'courseIds' for method parameter type List is not present
	at org.springframework.web.method.annotation.RequestParamMethodArgumentResolver.handleMissingValueInternal(RequestParamMethodArgumentResolver.java:218) ~[spring-web-5.3.22.jar:5.3.22]
	at org.springframework.web.method.annotation.RequestParamMethodArgumentResolver.handleMissingValue(RequestParamMethodArgumentResolver.java:193) ~[spring-web-5.3.22.jar:5.3.22]
	at org.springframework.web.method.annotation.AbstractNamedValueMethodArgumentResolver.resolveArgument(AbstractNamedValueMethodArgumentResolver.java:114) ~[spring-web-5.3.22.jar:5.3.22]
	at org.springframework.web.method.support.HandlerMethodArgumentResolverComposite.resolveArgument(HandlerMethodArgumentResolverComposite.java:122) ~[spring-web-5.3.22.jar:5.3.22]
	at org.springframework.web.method.support.InvocableHandlerMethod.getMethodArgumentValues(InvocableHandlerMethod.java:179) ~[spring-web-5.3.22.jar:5.3.22]
	at org.springframework.web.method.support.InvocableHandlerMethod.invokeForRequest(InvocableHandlerMethod.java:146) ~[spring-web-5.3.22.jar:5.3.22]
	at org.springframework.web.servlet.mvc.method.annotation.ServletInvocableHandlerMethod.invokeAndHandle(ServletInvocableHandlerMethod.java:117) ~[spring-webmvc-5.3.22.jar:5.3.22]
	at org.springframework.web.servlet.mvc.method.annotation.RequestMappingHandlerAdapter.invokeHandlerMethod(RequestMappingHandlerAdapter.java:895) ~[spring-webmvc-5.3.22.jar:5.3.22]
	at org.springframework.web.servlet.mvc.method.annotation.RequestMappingHandlerAdapter.handleInternal(RequestMappingHandlerAdapter.java:808) ~[spring-webmvc-5.3.22.jar:5.3.22]
	at org.springframework.web.servlet.mvc.method.AbstractHandlerMethodAdapter.handle(AbstractHandlerMethodAdapter.java:87) ~[spring-webmvc-5.3.22.jar:5.3.22]
	at org.springframework.web.servlet.DispatcherServlet.doDispatch(DispatcherServlet.java:1070) ~[spring-webmvc-5.3.22.jar:5.3.22]
	at org.springframework.web.servlet.DispatcherServlet.doService(DispatcherServlet.java:963) ~[spring-webmvc-5.3.22.jar:5.3.22]
	at org.springframework.web.servlet.FrameworkServlet.processRequest(FrameworkServlet.java:1006) ~[spring-webmvc-5.3.22.jar:5.3.22]
	at org.springframework.web.servlet.FrameworkServlet.doGet(FrameworkServlet.java:898) ~[spring-webmvc-5.3.22.jar:5.3.22]
	at javax.servlet.http.HttpServlet.service(HttpServlet.java:655) ~[tomcat-embed-core-9.0.65.jar:4.0.FR]
	at org.springframework.web.servlet.FrameworkServlet.service(FrameworkServlet.java:883) ~[spring-webmvc-5.3.22.jar:5.3.22]
	at javax.servlet.http.HttpServlet.service(HttpServlet.java:764) ~[tomcat-embed-core-9.0.65.jar:4.0.FR]
	at org.apache.catalina.core.ApplicationFilterChain.internalDoFilter(ApplicationFilterChain.java:227) ~[tomcat-embed-core-9.0.65.jar:9.0.65]
	at org.apache.catalina.core.ApplicationFilterChain.doFilter(ApplicationFilterChain.java:162) ~[tomcat-embed-core-9.0.65.jar:9.0.65]
	at org.apache.tomcat.websocket.server.WsFilter.doFilter(WsFilter.java:53) ~[tomcat-embed-websocket-9.0.65.jar:9.0.65]
	at org.apache.catalina.core.ApplicationFilterChain.internalDoFilter(ApplicationFilterChain.java:189) ~[tomcat-embed-core-9.0.65.jar:9.0.65]
	at org.apache.catalina.core.ApplicationFilterChain.doFilter(ApplicationFilterChain.java:162) ~[tomcat-embed-core-9.0.65.jar:9.0.65]
	at org.springframework.web.filter.RequestContextFilter.doFilterInternal(RequestContextFilter.java:100) ~[spring-web-5.3.22.jar:5.3.22]
	at org.springframework.web.filter.OncePerRequestFilter.doFilter(OncePerRequestFilter.java:117) ~[spring-web-5.3.22.jar:5.3.22]
	at org.apache.catalina.core.ApplicationFilterChain.internalDoFilter(ApplicationFilterChain.java:189) ~[tomcat-embed-core-9.0.65.jar:9.0.65]
	at org.apache.catalina.core.ApplicationFilterChain.doFilter(ApplicationFilterChain.java:162) ~[tomcat-embed-core-9.0.65.jar:9.0.65]
	at org.springframework.web.filter.FormContentFilter.doFilterInternal(FormContentFilter.java:93) ~[spring-web-5.3.22.jar:5.3.22]
	at org.springframework.web.filter.OncePerRequestFilter.doFilter(OncePerRequestFilter.java:117) ~[spring-web-5.3.22.jar:5.3.22]
	at org.apache.catalina.core.ApplicationFilterChain.internalDoFilter(ApplicationFilterChain.java:189) ~[tomcat-embed-core-9.0.65.jar:9.0.65]
	at org.apache.catalina.core.ApplicationFilterChain.doFilter(ApplicationFilterChain.java:162) ~[tomcat-embed-core-9.0.65.jar:9.0.65]
	at org.springframework.web.filter.CharacterEncodingFilter.doFilterInternal(CharacterEncodingFilter.java:201) ~[spring-web-5.3.22.jar:5.3.22]
	at org.springframework.web.filter.OncePerRequestFilter.doFilter(OncePerRequestFilter.java:117) ~[spring-web-5.3.22.jar:5.3.22]
	at org.apache.catalina.core.ApplicationFilterChain.internalDoFilter(ApplicationFilterChain.java:189) ~[tomcat-embed-core-9.0.65.jar:9.0.65]
	at org.apache.catalina.core.ApplicationFilterChain.doFilter(ApplicationFilterChain.java:162) ~[tomcat-embed-core-9.0.65.jar:9.0.65]
	at com.tianji.common.filters.RequestIdFilter.doFilter(RequestIdFilter.java:26) ~[classes/:na]
	at org.apache.catalina.core.ApplicationFilterChain.internalDoFilter(ApplicationFilterChain.java:189) ~[tomcat-embed-core-9.0.65.jar:9.0.65]
	at org.apache.catalina.core.ApplicationFilterChain.doFilter(ApplicationFilterChain.java:162) ~[tomcat-embed-core-9.0.65.jar:9.0.65]
	at org.apache.catalina.core.StandardWrapperValve.invoke(StandardWrapperValve.java:197) ~[tomcat-embed-core-9.0.65.jar:9.0.65]
	at org.apache.catalina.core.StandardContextValve.invoke(StandardContextValve.java:97) ~[tomcat-embed-core-9.0.65.jar:9.0.65]
	at org.apache.catalina.authenticator.AuthenticatorBase.invoke(AuthenticatorBase.java:541) ~[tomcat-embed-core-9.0.65.jar:9.0.65]
	at org.apache.catalina.core.StandardHostValve.invoke(StandardHostValve.java:135) ~[tomcat-embed-core-9.0.65.jar:9.0.65]
	at org.apache.catalina.valves.ErrorReportValve.invoke(ErrorReportValve.java:92) ~[tomcat-embed-core-9.0.65.jar:9.0.65]
	at org.apache.catalina.core.StandardEngineValve.invoke(StandardEngineValve.java:78) ~[tomcat-embed-core-9.0.65.jar:9.0.65]
	at org.apache.catalina.connector.CoyoteAdapter.service(CoyoteAdapter.java:360) ~[tomcat-embed-core-9.0.65.jar:9.0.65]
	at org.apache.coyote.http11.Http11Processor.service(Http11Processor.java:399) ~[tomcat-embed-core-9.0.65.jar:9.0.65]
	at org.apache.coyote.AbstractProcessorLight.process(AbstractProcessorLight.java:65) ~[tomcat-embed-core-9.0.65.jar:9.0.65]
	at org.apache.coyote.AbstractProtocol$ConnectionHandler.process(AbstractProtocol.java:890) ~[tomcat-embed-core-9.0.65.jar:9.0.65]
	at org.apache.tomcat.util.net.NioEndpoint$SocketProcessor.doRun(NioEndpoint.java:1789) ~[tomcat-embed-core-9.0.65.jar:9.0.65]
	at org.apache.tomcat.util.net.SocketProcessorBase.run(SocketProcessorBase.java:49) ~[tomcat-embed-core-9.0.65.jar:9.0.65]
	at org.apache.tomcat.util.threads.ThreadPoolExecutor.runWorker(ThreadPoolExecutor.java:1191) ~[tomcat-embed-core-9.0.65.jar:9.0.65]
	at org.apache.tomcat.util.threads.ThreadPoolExecutor$Worker.run(ThreadPoolExecutor.java:659) ~[tomcat-embed-core-9.0.65.jar:9.0.65]
	at org.apache.tomcat.util.threads.TaskThread$WrappingRunnable.run(TaskThread.java:61) ~[tomcat-embed-core-9.0.65.jar:9.0.65]
	at java.base/java.lang.Thread.run(Thread.java:1589) ~[na:na]
20:24:20.776-[LAPTOP-L9SH1VHI][02f1af6b638c4870a6eb77086cc1d994]--ERROR 11888 --- [nio-8088-exec-9] c.t.c.a.m.advice.CommonExceptionAdvice   : 参数异常 -> NestedServletException，Required request parameter 'courseIds' for method parameter type List is not present
20:24:20.777-[LAPTOP-L9SH1VHI][02f1af6b638c4870a6eb77086cc1d994]--DEBUG 11888 --- [nio-8088-exec-9] c.t.c.a.m.advice.CommonExceptionAdvice   : 
org.springframework.web.bind.MissingServletRequestParameterException: Required request parameter 'courseIds' for method parameter type List is not present
	at org.springframework.web.method.annotation.RequestParamMethodArgumentResolver.handleMissingValueInternal(RequestParamMethodArgumentResolver.java:218) ~[spring-web-5.3.22.jar:5.3.22]
	at org.springframework.web.method.annotation.RequestParamMethodArgumentResolver.handleMissingValue(RequestParamMethodArgumentResolver.java:193) ~[spring-web-5.3.22.jar:5.3.22]
	at org.springframework.web.method.annotation.AbstractNamedValueMethodArgumentResolver.resolveArgument(AbstractNamedValueMethodArgumentResolver.java:114) ~[spring-web-5.3.22.jar:5.3.22]
	at org.springframework.web.method.support.HandlerMethodArgumentResolverComposite.resolveArgument(HandlerMethodArgumentResolverComposite.java:122) ~[spring-web-5.3.22.jar:5.3.22]
	at org.springframework.web.method.support.InvocableHandlerMethod.getMethodArgumentValues(InvocableHandlerMethod.java:179) ~[spring-web-5.3.22.jar:5.3.22]
	at org.springframework.web.method.support.InvocableHandlerMethod.invokeForRequest(InvocableHandlerMethod.java:146) ~[spring-web-5.3.22.jar:5.3.22]
	at org.springframework.web.servlet.mvc.method.annotation.ServletInvocableHandlerMethod.invokeAndHandle(ServletInvocableHandlerMethod.java:117) ~[spring-webmvc-5.3.22.jar:5.3.22]
	at org.springframework.web.servlet.mvc.method.annotation.RequestMappingHandlerAdapter.invokeHandlerMethod(RequestMappingHandlerAdapter.java:895) ~[spring-webmvc-5.3.22.jar:5.3.22]
	at org.springframework.web.servlet.mvc.method.annotation.RequestMappingHandlerAdapter.handleInternal(RequestMappingHandlerAdapter.java:808) ~[spring-webmvc-5.3.22.jar:5.3.22]
	at org.springframework.web.servlet.mvc.method.AbstractHandlerMethodAdapter.handle(AbstractHandlerMethodAdapter.java:87) ~[spring-webmvc-5.3.22.jar:5.3.22]
	at org.springframework.web.servlet.DispatcherServlet.doDispatch(DispatcherServlet.java:1070) ~[spring-webmvc-5.3.22.jar:5.3.22]
	at org.springframework.web.servlet.DispatcherServlet.doService(DispatcherServlet.java:963) ~[spring-webmvc-5.3.22.jar:5.3.22]
	at org.springframework.web.servlet.FrameworkServlet.processRequest(FrameworkServlet.java:1006) ~[spring-webmvc-5.3.22.jar:5.3.22]
	at org.springframework.web.servlet.FrameworkServlet.doGet(FrameworkServlet.java:898) ~[spring-webmvc-5.3.22.jar:5.3.22]
	at javax.servlet.http.HttpServlet.service(HttpServlet.java:655) ~[tomcat-embed-core-9.0.65.jar:4.0.FR]
	at org.springframework.web.servlet.FrameworkServlet.service(FrameworkServlet.java:883) ~[spring-webmvc-5.3.22.jar:5.3.22]
	at javax.servlet.http.HttpServlet.service(HttpServlet.java:764) ~[tomcat-embed-core-9.0.65.jar:4.0.FR]
	at org.apache.catalina.core.ApplicationFilterChain.internalDoFilter(ApplicationFilterChain.java:227) ~[tomcat-embed-core-9.0.65.jar:9.0.65]
	at org.apache.catalina.core.ApplicationFilterChain.doFilter(ApplicationFilterChain.java:162) ~[tomcat-embed-core-9.0.65.jar:9.0.65]
	at org.apache.tomcat.websocket.server.WsFilter.doFilter(WsFilter.java:53) ~[tomcat-embed-websocket-9.0.65.jar:9.0.65]
	at org.apache.catalina.core.ApplicationFilterChain.internalDoFilter(ApplicationFilterChain.java:189) ~[tomcat-embed-core-9.0.65.jar:9.0.65]
	at org.apache.catalina.core.ApplicationFilterChain.doFilter(ApplicationFilterChain.java:162) ~[tomcat-embed-core-9.0.65.jar:9.0.65]
	at org.springframework.web.filter.RequestContextFilter.doFilterInternal(RequestContextFilter.java:100) ~[spring-web-5.3.22.jar:5.3.22]
	at org.springframework.web.filter.OncePerRequestFilter.doFilter(OncePerRequestFilter.java:117) ~[spring-web-5.3.22.jar:5.3.22]
	at org.apache.catalina.core.ApplicationFilterChain.internalDoFilter(ApplicationFilterChain.java:189) ~[tomcat-embed-core-9.0.65.jar:9.0.65]
	at org.apache.catalina.core.ApplicationFilterChain.doFilter(ApplicationFilterChain.java:162) ~[tomcat-embed-core-9.0.65.jar:9.0.65]
	at org.springframework.web.filter.FormContentFilter.doFilterInternal(FormContentFilter.java:93) ~[spring-web-5.3.22.jar:5.3.22]
	at org.springframework.web.filter.OncePerRequestFilter.doFilter(OncePerRequestFilter.java:117) ~[spring-web-5.3.22.jar:5.3.22]
	at org.apache.catalina.core.ApplicationFilterChain.internalDoFilter(ApplicationFilterChain.java:189) ~[tomcat-embed-core-9.0.65.jar:9.0.65]
	at org.apache.catalina.core.ApplicationFilterChain.doFilter(ApplicationFilterChain.java:162) ~[tomcat-embed-core-9.0.65.jar:9.0.65]
	at org.springframework.web.filter.CharacterEncodingFilter.doFilterInternal(CharacterEncodingFilter.java:201) ~[spring-web-5.3.22.jar:5.3.22]
	at org.springframework.web.filter.OncePerRequestFilter.doFilter(OncePerRequestFilter.java:117) ~[spring-web-5.3.22.jar:5.3.22]
	at org.apache.catalina.core.ApplicationFilterChain.internalDoFilter(ApplicationFilterChain.java:189) ~[tomcat-embed-core-9.0.65.jar:9.0.65]
	at org.apache.catalina.core.ApplicationFilterChain.doFilter(ApplicationFilterChain.java:162) ~[tomcat-embed-core-9.0.65.jar:9.0.65]
	at com.tianji.common.filters.RequestIdFilter.doFilter(RequestIdFilter.java:26) ~[classes/:na]
	at org.apache.catalina.core.ApplicationFilterChain.internalDoFilter(ApplicationFilterChain.java:189) ~[tomcat-embed-core-9.0.65.jar:9.0.65]
	at org.apache.catalina.core.ApplicationFilterChain.doFilter(ApplicationFilterChain.java:162) ~[tomcat-embed-core-9.0.65.jar:9.0.65]
	at org.apache.catalina.core.StandardWrapperValve.invoke(StandardWrapperValve.java:197) ~[tomcat-embed-core-9.0.65.jar:9.0.65]
	at org.apache.catalina.core.StandardContextValve.invoke(StandardContextValve.java:97) ~[tomcat-embed-core-9.0.65.jar:9.0.65]
	at org.apache.catalina.authenticator.AuthenticatorBase.invoke(AuthenticatorBase.java:541) ~[tomcat-embed-core-9.0.65.jar:9.0.65]
	at org.apache.catalina.core.StandardHostValve.invoke(StandardHostValve.java:135) ~[tomcat-embed-core-9.0.65.jar:9.0.65]
	at org.apache.catalina.valves.ErrorReportValve.invoke(ErrorReportValve.java:92) ~[tomcat-embed-core-9.0.65.jar:9.0.65]
	at org.apache.catalina.core.StandardEngineValve.invoke(StandardEngineValve.java:78) ~[tomcat-embed-core-9.0.65.jar:9.0.65]
	at org.apache.catalina.connector.CoyoteAdapter.service(CoyoteAdapter.java:360) ~[tomcat-embed-core-9.0.65.jar:9.0.65]
	at org.apache.coyote.http11.Http11Processor.service(Http11Processor.java:399) ~[tomcat-embed-core-9.0.65.jar:9.0.65]
	at org.apache.coyote.AbstractProcessorLight.process(AbstractProcessorLight.java:65) ~[tomcat-embed-core-9.0.65.jar:9.0.65]
	at org.apache.coyote.AbstractProtocol$ConnectionHandler.process(AbstractProtocol.java:890) ~[tomcat-embed-core-9.0.65.jar:9.0.65]
	at org.apache.tomcat.util.net.NioEndpoint$SocketProcessor.doRun(NioEndpoint.java:1789) ~[tomcat-embed-core-9.0.65.jar:9.0.65]
	at org.apache.tomcat.util.net.SocketProcessorBase.run(SocketProcessorBase.java:49) ~[tomcat-embed-core-9.0.65.jar:9.0.65]
	at org.apache.tomcat.util.threads.ThreadPoolExecutor.runWorker(ThreadPoolExecutor.java:1191) ~[tomcat-embed-core-9.0.65.jar:9.0.65]
	at org.apache.tomcat.util.threads.ThreadPoolExecutor$Worker.run(ThreadPoolExecutor.java:659) ~[tomcat-embed-core-9.0.65.jar:9.0.65]
	at org.apache.tomcat.util.threads.TaskThread$WrappingRunnable.run(TaskThread.java:61) ~[tomcat-embed-core-9.0.65.jar:9.0.65]
	at java.base/java.lang.Thread.run(Thread.java:1589) ~[na:na]
20:24:22.661-[LAPTOP-L9SH1VHI][8c6cd21b2a7a44bf9e8338c8ce848e46]--ERROR 11888 --- [io-8088-exec-10] c.t.c.a.m.advice.CommonExceptionAdvice   : 参数异常 -> NestedServletException，Required request parameter 'courseIds' for method parameter type List is not present
20:24:22.662-[LAPTOP-L9SH1VHI][8c6cd21b2a7a44bf9e8338c8ce848e46]--DEBUG 11888 --- [io-8088-exec-10] c.t.c.a.m.advice.CommonExceptionAdvice   : 
org.springframework.web.bind.MissingServletRequestParameterException: Required request parameter 'courseIds' for method parameter type List is not present
	at org.springframework.web.method.annotation.RequestParamMethodArgumentResolver.handleMissingValueInternal(RequestParamMethodArgumentResolver.java:218) ~[spring-web-5.3.22.jar:5.3.22]
	at org.springframework.web.method.annotation.RequestParamMethodArgumentResolver.handleMissingValue(RequestParamMethodArgumentResolver.java:193) ~[spring-web-5.3.22.jar:5.3.22]
	at org.springframework.web.method.annotation.AbstractNamedValueMethodArgumentResolver.resolveArgument(AbstractNamedValueMethodArgumentResolver.java:114) ~[spring-web-5.3.22.jar:5.3.22]
	at org.springframework.web.method.support.HandlerMethodArgumentResolverComposite.resolveArgument(HandlerMethodArgumentResolverComposite.java:122) ~[spring-web-5.3.22.jar:5.3.22]
	at org.springframework.web.method.support.InvocableHandlerMethod.getMethodArgumentValues(InvocableHandlerMethod.java:179) ~[spring-web-5.3.22.jar:5.3.22]
	at org.springframework.web.method.support.InvocableHandlerMethod.invokeForRequest(InvocableHandlerMethod.java:146) ~[spring-web-5.3.22.jar:5.3.22]
	at org.springframework.web.servlet.mvc.method.annotation.ServletInvocableHandlerMethod.invokeAndHandle(ServletInvocableHandlerMethod.java:117) ~[spring-webmvc-5.3.22.jar:5.3.22]
	at org.springframework.web.servlet.mvc.method.annotation.RequestMappingHandlerAdapter.invokeHandlerMethod(RequestMappingHandlerAdapter.java:895) ~[spring-webmvc-5.3.22.jar:5.3.22]
	at org.springframework.web.servlet.mvc.method.annotation.RequestMappingHandlerAdapter.handleInternal(RequestMappingHandlerAdapter.java:808) ~[spring-webmvc-5.3.22.jar:5.3.22]
	at org.springframework.web.servlet.mvc.method.AbstractHandlerMethodAdapter.handle(AbstractHandlerMethodAdapter.java:87) ~[spring-webmvc-5.3.22.jar:5.3.22]
	at org.springframework.web.servlet.DispatcherServlet.doDispatch(DispatcherServlet.java:1070) ~[spring-webmvc-5.3.22.jar:5.3.22]
	at org.springframework.web.servlet.DispatcherServlet.doService(DispatcherServlet.java:963) ~[spring-webmvc-5.3.22.jar:5.3.22]
	at org.springframework.web.servlet.FrameworkServlet.processRequest(FrameworkServlet.java:1006) ~[spring-webmvc-5.3.22.jar:5.3.22]
	at org.springframework.web.servlet.FrameworkServlet.doGet(FrameworkServlet.java:898) ~[spring-webmvc-5.3.22.jar:5.3.22]
	at javax.servlet.http.HttpServlet.service(HttpServlet.java:655) ~[tomcat-embed-core-9.0.65.jar:4.0.FR]
	at org.springframework.web.servlet.FrameworkServlet.service(FrameworkServlet.java:883) ~[spring-webmvc-5.3.22.jar:5.3.22]
	at javax.servlet.http.HttpServlet.service(HttpServlet.java:764) ~[tomcat-embed-core-9.0.65.jar:4.0.FR]
	at org.apache.catalina.core.ApplicationFilterChain.internalDoFilter(ApplicationFilterChain.java:227) ~[tomcat-embed-core-9.0.65.jar:9.0.65]
	at org.apache.catalina.core.ApplicationFilterChain.doFilter(ApplicationFilterChain.java:162) ~[tomcat-embed-core-9.0.65.jar:9.0.65]
	at org.apache.tomcat.websocket.server.WsFilter.doFilter(WsFilter.java:53) ~[tomcat-embed-websocket-9.0.65.jar:9.0.65]
	at org.apache.catalina.core.ApplicationFilterChain.internalDoFilter(ApplicationFilterChain.java:189) ~[tomcat-embed-core-9.0.65.jar:9.0.65]
	at org.apache.catalina.core.ApplicationFilterChain.doFilter(ApplicationFilterChain.java:162) ~[tomcat-embed-core-9.0.65.jar:9.0.65]
	at org.springframework.web.filter.RequestContextFilter.doFilterInternal(RequestContextFilter.java:100) ~[spring-web-5.3.22.jar:5.3.22]
	at org.springframework.web.filter.OncePerRequestFilter.doFilter(OncePerRequestFilter.java:117) ~[spring-web-5.3.22.jar:5.3.22]
	at org.apache.catalina.core.ApplicationFilterChain.internalDoFilter(ApplicationFilterChain.java:189) ~[tomcat-embed-core-9.0.65.jar:9.0.65]
	at org.apache.catalina.core.ApplicationFilterChain.doFilter(ApplicationFilterChain.java:162) ~[tomcat-embed-core-9.0.65.jar:9.0.65]
	at org.springframework.web.filter.FormContentFilter.doFilterInternal(FormContentFilter.java:93) ~[spring-web-5.3.22.jar:5.3.22]
	at org.springframework.web.filter.OncePerRequestFilter.doFilter(OncePerRequestFilter.java:117) ~[spring-web-5.3.22.jar:5.3.22]
	at org.apache.catalina.core.ApplicationFilterChain.internalDoFilter(ApplicationFilterChain.java:189) ~[tomcat-embed-core-9.0.65.jar:9.0.65]
	at org.apache.catalina.core.ApplicationFilterChain.doFilter(ApplicationFilterChain.java:162) ~[tomcat-embed-core-9.0.65.jar:9.0.65]
	at org.springframework.web.filter.CharacterEncodingFilter.doFilterInternal(CharacterEncodingFilter.java:201) ~[spring-web-5.3.22.jar:5.3.22]
	at org.springframework.web.filter.OncePerRequestFilter.doFilter(OncePerRequestFilter.java:117) ~[spring-web-5.3.22.jar:5.3.22]
	at org.apache.catalina.core.ApplicationFilterChain.internalDoFilter(ApplicationFilterChain.java:189) ~[tomcat-embed-core-9.0.65.jar:9.0.65]
	at org.apache.catalina.core.ApplicationFilterChain.doFilter(ApplicationFilterChain.java:162) ~[tomcat-embed-core-9.0.65.jar:9.0.65]
	at com.tianji.common.filters.RequestIdFilter.doFilter(RequestIdFilter.java:26) ~[classes/:na]
	at org.apache.catalina.core.ApplicationFilterChain.internalDoFilter(ApplicationFilterChain.java:189) ~[tomcat-embed-core-9.0.65.jar:9.0.65]
	at org.apache.catalina.core.ApplicationFilterChain.doFilter(ApplicationFilterChain.java:162) ~[tomcat-embed-core-9.0.65.jar:9.0.65]
	at org.apache.catalina.core.StandardWrapperValve.invoke(StandardWrapperValve.java:197) ~[tomcat-embed-core-9.0.65.jar:9.0.65]
	at org.apache.catalina.core.StandardContextValve.invoke(StandardContextValve.java:97) ~[tomcat-embed-core-9.0.65.jar:9.0.65]
	at org.apache.catalina.authenticator.AuthenticatorBase.invoke(AuthenticatorBase.java:541) ~[tomcat-embed-core-9.0.65.jar:9.0.65]
	at org.apache.catalina.core.StandardHostValve.invoke(StandardHostValve.java:135) ~[tomcat-embed-core-9.0.65.jar:9.0.65]
	at org.apache.catalina.valves.ErrorReportValve.invoke(ErrorReportValve.java:92) ~[tomcat-embed-core-9.0.65.jar:9.0.65]
	at org.apache.catalina.core.StandardEngineValve.invoke(StandardEngineValve.java:78) ~[tomcat-embed-core-9.0.65.jar:9.0.65]
	at org.apache.catalina.connector.CoyoteAdapter.service(CoyoteAdapter.java:360) ~[tomcat-embed-core-9.0.65.jar:9.0.65]
	at org.apache.coyote.http11.Http11Processor.service(Http11Processor.java:399) ~[tomcat-embed-core-9.0.65.jar:9.0.65]
	at org.apache.coyote.AbstractProcessorLight.process(AbstractProcessorLight.java:65) ~[tomcat-embed-core-9.0.65.jar:9.0.65]
	at org.apache.coyote.AbstractProtocol$ConnectionHandler.process(AbstractProtocol.java:890) ~[tomcat-embed-core-9.0.65.jar:9.0.65]
	at org.apache.tomcat.util.net.NioEndpoint$SocketProcessor.doRun(NioEndpoint.java:1789) ~[tomcat-embed-core-9.0.65.jar:9.0.65]
	at org.apache.tomcat.util.net.SocketProcessorBase.run(SocketProcessorBase.java:49) ~[tomcat-embed-core-9.0.65.jar:9.0.65]
	at org.apache.tomcat.util.threads.ThreadPoolExecutor.runWorker(ThreadPoolExecutor.java:1191) ~[tomcat-embed-core-9.0.65.jar:9.0.65]
	at org.apache.tomcat.util.threads.ThreadPoolExecutor$Worker.run(ThreadPoolExecutor.java:659) ~[tomcat-embed-core-9.0.65.jar:9.0.65]
	at org.apache.tomcat.util.threads.TaskThread$WrappingRunnable.run(TaskThread.java:61) ~[tomcat-embed-core-9.0.65.jar:9.0.65]
	at java.base/java.lang.Thread.run(Thread.java:1589) ~[na:na]
20:24:31.964-[LAPTOP-L9SH1VHI][c2bad634c2a149bdb1788709dab45a40]--ERROR 11888 --- [nio-8088-exec-1] c.t.c.a.m.advice.CommonExceptionAdvice   : 参数异常 -> NestedServletException，Required request parameter 'courseIds' for method parameter type List is not present
20:24:31.965-[LAPTOP-L9SH1VHI][c2bad634c2a149bdb1788709dab45a40]--DEBUG 11888 --- [nio-8088-exec-1] c.t.c.a.m.advice.CommonExceptionAdvice   : 
org.springframework.web.bind.MissingServletRequestParameterException: Required request parameter 'courseIds' for method parameter type List is not present
	at org.springframework.web.method.annotation.RequestParamMethodArgumentResolver.handleMissingValueInternal(RequestParamMethodArgumentResolver.java:218) ~[spring-web-5.3.22.jar:5.3.22]
	at org.springframework.web.method.annotation.RequestParamMethodArgumentResolver.handleMissingValue(RequestParamMethodArgumentResolver.java:193) ~[spring-web-5.3.22.jar:5.3.22]
	at org.springframework.web.method.annotation.AbstractNamedValueMethodArgumentResolver.resolveArgument(AbstractNamedValueMethodArgumentResolver.java:114) ~[spring-web-5.3.22.jar:5.3.22]
	at org.springframework.web.method.support.HandlerMethodArgumentResolverComposite.resolveArgument(HandlerMethodArgumentResolverComposite.java:122) ~[spring-web-5.3.22.jar:5.3.22]
	at org.springframework.web.method.support.InvocableHandlerMethod.getMethodArgumentValues(InvocableHandlerMethod.java:179) ~[spring-web-5.3.22.jar:5.3.22]
	at org.springframework.web.method.support.InvocableHandlerMethod.invokeForRequest(InvocableHandlerMethod.java:146) ~[spring-web-5.3.22.jar:5.3.22]
	at org.springframework.web.servlet.mvc.method.annotation.ServletInvocableHandlerMethod.invokeAndHandle(ServletInvocableHandlerMethod.java:117) ~[spring-webmvc-5.3.22.jar:5.3.22]
	at org.springframework.web.servlet.mvc.method.annotation.RequestMappingHandlerAdapter.invokeHandlerMethod(RequestMappingHandlerAdapter.java:895) ~[spring-webmvc-5.3.22.jar:5.3.22]
	at org.springframework.web.servlet.mvc.method.annotation.RequestMappingHandlerAdapter.handleInternal(RequestMappingHandlerAdapter.java:808) ~[spring-webmvc-5.3.22.jar:5.3.22]
	at org.springframework.web.servlet.mvc.method.AbstractHandlerMethodAdapter.handle(AbstractHandlerMethodAdapter.java:87) ~[spring-webmvc-5.3.22.jar:5.3.22]
	at org.springframework.web.servlet.DispatcherServlet.doDispatch(DispatcherServlet.java:1070) ~[spring-webmvc-5.3.22.jar:5.3.22]
	at org.springframework.web.servlet.DispatcherServlet.doService(DispatcherServlet.java:963) ~[spring-webmvc-5.3.22.jar:5.3.22]
	at org.springframework.web.servlet.FrameworkServlet.processRequest(FrameworkServlet.java:1006) ~[spring-webmvc-5.3.22.jar:5.3.22]
	at org.springframework.web.servlet.FrameworkServlet.doGet(FrameworkServlet.java:898) ~[spring-webmvc-5.3.22.jar:5.3.22]
	at javax.servlet.http.HttpServlet.service(HttpServlet.java:655) ~[tomcat-embed-core-9.0.65.jar:4.0.FR]
	at org.springframework.web.servlet.FrameworkServlet.service(FrameworkServlet.java:883) ~[spring-webmvc-5.3.22.jar:5.3.22]
	at javax.servlet.http.HttpServlet.service(HttpServlet.java:764) ~[tomcat-embed-core-9.0.65.jar:4.0.FR]
	at org.apache.catalina.core.ApplicationFilterChain.internalDoFilter(ApplicationFilterChain.java:227) ~[tomcat-embed-core-9.0.65.jar:9.0.65]
	at org.apache.catalina.core.ApplicationFilterChain.doFilter(ApplicationFilterChain.java:162) ~[tomcat-embed-core-9.0.65.jar:9.0.65]
	at org.apache.tomcat.websocket.server.WsFilter.doFilter(WsFilter.java:53) ~[tomcat-embed-websocket-9.0.65.jar:9.0.65]
	at org.apache.catalina.core.ApplicationFilterChain.internalDoFilter(ApplicationFilterChain.java:189) ~[tomcat-embed-core-9.0.65.jar:9.0.65]
	at org.apache.catalina.core.ApplicationFilterChain.doFilter(ApplicationFilterChain.java:162) ~[tomcat-embed-core-9.0.65.jar:9.0.65]
	at org.springframework.web.filter.RequestContextFilter.doFilterInternal(RequestContextFilter.java:100) ~[spring-web-5.3.22.jar:5.3.22]
	at org.springframework.web.filter.OncePerRequestFilter.doFilter(OncePerRequestFilter.java:117) ~[spring-web-5.3.22.jar:5.3.22]
	at org.apache.catalina.core.ApplicationFilterChain.internalDoFilter(ApplicationFilterChain.java:189) ~[tomcat-embed-core-9.0.65.jar:9.0.65]
	at org.apache.catalina.core.ApplicationFilterChain.doFilter(ApplicationFilterChain.java:162) ~[tomcat-embed-core-9.0.65.jar:9.0.65]
	at org.springframework.web.filter.FormContentFilter.doFilterInternal(FormContentFilter.java:93) ~[spring-web-5.3.22.jar:5.3.22]
	at org.springframework.web.filter.OncePerRequestFilter.doFilter(OncePerRequestFilter.java:117) ~[spring-web-5.3.22.jar:5.3.22]
	at org.apache.catalina.core.ApplicationFilterChain.internalDoFilter(ApplicationFilterChain.java:189) ~[tomcat-embed-core-9.0.65.jar:9.0.65]
	at org.apache.catalina.core.ApplicationFilterChain.doFilter(ApplicationFilterChain.java:162) ~[tomcat-embed-core-9.0.65.jar:9.0.65]
	at org.springframework.web.filter.CharacterEncodingFilter.doFilterInternal(CharacterEncodingFilter.java:201) ~[spring-web-5.3.22.jar:5.3.22]
	at org.springframework.web.filter.OncePerRequestFilter.doFilter(OncePerRequestFilter.java:117) ~[spring-web-5.3.22.jar:5.3.22]
	at org.apache.catalina.core.ApplicationFilterChain.internalDoFilter(ApplicationFilterChain.java:189) ~[tomcat-embed-core-9.0.65.jar:9.0.65]
	at org.apache.catalina.core.ApplicationFilterChain.doFilter(ApplicationFilterChain.java:162) ~[tomcat-embed-core-9.0.65.jar:9.0.65]
	at com.tianji.common.filters.RequestIdFilter.doFilter(RequestIdFilter.java:26) ~[classes/:na]
	at org.apache.catalina.core.ApplicationFilterChain.internalDoFilter(ApplicationFilterChain.java:189) ~[tomcat-embed-core-9.0.65.jar:9.0.65]
	at org.apache.catalina.core.ApplicationFilterChain.doFilter(ApplicationFilterChain.java:162) ~[tomcat-embed-core-9.0.65.jar:9.0.65]
	at org.apache.catalina.core.StandardWrapperValve.invoke(StandardWrapperValve.java:197) ~[tomcat-embed-core-9.0.65.jar:9.0.65]
	at org.apache.catalina.core.StandardContextValve.invoke(StandardContextValve.java:97) ~[tomcat-embed-core-9.0.65.jar:9.0.65]
	at org.apache.catalina.authenticator.AuthenticatorBase.invoke(AuthenticatorBase.java:541) ~[tomcat-embed-core-9.0.65.jar:9.0.65]
	at org.apache.catalina.core.StandardHostValve.invoke(StandardHostValve.java:135) ~[tomcat-embed-core-9.0.65.jar:9.0.65]
	at org.apache.catalina.valves.ErrorReportValve.invoke(ErrorReportValve.java:92) ~[tomcat-embed-core-9.0.65.jar:9.0.65]
	at org.apache.catalina.core.StandardEngineValve.invoke(StandardEngineValve.java:78) ~[tomcat-embed-core-9.0.65.jar:9.0.65]
	at org.apache.catalina.connector.CoyoteAdapter.service(CoyoteAdapter.java:360) ~[tomcat-embed-core-9.0.65.jar:9.0.65]
	at org.apache.coyote.http11.Http11Processor.service(Http11Processor.java:399) ~[tomcat-embed-core-9.0.65.jar:9.0.65]
	at org.apache.coyote.AbstractProcessorLight.process(AbstractProcessorLight.java:65) ~[tomcat-embed-core-9.0.65.jar:9.0.65]
	at org.apache.coyote.AbstractProtocol$ConnectionHandler.process(AbstractProtocol.java:890) ~[tomcat-embed-core-9.0.65.jar:9.0.65]
	at org.apache.tomcat.util.net.NioEndpoint$SocketProcessor.doRun(NioEndpoint.java:1789) ~[tomcat-embed-core-9.0.65.jar:9.0.65]
	at org.apache.tomcat.util.net.SocketProcessorBase.run(SocketProcessorBase.java:49) ~[tomcat-embed-core-9.0.65.jar:9.0.65]
	at org.apache.tomcat.util.threads.ThreadPoolExecutor.runWorker(ThreadPoolExecutor.java:1191) ~[tomcat-embed-core-9.0.65.jar:9.0.65]
	at org.apache.tomcat.util.threads.ThreadPoolExecutor$Worker.run(ThreadPoolExecutor.java:659) ~[tomcat-embed-core-9.0.65.jar:9.0.65]
	at org.apache.tomcat.util.threads.TaskThread$WrappingRunnable.run(TaskThread.java:61) ~[tomcat-embed-core-9.0.65.jar:9.0.65]
	at java.base/java.lang.Thread.run(Thread.java:1589) ~[na:na]
20:24:33.841-[LAPTOP-L9SH1VHI][d932e2020dfc4a499ca820096fa93f8c]--ERROR 11888 --- [nio-8088-exec-2] c.t.c.a.m.advice.CommonExceptionAdvice   : 参数异常 -> NestedServletException，Required request parameter 'courseIds' for method parameter type List is not present
20:24:33.842-[LAPTOP-L9SH1VHI][d932e2020dfc4a499ca820096fa93f8c]--DEBUG 11888 --- [nio-8088-exec-2] c.t.c.a.m.advice.CommonExceptionAdvice   : 
org.springframework.web.bind.MissingServletRequestParameterException: Required request parameter 'courseIds' for method parameter type List is not present
	at org.springframework.web.method.annotation.RequestParamMethodArgumentResolver.handleMissingValueInternal(RequestParamMethodArgumentResolver.java:218) ~[spring-web-5.3.22.jar:5.3.22]
	at org.springframework.web.method.annotation.RequestParamMethodArgumentResolver.handleMissingValue(RequestParamMethodArgumentResolver.java:193) ~[spring-web-5.3.22.jar:5.3.22]
	at org.springframework.web.method.annotation.AbstractNamedValueMethodArgumentResolver.resolveArgument(AbstractNamedValueMethodArgumentResolver.java:114) ~[spring-web-5.3.22.jar:5.3.22]
	at org.springframework.web.method.support.HandlerMethodArgumentResolverComposite.resolveArgument(HandlerMethodArgumentResolverComposite.java:122) ~[spring-web-5.3.22.jar:5.3.22]
	at org.springframework.web.method.support.InvocableHandlerMethod.getMethodArgumentValues(InvocableHandlerMethod.java:179) ~[spring-web-5.3.22.jar:5.3.22]
	at org.springframework.web.method.support.InvocableHandlerMethod.invokeForRequest(InvocableHandlerMethod.java:146) ~[spring-web-5.3.22.jar:5.3.22]
	at org.springframework.web.servlet.mvc.method.annotation.ServletInvocableHandlerMethod.invokeAndHandle(ServletInvocableHandlerMethod.java:117) ~[spring-webmvc-5.3.22.jar:5.3.22]
	at org.springframework.web.servlet.mvc.method.annotation.RequestMappingHandlerAdapter.invokeHandlerMethod(RequestMappingHandlerAdapter.java:895) ~[spring-webmvc-5.3.22.jar:5.3.22]
	at org.springframework.web.servlet.mvc.method.annotation.RequestMappingHandlerAdapter.handleInternal(RequestMappingHandlerAdapter.java:808) ~[spring-webmvc-5.3.22.jar:5.3.22]
	at org.springframework.web.servlet.mvc.method.AbstractHandlerMethodAdapter.handle(AbstractHandlerMethodAdapter.java:87) ~[spring-webmvc-5.3.22.jar:5.3.22]
	at org.springframework.web.servlet.DispatcherServlet.doDispatch(DispatcherServlet.java:1070) ~[spring-webmvc-5.3.22.jar:5.3.22]
	at org.springframework.web.servlet.DispatcherServlet.doService(DispatcherServlet.java:963) ~[spring-webmvc-5.3.22.jar:5.3.22]
	at org.springframework.web.servlet.FrameworkServlet.processRequest(FrameworkServlet.java:1006) ~[spring-webmvc-5.3.22.jar:5.3.22]
	at org.springframework.web.servlet.FrameworkServlet.doGet(FrameworkServlet.java:898) ~[spring-webmvc-5.3.22.jar:5.3.22]
	at javax.servlet.http.HttpServlet.service(HttpServlet.java:655) ~[tomcat-embed-core-9.0.65.jar:4.0.FR]
	at org.springframework.web.servlet.FrameworkServlet.service(FrameworkServlet.java:883) ~[spring-webmvc-5.3.22.jar:5.3.22]
	at javax.servlet.http.HttpServlet.service(HttpServlet.java:764) ~[tomcat-embed-core-9.0.65.jar:4.0.FR]
	at org.apache.catalina.core.ApplicationFilterChain.internalDoFilter(ApplicationFilterChain.java:227) ~[tomcat-embed-core-9.0.65.jar:9.0.65]
	at org.apache.catalina.core.ApplicationFilterChain.doFilter(ApplicationFilterChain.java:162) ~[tomcat-embed-core-9.0.65.jar:9.0.65]
	at org.apache.tomcat.websocket.server.WsFilter.doFilter(WsFilter.java:53) ~[tomcat-embed-websocket-9.0.65.jar:9.0.65]
	at org.apache.catalina.core.ApplicationFilterChain.internalDoFilter(ApplicationFilterChain.java:189) ~[tomcat-embed-core-9.0.65.jar:9.0.65]
	at org.apache.catalina.core.ApplicationFilterChain.doFilter(ApplicationFilterChain.java:162) ~[tomcat-embed-core-9.0.65.jar:9.0.65]
	at org.springframework.web.filter.RequestContextFilter.doFilterInternal(RequestContextFilter.java:100) ~[spring-web-5.3.22.jar:5.3.22]
	at org.springframework.web.filter.OncePerRequestFilter.doFilter(OncePerRequestFilter.java:117) ~[spring-web-5.3.22.jar:5.3.22]
	at org.apache.catalina.core.ApplicationFilterChain.internalDoFilter(ApplicationFilterChain.java:189) ~[tomcat-embed-core-9.0.65.jar:9.0.65]
	at org.apache.catalina.core.ApplicationFilterChain.doFilter(ApplicationFilterChain.java:162) ~[tomcat-embed-core-9.0.65.jar:9.0.65]
	at org.springframework.web.filter.FormContentFilter.doFilterInternal(FormContentFilter.java:93) ~[spring-web-5.3.22.jar:5.3.22]
	at org.springframework.web.filter.OncePerRequestFilter.doFilter(OncePerRequestFilter.java:117) ~[spring-web-5.3.22.jar:5.3.22]
	at org.apache.catalina.core.ApplicationFilterChain.internalDoFilter(ApplicationFilterChain.java:189) ~[tomcat-embed-core-9.0.65.jar:9.0.65]
	at org.apache.catalina.core.ApplicationFilterChain.doFilter(ApplicationFilterChain.java:162) ~[tomcat-embed-core-9.0.65.jar:9.0.65]
	at org.springframework.web.filter.CharacterEncodingFilter.doFilterInternal(CharacterEncodingFilter.java:201) ~[spring-web-5.3.22.jar:5.3.22]
	at org.springframework.web.filter.OncePerRequestFilter.doFilter(OncePerRequestFilter.java:117) ~[spring-web-5.3.22.jar:5.3.22]
	at org.apache.catalina.core.ApplicationFilterChain.internalDoFilter(ApplicationFilterChain.java:189) ~[tomcat-embed-core-9.0.65.jar:9.0.65]
	at org.apache.catalina.core.ApplicationFilterChain.doFilter(ApplicationFilterChain.java:162) ~[tomcat-embed-core-9.0.65.jar:9.0.65]
	at com.tianji.common.filters.RequestIdFilter.doFilter(RequestIdFilter.java:26) ~[classes/:na]
	at org.apache.catalina.core.ApplicationFilterChain.internalDoFilter(ApplicationFilterChain.java:189) ~[tomcat-embed-core-9.0.65.jar:9.0.65]
	at org.apache.catalina.core.ApplicationFilterChain.doFilter(ApplicationFilterChain.java:162) ~[tomcat-embed-core-9.0.65.jar:9.0.65]
	at org.apache.catalina.core.StandardWrapperValve.invoke(StandardWrapperValve.java:197) ~[tomcat-embed-core-9.0.65.jar:9.0.65]
	at org.apache.catalina.core.StandardContextValve.invoke(StandardContextValve.java:97) ~[tomcat-embed-core-9.0.65.jar:9.0.65]
	at org.apache.catalina.authenticator.AuthenticatorBase.invoke(AuthenticatorBase.java:541) ~[tomcat-embed-core-9.0.65.jar:9.0.65]
	at org.apache.catalina.core.StandardHostValve.invoke(StandardHostValve.java:135) ~[tomcat-embed-core-9.0.65.jar:9.0.65]
	at org.apache.catalina.valves.ErrorReportValve.invoke(ErrorReportValve.java:92) ~[tomcat-embed-core-9.0.65.jar:9.0.65]
	at org.apache.catalina.core.StandardEngineValve.invoke(StandardEngineValve.java:78) ~[tomcat-embed-core-9.0.65.jar:9.0.65]
	at org.apache.catalina.connector.CoyoteAdapter.service(CoyoteAdapter.java:360) ~[tomcat-embed-core-9.0.65.jar:9.0.65]
	at org.apache.coyote.http11.Http11Processor.service(Http11Processor.java:399) ~[tomcat-embed-core-9.0.65.jar:9.0.65]
	at org.apache.coyote.AbstractProcessorLight.process(AbstractProcessorLight.java:65) ~[tomcat-embed-core-9.0.65.jar:9.0.65]
	at org.apache.coyote.AbstractProtocol$ConnectionHandler.process(AbstractProtocol.java:890) ~[tomcat-embed-core-9.0.65.jar:9.0.65]
	at org.apache.tomcat.util.net.NioEndpoint$SocketProcessor.doRun(NioEndpoint.java:1789) ~[tomcat-embed-core-9.0.65.jar:9.0.65]
	at org.apache.tomcat.util.net.SocketProcessorBase.run(SocketProcessorBase.java:49) ~[tomcat-embed-core-9.0.65.jar:9.0.65]
	at org.apache.tomcat.util.threads.ThreadPoolExecutor.runWorker(ThreadPoolExecutor.java:1191) ~[tomcat-embed-core-9.0.65.jar:9.0.65]
	at org.apache.tomcat.util.threads.ThreadPoolExecutor$Worker.run(ThreadPoolExecutor.java:659) ~[tomcat-embed-core-9.0.65.jar:9.0.65]
	at org.apache.tomcat.util.threads.TaskThread$WrappingRunnable.run(TaskThread.java:61) ~[tomcat-embed-core-9.0.65.jar:9.0.65]
	at java.base/java.lang.Thread.run(Thread.java:1589) ~[na:na]
20:24:35.467-[LAPTOP-L9SH1VHI][62f38046e53e4c2c8185f8ef642fff6b]--ERROR 11888 --- [nio-8088-exec-3] c.t.c.a.m.advice.CommonExceptionAdvice   : 参数异常 -> NestedServletException，Required request parameter 'courseIds' for method parameter type List is not present
20:24:35.468-[LAPTOP-L9SH1VHI][62f38046e53e4c2c8185f8ef642fff6b]--DEBUG 11888 --- [nio-8088-exec-3] c.t.c.a.m.advice.CommonExceptionAdvice   : 
org.springframework.web.bind.MissingServletRequestParameterException: Required request parameter 'courseIds' for method parameter type List is not present
	at org.springframework.web.method.annotation.RequestParamMethodArgumentResolver.handleMissingValueInternal(RequestParamMethodArgumentResolver.java:218) ~[spring-web-5.3.22.jar:5.3.22]
	at org.springframework.web.method.annotation.RequestParamMethodArgumentResolver.handleMissingValue(RequestParamMethodArgumentResolver.java:193) ~[spring-web-5.3.22.jar:5.3.22]
	at org.springframework.web.method.annotation.AbstractNamedValueMethodArgumentResolver.resolveArgument(AbstractNamedValueMethodArgumentResolver.java:114) ~[spring-web-5.3.22.jar:5.3.22]
	at org.springframework.web.method.support.HandlerMethodArgumentResolverComposite.resolveArgument(HandlerMethodArgumentResolverComposite.java:122) ~[spring-web-5.3.22.jar:5.3.22]
	at org.springframework.web.method.support.InvocableHandlerMethod.getMethodArgumentValues(InvocableHandlerMethod.java:179) ~[spring-web-5.3.22.jar:5.3.22]
	at org.springframework.web.method.support.InvocableHandlerMethod.invokeForRequest(InvocableHandlerMethod.java:146) ~[spring-web-5.3.22.jar:5.3.22]
	at org.springframework.web.servlet.mvc.method.annotation.ServletInvocableHandlerMethod.invokeAndHandle(ServletInvocableHandlerMethod.java:117) ~[spring-webmvc-5.3.22.jar:5.3.22]
	at org.springframework.web.servlet.mvc.method.annotation.RequestMappingHandlerAdapter.invokeHandlerMethod(RequestMappingHandlerAdapter.java:895) ~[spring-webmvc-5.3.22.jar:5.3.22]
	at org.springframework.web.servlet.mvc.method.annotation.RequestMappingHandlerAdapter.handleInternal(RequestMappingHandlerAdapter.java:808) ~[spring-webmvc-5.3.22.jar:5.3.22]
	at org.springframework.web.servlet.mvc.method.AbstractHandlerMethodAdapter.handle(AbstractHandlerMethodAdapter.java:87) ~[spring-webmvc-5.3.22.jar:5.3.22]
	at org.springframework.web.servlet.DispatcherServlet.doDispatch(DispatcherServlet.java:1070) ~[spring-webmvc-5.3.22.jar:5.3.22]
	at org.springframework.web.servlet.DispatcherServlet.doService(DispatcherServlet.java:963) ~[spring-webmvc-5.3.22.jar:5.3.22]
	at org.springframework.web.servlet.FrameworkServlet.processRequest(FrameworkServlet.java:1006) ~[spring-webmvc-5.3.22.jar:5.3.22]
	at org.springframework.web.servlet.FrameworkServlet.doGet(FrameworkServlet.java:898) ~[spring-webmvc-5.3.22.jar:5.3.22]
	at javax.servlet.http.HttpServlet.service(HttpServlet.java:655) ~[tomcat-embed-core-9.0.65.jar:4.0.FR]
	at org.springframework.web.servlet.FrameworkServlet.service(FrameworkServlet.java:883) ~[spring-webmvc-5.3.22.jar:5.3.22]
	at javax.servlet.http.HttpServlet.service(HttpServlet.java:764) ~[tomcat-embed-core-9.0.65.jar:4.0.FR]
	at org.apache.catalina.core.ApplicationFilterChain.internalDoFilter(ApplicationFilterChain.java:227) ~[tomcat-embed-core-9.0.65.jar:9.0.65]
	at org.apache.catalina.core.ApplicationFilterChain.doFilter(ApplicationFilterChain.java:162) ~[tomcat-embed-core-9.0.65.jar:9.0.65]
	at org.apache.tomcat.websocket.server.WsFilter.doFilter(WsFilter.java:53) ~[tomcat-embed-websocket-9.0.65.jar:9.0.65]
	at org.apache.catalina.core.ApplicationFilterChain.internalDoFilter(ApplicationFilterChain.java:189) ~[tomcat-embed-core-9.0.65.jar:9.0.65]
	at org.apache.catalina.core.ApplicationFilterChain.doFilter(ApplicationFilterChain.java:162) ~[tomcat-embed-core-9.0.65.jar:9.0.65]
	at org.springframework.web.filter.RequestContextFilter.doFilterInternal(RequestContextFilter.java:100) ~[spring-web-5.3.22.jar:5.3.22]
	at org.springframework.web.filter.OncePerRequestFilter.doFilter(OncePerRequestFilter.java:117) ~[spring-web-5.3.22.jar:5.3.22]
	at org.apache.catalina.core.ApplicationFilterChain.internalDoFilter(ApplicationFilterChain.java:189) ~[tomcat-embed-core-9.0.65.jar:9.0.65]
	at org.apache.catalina.core.ApplicationFilterChain.doFilter(ApplicationFilterChain.java:162) ~[tomcat-embed-core-9.0.65.jar:9.0.65]
	at org.springframework.web.filter.FormContentFilter.doFilterInternal(FormContentFilter.java:93) ~[spring-web-5.3.22.jar:5.3.22]
	at org.springframework.web.filter.OncePerRequestFilter.doFilter(OncePerRequestFilter.java:117) ~[spring-web-5.3.22.jar:5.3.22]
	at org.apache.catalina.core.ApplicationFilterChain.internalDoFilter(ApplicationFilterChain.java:189) ~[tomcat-embed-core-9.0.65.jar:9.0.65]
	at org.apache.catalina.core.ApplicationFilterChain.doFilter(ApplicationFilterChain.java:162) ~[tomcat-embed-core-9.0.65.jar:9.0.65]
	at org.springframework.web.filter.CharacterEncodingFilter.doFilterInternal(CharacterEncodingFilter.java:201) ~[spring-web-5.3.22.jar:5.3.22]
	at org.springframework.web.filter.OncePerRequestFilter.doFilter(OncePerRequestFilter.java:117) ~[spring-web-5.3.22.jar:5.3.22]
	at org.apache.catalina.core.ApplicationFilterChain.internalDoFilter(ApplicationFilterChain.java:189) ~[tomcat-embed-core-9.0.65.jar:9.0.65]
	at org.apache.catalina.core.ApplicationFilterChain.doFilter(ApplicationFilterChain.java:162) ~[tomcat-embed-core-9.0.65.jar:9.0.65]
	at com.tianji.common.filters.RequestIdFilter.doFilter(RequestIdFilter.java:26) ~[classes/:na]
	at org.apache.catalina.core.ApplicationFilterChain.internalDoFilter(ApplicationFilterChain.java:189) ~[tomcat-embed-core-9.0.65.jar:9.0.65]
	at org.apache.catalina.core.ApplicationFilterChain.doFilter(ApplicationFilterChain.java:162) ~[tomcat-embed-core-9.0.65.jar:9.0.65]
	at org.apache.catalina.core.StandardWrapperValve.invoke(StandardWrapperValve.java:197) ~[tomcat-embed-core-9.0.65.jar:9.0.65]
	at org.apache.catalina.core.StandardContextValve.invoke(StandardContextValve.java:97) ~[tomcat-embed-core-9.0.65.jar:9.0.65]
	at org.apache.catalina.authenticator.AuthenticatorBase.invoke(AuthenticatorBase.java:541) ~[tomcat-embed-core-9.0.65.jar:9.0.65]
	at org.apache.catalina.core.StandardHostValve.invoke(StandardHostValve.java:135) ~[tomcat-embed-core-9.0.65.jar:9.0.65]
	at org.apache.catalina.valves.ErrorReportValve.invoke(ErrorReportValve.java:92) ~[tomcat-embed-core-9.0.65.jar:9.0.65]
	at org.apache.catalina.core.StandardEngineValve.invoke(StandardEngineValve.java:78) ~[tomcat-embed-core-9.0.65.jar:9.0.65]
	at org.apache.catalina.connector.CoyoteAdapter.service(CoyoteAdapter.java:360) ~[tomcat-embed-core-9.0.65.jar:9.0.65]
	at org.apache.coyote.http11.Http11Processor.service(Http11Processor.java:399) ~[tomcat-embed-core-9.0.65.jar:9.0.65]
	at org.apache.coyote.AbstractProcessorLight.process(AbstractProcessorLight.java:65) ~[tomcat-embed-core-9.0.65.jar:9.0.65]
	at org.apache.coyote.AbstractProtocol$ConnectionHandler.process(AbstractProtocol.java:890) ~[tomcat-embed-core-9.0.65.jar:9.0.65]
	at org.apache.tomcat.util.net.NioEndpoint$SocketProcessor.doRun(NioEndpoint.java:1789) ~[tomcat-embed-core-9.0.65.jar:9.0.65]
	at org.apache.tomcat.util.net.SocketProcessorBase.run(SocketProcessorBase.java:49) ~[tomcat-embed-core-9.0.65.jar:9.0.65]
	at org.apache.tomcat.util.threads.ThreadPoolExecutor.runWorker(ThreadPoolExecutor.java:1191) ~[tomcat-embed-core-9.0.65.jar:9.0.65]
	at org.apache.tomcat.util.threads.ThreadPoolExecutor$Worker.run(ThreadPoolExecutor.java:659) ~[tomcat-embed-core-9.0.65.jar:9.0.65]
	at org.apache.tomcat.util.threads.TaskThread$WrappingRunnable.run(TaskThread.java:61) ~[tomcat-embed-core-9.0.65.jar:9.0.65]
	at java.base/java.lang.Thread.run(Thread.java:1589) ~[na:na]
20:24:36.654-[LAPTOP-L9SH1VHI][390dbbed86404d76a532eac0ee93aa63]--ERROR 11888 --- [nio-8088-exec-4] c.t.c.a.m.advice.CommonExceptionAdvice   : 参数异常 -> NestedServletException，Required request parameter 'courseIds' for method parameter type List is not present
20:24:36.656-[LAPTOP-L9SH1VHI][390dbbed86404d76a532eac0ee93aa63]--DEBUG 11888 --- [nio-8088-exec-4] c.t.c.a.m.advice.CommonExceptionAdvice   : 
org.springframework.web.bind.MissingServletRequestParameterException: Required request parameter 'courseIds' for method parameter type List is not present
	at org.springframework.web.method.annotation.RequestParamMethodArgumentResolver.handleMissingValueInternal(RequestParamMethodArgumentResolver.java:218) ~[spring-web-5.3.22.jar:5.3.22]
	at org.springframework.web.method.annotation.RequestParamMethodArgumentResolver.handleMissingValue(RequestParamMethodArgumentResolver.java:193) ~[spring-web-5.3.22.jar:5.3.22]
	at org.springframework.web.method.annotation.AbstractNamedValueMethodArgumentResolver.resolveArgument(AbstractNamedValueMethodArgumentResolver.java:114) ~[spring-web-5.3.22.jar:5.3.22]
	at org.springframework.web.method.support.HandlerMethodArgumentResolverComposite.resolveArgument(HandlerMethodArgumentResolverComposite.java:122) ~[spring-web-5.3.22.jar:5.3.22]
	at org.springframework.web.method.support.InvocableHandlerMethod.getMethodArgumentValues(InvocableHandlerMethod.java:179) ~[spring-web-5.3.22.jar:5.3.22]
	at org.springframework.web.method.support.InvocableHandlerMethod.invokeForRequest(InvocableHandlerMethod.java:146) ~[spring-web-5.3.22.jar:5.3.22]
	at org.springframework.web.servlet.mvc.method.annotation.ServletInvocableHandlerMethod.invokeAndHandle(ServletInvocableHandlerMethod.java:117) ~[spring-webmvc-5.3.22.jar:5.3.22]
	at org.springframework.web.servlet.mvc.method.annotation.RequestMappingHandlerAdapter.invokeHandlerMethod(RequestMappingHandlerAdapter.java:895) ~[spring-webmvc-5.3.22.jar:5.3.22]
	at org.springframework.web.servlet.mvc.method.annotation.RequestMappingHandlerAdapter.handleInternal(RequestMappingHandlerAdapter.java:808) ~[spring-webmvc-5.3.22.jar:5.3.22]
	at org.springframework.web.servlet.mvc.method.AbstractHandlerMethodAdapter.handle(AbstractHandlerMethodAdapter.java:87) ~[spring-webmvc-5.3.22.jar:5.3.22]
	at org.springframework.web.servlet.DispatcherServlet.doDispatch(DispatcherServlet.java:1070) ~[spring-webmvc-5.3.22.jar:5.3.22]
	at org.springframework.web.servlet.DispatcherServlet.doService(DispatcherServlet.java:963) ~[spring-webmvc-5.3.22.jar:5.3.22]
	at org.springframework.web.servlet.FrameworkServlet.processRequest(FrameworkServlet.java:1006) ~[spring-webmvc-5.3.22.jar:5.3.22]
	at org.springframework.web.servlet.FrameworkServlet.doGet(FrameworkServlet.java:898) ~[spring-webmvc-5.3.22.jar:5.3.22]
	at javax.servlet.http.HttpServlet.service(HttpServlet.java:655) ~[tomcat-embed-core-9.0.65.jar:4.0.FR]
	at org.springframework.web.servlet.FrameworkServlet.service(FrameworkServlet.java:883) ~[spring-webmvc-5.3.22.jar:5.3.22]
	at javax.servlet.http.HttpServlet.service(HttpServlet.java:764) ~[tomcat-embed-core-9.0.65.jar:4.0.FR]
	at org.apache.catalina.core.ApplicationFilterChain.internalDoFilter(ApplicationFilterChain.java:227) ~[tomcat-embed-core-9.0.65.jar:9.0.65]
	at org.apache.catalina.core.ApplicationFilterChain.doFilter(ApplicationFilterChain.java:162) ~[tomcat-embed-core-9.0.65.jar:9.0.65]
	at org.apache.tomcat.websocket.server.WsFilter.doFilter(WsFilter.java:53) ~[tomcat-embed-websocket-9.0.65.jar:9.0.65]
	at org.apache.catalina.core.ApplicationFilterChain.internalDoFilter(ApplicationFilterChain.java:189) ~[tomcat-embed-core-9.0.65.jar:9.0.65]
	at org.apache.catalina.core.ApplicationFilterChain.doFilter(ApplicationFilterChain.java:162) ~[tomcat-embed-core-9.0.65.jar:9.0.65]
	at org.springframework.web.filter.RequestContextFilter.doFilterInternal(RequestContextFilter.java:100) ~[spring-web-5.3.22.jar:5.3.22]
	at org.springframework.web.filter.OncePerRequestFilter.doFilter(OncePerRequestFilter.java:117) ~[spring-web-5.3.22.jar:5.3.22]
	at org.apache.catalina.core.ApplicationFilterChain.internalDoFilter(ApplicationFilterChain.java:189) ~[tomcat-embed-core-9.0.65.jar:9.0.65]
	at org.apache.catalina.core.ApplicationFilterChain.doFilter(ApplicationFilterChain.java:162) ~[tomcat-embed-core-9.0.65.jar:9.0.65]
	at org.springframework.web.filter.FormContentFilter.doFilterInternal(FormContentFilter.java:93) ~[spring-web-5.3.22.jar:5.3.22]
	at org.springframework.web.filter.OncePerRequestFilter.doFilter(OncePerRequestFilter.java:117) ~[spring-web-5.3.22.jar:5.3.22]
	at org.apache.catalina.core.ApplicationFilterChain.internalDoFilter(ApplicationFilterChain.java:189) ~[tomcat-embed-core-9.0.65.jar:9.0.65]
	at org.apache.catalina.core.ApplicationFilterChain.doFilter(ApplicationFilterChain.java:162) ~[tomcat-embed-core-9.0.65.jar:9.0.65]
	at org.springframework.web.filter.CharacterEncodingFilter.doFilterInternal(CharacterEncodingFilter.java:201) ~[spring-web-5.3.22.jar:5.3.22]
	at org.springframework.web.filter.OncePerRequestFilter.doFilter(OncePerRequestFilter.java:117) ~[spring-web-5.3.22.jar:5.3.22]
	at org.apache.catalina.core.ApplicationFilterChain.internalDoFilter(ApplicationFilterChain.java:189) ~[tomcat-embed-core-9.0.65.jar:9.0.65]
	at org.apache.catalina.core.ApplicationFilterChain.doFilter(ApplicationFilterChain.java:162) ~[tomcat-embed-core-9.0.65.jar:9.0.65]
	at com.tianji.common.filters.RequestIdFilter.doFilter(RequestIdFilter.java:26) ~[classes/:na]
	at org.apache.catalina.core.ApplicationFilterChain.internalDoFilter(ApplicationFilterChain.java:189) ~[tomcat-embed-core-9.0.65.jar:9.0.65]
	at org.apache.catalina.core.ApplicationFilterChain.doFilter(ApplicationFilterChain.java:162) ~[tomcat-embed-core-9.0.65.jar:9.0.65]
	at org.apache.catalina.core.StandardWrapperValve.invoke(StandardWrapperValve.java:197) ~[tomcat-embed-core-9.0.65.jar:9.0.65]
	at org.apache.catalina.core.StandardContextValve.invoke(StandardContextValve.java:97) ~[tomcat-embed-core-9.0.65.jar:9.0.65]
	at org.apache.catalina.authenticator.AuthenticatorBase.invoke(AuthenticatorBase.java:541) ~[tomcat-embed-core-9.0.65.jar:9.0.65]
	at org.apache.catalina.core.StandardHostValve.invoke(StandardHostValve.java:135) ~[tomcat-embed-core-9.0.65.jar:9.0.65]
	at org.apache.catalina.valves.ErrorReportValve.invoke(ErrorReportValve.java:92) ~[tomcat-embed-core-9.0.65.jar:9.0.65]
	at org.apache.catalina.core.StandardEngineValve.invoke(StandardEngineValve.java:78) ~[tomcat-embed-core-9.0.65.jar:9.0.65]
	at org.apache.catalina.connector.CoyoteAdapter.service(CoyoteAdapter.java:360) ~[tomcat-embed-core-9.0.65.jar:9.0.65]
	at org.apache.coyote.http11.Http11Processor.service(Http11Processor.java:399) ~[tomcat-embed-core-9.0.65.jar:9.0.65]
	at org.apache.coyote.AbstractProcessorLight.process(AbstractProcessorLight.java:65) ~[tomcat-embed-core-9.0.65.jar:9.0.65]
	at org.apache.coyote.AbstractProtocol$ConnectionHandler.process(AbstractProtocol.java:890) ~[tomcat-embed-core-9.0.65.jar:9.0.65]
	at org.apache.tomcat.util.net.NioEndpoint$SocketProcessor.doRun(NioEndpoint.java:1789) ~[tomcat-embed-core-9.0.65.jar:9.0.65]
	at org.apache.tomcat.util.net.SocketProcessorBase.run(SocketProcessorBase.java:49) ~[tomcat-embed-core-9.0.65.jar:9.0.65]
	at org.apache.tomcat.util.threads.ThreadPoolExecutor.runWorker(ThreadPoolExecutor.java:1191) ~[tomcat-embed-core-9.0.65.jar:9.0.65]
	at org.apache.tomcat.util.threads.ThreadPoolExecutor$Worker.run(ThreadPoolExecutor.java:659) ~[tomcat-embed-core-9.0.65.jar:9.0.65]
	at org.apache.tomcat.util.threads.TaskThread$WrappingRunnable.run(TaskThread.java:61) ~[tomcat-embed-core-9.0.65.jar:9.0.65]
	at java.base/java.lang.Thread.run(Thread.java:1589) ~[na:na]
20:24:46.870-[LAPTOP-L9SH1VHI][bd59c254ce2b4fe9b21da1174b334277]--ERROR 11888 --- [nio-8088-exec-5] c.t.c.a.m.advice.CommonExceptionAdvice   : 参数异常 -> NestedServletException，Required request parameter 'courseIds' for method parameter type List is not present
20:24:46.871-[LAPTOP-L9SH1VHI][bd59c254ce2b4fe9b21da1174b334277]--DEBUG 11888 --- [nio-8088-exec-5] c.t.c.a.m.advice.CommonExceptionAdvice   : 
org.springframework.web.bind.MissingServletRequestParameterException: Required request parameter 'courseIds' for method parameter type List is not present
	at org.springframework.web.method.annotation.RequestParamMethodArgumentResolver.handleMissingValueInternal(RequestParamMethodArgumentResolver.java:218) ~[spring-web-5.3.22.jar:5.3.22]
	at org.springframework.web.method.annotation.RequestParamMethodArgumentResolver.handleMissingValue(RequestParamMethodArgumentResolver.java:193) ~[spring-web-5.3.22.jar:5.3.22]
	at org.springframework.web.method.annotation.AbstractNamedValueMethodArgumentResolver.resolveArgument(AbstractNamedValueMethodArgumentResolver.java:114) ~[spring-web-5.3.22.jar:5.3.22]
	at org.springframework.web.method.support.HandlerMethodArgumentResolverComposite.resolveArgument(HandlerMethodArgumentResolverComposite.java:122) ~[spring-web-5.3.22.jar:5.3.22]
	at org.springframework.web.method.support.InvocableHandlerMethod.getMethodArgumentValues(InvocableHandlerMethod.java:179) ~[spring-web-5.3.22.jar:5.3.22]
	at org.springframework.web.method.support.InvocableHandlerMethod.invokeForRequest(InvocableHandlerMethod.java:146) ~[spring-web-5.3.22.jar:5.3.22]
	at org.springframework.web.servlet.mvc.method.annotation.ServletInvocableHandlerMethod.invokeAndHandle(ServletInvocableHandlerMethod.java:117) ~[spring-webmvc-5.3.22.jar:5.3.22]
	at org.springframework.web.servlet.mvc.method.annotation.RequestMappingHandlerAdapter.invokeHandlerMethod(RequestMappingHandlerAdapter.java:895) ~[spring-webmvc-5.3.22.jar:5.3.22]
	at org.springframework.web.servlet.mvc.method.annotation.RequestMappingHandlerAdapter.handleInternal(RequestMappingHandlerAdapter.java:808) ~[spring-webmvc-5.3.22.jar:5.3.22]
	at org.springframework.web.servlet.mvc.method.AbstractHandlerMethodAdapter.handle(AbstractHandlerMethodAdapter.java:87) ~[spring-webmvc-5.3.22.jar:5.3.22]
	at org.springframework.web.servlet.DispatcherServlet.doDispatch(DispatcherServlet.java:1070) ~[spring-webmvc-5.3.22.jar:5.3.22]
	at org.springframework.web.servlet.DispatcherServlet.doService(DispatcherServlet.java:963) ~[spring-webmvc-5.3.22.jar:5.3.22]
	at org.springframework.web.servlet.FrameworkServlet.processRequest(FrameworkServlet.java:1006) ~[spring-webmvc-5.3.22.jar:5.3.22]
	at org.springframework.web.servlet.FrameworkServlet.doGet(FrameworkServlet.java:898) ~[spring-webmvc-5.3.22.jar:5.3.22]
	at javax.servlet.http.HttpServlet.service(HttpServlet.java:655) ~[tomcat-embed-core-9.0.65.jar:4.0.FR]
	at org.springframework.web.servlet.FrameworkServlet.service(FrameworkServlet.java:883) ~[spring-webmvc-5.3.22.jar:5.3.22]
	at javax.servlet.http.HttpServlet.service(HttpServlet.java:764) ~[tomcat-embed-core-9.0.65.jar:4.0.FR]
	at org.apache.catalina.core.ApplicationFilterChain.internalDoFilter(ApplicationFilterChain.java:227) ~[tomcat-embed-core-9.0.65.jar:9.0.65]
	at org.apache.catalina.core.ApplicationFilterChain.doFilter(ApplicationFilterChain.java:162) ~[tomcat-embed-core-9.0.65.jar:9.0.65]
	at org.apache.tomcat.websocket.server.WsFilter.doFilter(WsFilter.java:53) ~[tomcat-embed-websocket-9.0.65.jar:9.0.65]
	at org.apache.catalina.core.ApplicationFilterChain.internalDoFilter(ApplicationFilterChain.java:189) ~[tomcat-embed-core-9.0.65.jar:9.0.65]
	at org.apache.catalina.core.ApplicationFilterChain.doFilter(ApplicationFilterChain.java:162) ~[tomcat-embed-core-9.0.65.jar:9.0.65]
	at org.springframework.web.filter.RequestContextFilter.doFilterInternal(RequestContextFilter.java:100) ~[spring-web-5.3.22.jar:5.3.22]
	at org.springframework.web.filter.OncePerRequestFilter.doFilter(OncePerRequestFilter.java:117) ~[spring-web-5.3.22.jar:5.3.22]
	at org.apache.catalina.core.ApplicationFilterChain.internalDoFilter(ApplicationFilterChain.java:189) ~[tomcat-embed-core-9.0.65.jar:9.0.65]
	at org.apache.catalina.core.ApplicationFilterChain.doFilter(ApplicationFilterChain.java:162) ~[tomcat-embed-core-9.0.65.jar:9.0.65]
	at org.springframework.web.filter.FormContentFilter.doFilterInternal(FormContentFilter.java:93) ~[spring-web-5.3.22.jar:5.3.22]
	at org.springframework.web.filter.OncePerRequestFilter.doFilter(OncePerRequestFilter.java:117) ~[spring-web-5.3.22.jar:5.3.22]
	at org.apache.catalina.core.ApplicationFilterChain.internalDoFilter(ApplicationFilterChain.java:189) ~[tomcat-embed-core-9.0.65.jar:9.0.65]
	at org.apache.catalina.core.ApplicationFilterChain.doFilter(ApplicationFilterChain.java:162) ~[tomcat-embed-core-9.0.65.jar:9.0.65]
	at org.springframework.web.filter.CharacterEncodingFilter.doFilterInternal(CharacterEncodingFilter.java:201) ~[spring-web-5.3.22.jar:5.3.22]
	at org.springframework.web.filter.OncePerRequestFilter.doFilter(OncePerRequestFilter.java:117) ~[spring-web-5.3.22.jar:5.3.22]
	at org.apache.catalina.core.ApplicationFilterChain.internalDoFilter(ApplicationFilterChain.java:189) ~[tomcat-embed-core-9.0.65.jar:9.0.65]
	at org.apache.catalina.core.ApplicationFilterChain.doFilter(ApplicationFilterChain.java:162) ~[tomcat-embed-core-9.0.65.jar:9.0.65]
	at com.tianji.common.filters.RequestIdFilter.doFilter(RequestIdFilter.java:26) ~[classes/:na]
	at org.apache.catalina.core.ApplicationFilterChain.internalDoFilter(ApplicationFilterChain.java:189) ~[tomcat-embed-core-9.0.65.jar:9.0.65]
	at org.apache.catalina.core.ApplicationFilterChain.doFilter(ApplicationFilterChain.java:162) ~[tomcat-embed-core-9.0.65.jar:9.0.65]
	at org.apache.catalina.core.StandardWrapperValve.invoke(StandardWrapperValve.java:197) ~[tomcat-embed-core-9.0.65.jar:9.0.65]
	at org.apache.catalina.core.StandardContextValve.invoke(StandardContextValve.java:97) ~[tomcat-embed-core-9.0.65.jar:9.0.65]
	at org.apache.catalina.authenticator.AuthenticatorBase.invoke(AuthenticatorBase.java:541) ~[tomcat-embed-core-9.0.65.jar:9.0.65]
	at org.apache.catalina.core.StandardHostValve.invoke(StandardHostValve.java:135) ~[tomcat-embed-core-9.0.65.jar:9.0.65]
	at org.apache.catalina.valves.ErrorReportValve.invoke(ErrorReportValve.java:92) ~[tomcat-embed-core-9.0.65.jar:9.0.65]
	at org.apache.catalina.core.StandardEngineValve.invoke(StandardEngineValve.java:78) ~[tomcat-embed-core-9.0.65.jar:9.0.65]
	at org.apache.catalina.connector.CoyoteAdapter.service(CoyoteAdapter.java:360) ~[tomcat-embed-core-9.0.65.jar:9.0.65]
	at org.apache.coyote.http11.Http11Processor.service(Http11Processor.java:399) ~[tomcat-embed-core-9.0.65.jar:9.0.65]
	at org.apache.coyote.AbstractProcessorLight.process(AbstractProcessorLight.java:65) ~[tomcat-embed-core-9.0.65.jar:9.0.65]
	at org.apache.coyote.AbstractProtocol$ConnectionHandler.process(AbstractProtocol.java:890) ~[tomcat-embed-core-9.0.65.jar:9.0.65]
	at org.apache.tomcat.util.net.NioEndpoint$SocketProcessor.doRun(NioEndpoint.java:1789) ~[tomcat-embed-core-9.0.65.jar:9.0.65]
	at org.apache.tomcat.util.net.SocketProcessorBase.run(SocketProcessorBase.java:49) ~[tomcat-embed-core-9.0.65.jar:9.0.65]
	at org.apache.tomcat.util.threads.ThreadPoolExecutor.runWorker(ThreadPoolExecutor.java:1191) ~[tomcat-embed-core-9.0.65.jar:9.0.65]
	at org.apache.tomcat.util.threads.ThreadPoolExecutor$Worker.run(ThreadPoolExecutor.java:659) ~[tomcat-embed-core-9.0.65.jar:9.0.65]
	at org.apache.tomcat.util.threads.TaskThread$WrappingRunnable.run(TaskThread.java:61) ~[tomcat-embed-core-9.0.65.jar:9.0.65]
	at java.base/java.lang.Thread.run(Thread.java:1589) ~[na:na]
20:24:51.222-[LAPTOP-L9SH1VHI][879afc1342d042f28b72410e963f664d]-- WARN 11888 --- [nio-8088-exec-6] c.b.m.c.t.support.ReflectLambdaMeta      : Unable to make field private final java.lang.Class java.lang.invoke.SerializedLambda.capturingClass accessible: module java.base does not "opens java.lang.invoke" to unnamed module @7c83dc97
20:24:51.246-[LAPTOP-L9SH1VHI][879afc1342d042f28b72410e963f664d]-- INFO 11888 --- [nio-8088-exec-6] com.zaxxer.hikari.HikariDataSource       : HikariPool-1 - Starting...
20:24:51.599-[LAPTOP-L9SH1VHI][879afc1342d042f28b72410e963f664d]-- INFO 11888 --- [nio-8088-exec-6] com.zaxxer.hikari.HikariDataSource       : HikariPool-1 - Start completed.
20:24:51.608-[LAPTOP-L9SH1VHI][879afc1342d042f28b72410e963f664d]--DEBUG 11888 --- [nio-8088-exec-6] c.t.trade.mapper.CartMapper.selectList   : ==>  Preparing: SELECT id,user_id,course_id,cover_url,course_name,price,create_time,update_time FROM cart WHERE (user_id = ?)
20:24:51.641-[LAPTOP-L9SH1VHI][879afc1342d042f28b72410e963f664d]--DEBUG 11888 --- [nio-8088-exec-6] c.t.trade.mapper.CartMapper.selectList   : ==> Parameters: 2(Long)
20:24:51.698-[LAPTOP-L9SH1VHI][879afc1342d042f28b72410e963f664d]--DEBUG 11888 --- [nio-8088-exec-6] c.t.trade.mapper.CartMapper.selectList   : <==      Total: 2
20:24:51.708-[LAPTOP-L9SH1VHI][879afc1342d042f28b72410e963f664d]--DEBUG 11888 --- [nio-8088-exec-6] c.tianji.api.client.course.CourseClient  : [CourseClient#getSimpleInfoList] ---> GET http://course-service/courses/simpleInfo/list?ids=1552558707325374467&ids=7 HTTP/1.1
20:24:51.830-[LAPTOP-L9SH1VHI][879afc1342d042f28b72410e963f664d]-- INFO 11888 --- [nio-8088-exec-6] com.alibaba.nacos.client.naming          : new ips(1) service: DEFAULT_GROUP@@course-service -> [{"instanceId":"192.168.150.101#8086#DEFAULT#DEFAULT_GROUP@@course-service","ip":"192.168.150.101","port":8086,"weight":1.0,"healthy":true,"enabled":true,"ephemeral":true,"clusterName":"DEFAULT","serviceName":"DEFAULT_GROUP@@course-service","metadata":{"preserved.register.source":"SPRING_CLOUD"},"ipDeleteTimeout":30000,"instanceHeartBeatTimeOut":15000,"instanceHeartBeatInterval":5000}]
20:24:51.833-[LAPTOP-L9SH1VHI][879afc1342d042f28b72410e963f664d]-- INFO 11888 --- [nio-8088-exec-6] com.alibaba.nacos.client.naming          : current ips:(1) service: DEFAULT_GROUP@@course-service -> [{"instanceId":"192.168.150.101#8086#DEFAULT#DEFAULT_GROUP@@course-service","ip":"192.168.150.101","port":8086,"weight":1.0,"healthy":true,"enabled":true,"ephemeral":true,"clusterName":"DEFAULT","serviceName":"DEFAULT_GROUP@@course-service","metadata":{"preserved.register.source":"SPRING_CLOUD"},"ipDeleteTimeout":30000,"instanceHeartBeatTimeOut":15000,"instanceHeartBeatInterval":5000}]
20:24:52.143-[LAPTOP-L9SH1VHI][879afc1342d042f28b72410e963f664d]--DEBUG 11888 --- [nio-8088-exec-6] c.tianji.api.client.course.CourseClient  : [CourseClient#getSimpleInfoList] <--- HTTP/1.1 200  (435ms)
20:24:52.388-[LAPTOP-L9SH1VHI][sys]-- INFO 11888 --- [g.push.receiver] com.alibaba.nacos.client.naming          : received push data: {"type":"dom","data":"{\"name\":\"DEFAULT_GROUP@@course-service\",\"clusters\":\"\",\"cacheMillis\":10000,\"hosts\":[{\"instanceId\":\"192.168.150.101#8086#DEFAULT#DEFAULT_GROUP@@course-service\",\"ip\":\"192.168.150.101\",\"port\":8086,\"weight\":1.0,\"healthy\":true,\"enabled\":true,\"ephemeral\":true,\"clusterName\":\"DEFAULT\",\"serviceName\":\"DEFAULT_GROUP@@course-service\",\"metadata\":{\"preserved.register.source\":\"SPRING_CLOUD\"},\"instanceHeartBeatTimeOut\":15000,\"ipDeleteTimeout\":30000,\"instanceHeartBeatInterval\":5000}],\"lastRefTime\":1728908696308,\"checksum\":\"\",\"allIPs\":false,\"reachProtectionThreshold\":false,\"valid\":true}","lastRefTime":35422323721973} from /192.168.150.101
20:25:00.527-[LAPTOP-L9SH1VHI][2762a5bd491844cb8791ec3dc2feb552]-- INFO 11888 --- [nio-8088-exec-7] c.t.trade.controller.OrderController     : --------
20:25:00.538-[LAPTOP-L9SH1VHI][2762a5bd491844cb8791ec3dc2feb552]--DEBUG 11888 --- [nio-8088-exec-7] c.tianji.api.client.course.CourseClient  : [CourseClient#getSimpleInfoList] ---> GET http://course-service/courses/simpleInfo/list?ids=7&ids=1552558707325374467 HTTP/1.1
20:25:00.685-[LAPTOP-L9SH1VHI][2762a5bd491844cb8791ec3dc2feb552]--DEBUG 11888 --- [nio-8088-exec-7] c.tianji.api.client.course.CourseClient  : [CourseClient#getSimpleInfoList] <--- HTTP/1.1 200  (146ms)
20:25:00.705-[LAPTOP-L9SH1VHI][2762a5bd491844cb8791ec3dc2feb552]--DEBUG 11888 --- [nio-8088-exec-7] c.t.a.client.promotion.PromotionClient   : [PromotionClient#findDiscountSolution] ---> POST http://promotion-service/user-coupons/avaliable HTTP/1.1
20:25:00.746-[LAPTOP-L9SH1VHI][2762a5bd491844cb8791ec3dc2feb552]-- INFO 11888 --- [nio-8088-exec-7] com.alibaba.nacos.client.naming          : new ips(1) service: DEFAULT_GROUP@@promotion-service -> [{"instanceId":"192.168.150.1#8092#DEFAULT#DEFAULT_GROUP@@promotion-service","ip":"192.168.150.1","port":8092,"weight":1.0,"healthy":true,"enabled":true,"ephemeral":true,"clusterName":"DEFAULT","serviceName":"DEFAULT_GROUP@@promotion-service","metadata":{"preserved.register.source":"SPRING_CLOUD"},"ipDeleteTimeout":30000,"instanceHeartBeatTimeOut":15000,"instanceHeartBeatInterval":5000}]
20:25:00.751-[LAPTOP-L9SH1VHI][2762a5bd491844cb8791ec3dc2feb552]-- INFO 11888 --- [nio-8088-exec-7] com.alibaba.nacos.client.naming          : current ips:(1) service: DEFAULT_GROUP@@promotion-service -> [{"instanceId":"192.168.150.1#8092#DEFAULT#DEFAULT_GROUP@@promotion-service","ip":"192.168.150.1","port":8092,"weight":1.0,"healthy":true,"enabled":true,"ephemeral":true,"clusterName":"DEFAULT","serviceName":"DEFAULT_GROUP@@promotion-service","metadata":{"preserved.register.source":"SPRING_CLOUD"},"ipDeleteTimeout":30000,"instanceHeartBeatTimeOut":15000,"instanceHeartBeatInterval":5000}]
20:25:01.285-[LAPTOP-L9SH1VHI][sys]-- INFO 11888 --- [g.push.receiver] com.alibaba.nacos.client.naming          : received push data: {"type":"dom","data":"{\"name\":\"DEFAULT_GROUP@@promotion-service\",\"clusters\":\"\",\"cacheMillis\":10000,\"hosts\":[{\"instanceId\":\"192.168.150.1#8092#DEFAULT#DEFAULT_GROUP@@promotion-service\",\"ip\":\"192.168.150.1\",\"port\":8092,\"weight\":1.0,\"healthy\":true,\"enabled\":true,\"ephemeral\":true,\"clusterName\":\"DEFAULT\",\"serviceName\":\"DEFAULT_GROUP@@promotion-service\",\"metadata\":{\"preserved.register.source\":\"SPRING_CLOUD\"},\"instanceHeartBeatTimeOut\":15000,\"ipDeleteTimeout\":30000,\"instanceHeartBeatInterval\":5000}],\"lastRefTime\":1728908705200,\"checksum\":\"\",\"allIPs\":false,\"reachProtectionThreshold\":false,\"valid\":true}","lastRefTime":35431216347595} from /192.168.150.101
20:25:01.920-[LAPTOP-L9SH1VHI][2762a5bd491844cb8791ec3dc2feb552]--DEBUG 11888 --- [nio-8088-exec-7] c.t.a.client.promotion.PromotionClient   : [PromotionClient#findDiscountSolution] <--- HTTP/1.1 500  (1214ms)
20:25:01.930-[LAPTOP-L9SH1VHI][2762a5bd491844cb8791ec3dc2feb552]--ERROR 11888 --- [nio-8088-exec-7] c.t.a.c.p.fallback.PromotionFallback     : 远程调用promotion服务报错了
feign.FeignException$InternalServerError: [500 ] during [POST] to [http://promotion-service/user-coupons/avaliable] [PromotionClient#findDiscountSolution(List)]: [服务器内部异常]
	at feign.FeignException.serverErrorStatus(FeignException.java:250) ~[feign-core-11.8.jar:na]
	at feign.FeignException.errorStatus(FeignException.java:197) ~[feign-core-11.8.jar:na]
	at feign.FeignException.errorStatus(FeignException.java:185) ~[feign-core-11.8.jar:na]
	at feign.codec.ErrorDecoder$Default.decode(ErrorDecoder.java:92) ~[feign-core-11.8.jar:na]
	at feign.AsyncResponseHandler.handleResponse(AsyncResponseHandler.java:96) ~[feign-core-11.8.jar:na]
	at feign.SynchronousMethodHandler.executeAndDecode(SynchronousMethodHandler.java:138) ~[feign-core-11.8.jar:na]
	at feign.SynchronousMethodHandler.invoke(SynchronousMethodHandler.java:89) ~[feign-core-11.8.jar:na]
	at com.alibaba.cloud.sentinel.feign.SentinelInvocationHandler.invoke(SentinelInvocationHandler.java:109) ~[spring-cloud-starter-alibaba-sentinel-2021.0.1.0.jar:2021.0.1.0]
	at jdk.proxy2/jdk.proxy2.$Proxy150.findDiscountSolution(Unknown Source) ~[na:na]
	at com.tianji.trade.service.impl.OrderServiceImpl.prePlaceOrder(OrderServiceImpl.java:208) ~[classes/:na]
	at com.tianji.trade.service.impl.OrderServiceImpl$$FastClassBySpringCGLIB$$4264e432.invoke(<generated>) ~[classes/:na]
	at org.springframework.cglib.proxy.MethodProxy.invoke(MethodProxy.java:218) ~[spring-core-5.3.22.jar:5.3.22]
	at org.springframework.aop.framework.CglibAopProxy.invokeMethod(CglibAopProxy.java:386) ~[spring-aop-5.3.22.jar:5.3.22]
	at org.springframework.aop.framework.CglibAopProxy.access$000(CglibAopProxy.java:85) ~[spring-aop-5.3.22.jar:5.3.22]
	at org.springframework.aop.framework.CglibAopProxy$DynamicAdvisedInterceptor.intercept(CglibAopProxy.java:704) ~[spring-aop-5.3.22.jar:5.3.22]
	at com.tianji.trade.service.impl.OrderServiceImpl$$EnhancerBySpringCGLIB$$42ee0121.prePlaceOrder(<generated>) ~[classes/:na]
	at com.tianji.trade.controller.OrderController.prePlaceOrder(OrderController.java:61) ~[classes/:na]
	at java.base/jdk.internal.reflect.DirectMethodHandleAccessor.invoke(DirectMethodHandleAccessor.java:104) ~[na:na]
	at java.base/java.lang.reflect.Method.invoke(Method.java:578) ~[na:na]
	at org.springframework.web.method.support.InvocableHandlerMethod.doInvoke(InvocableHandlerMethod.java:205) ~[spring-web-5.3.22.jar:5.3.22]
	at org.springframework.web.method.support.InvocableHandlerMethod.invokeForRequest(InvocableHandlerMethod.java:150) ~[spring-web-5.3.22.jar:5.3.22]
	at org.springframework.web.servlet.mvc.method.annotation.ServletInvocableHandlerMethod.invokeAndHandle(ServletInvocableHandlerMethod.java:117) ~[spring-webmvc-5.3.22.jar:5.3.22]
	at org.springframework.web.servlet.mvc.method.annotation.RequestMappingHandlerAdapter.invokeHandlerMethod(RequestMappingHandlerAdapter.java:895) ~[spring-webmvc-5.3.22.jar:5.3.22]
	at org.springframework.web.servlet.mvc.method.annotation.RequestMappingHandlerAdapter.handleInternal(RequestMappingHandlerAdapter.java:808) ~[spring-webmvc-5.3.22.jar:5.3.22]
	at org.springframework.web.servlet.mvc.method.AbstractHandlerMethodAdapter.handle(AbstractHandlerMethodAdapter.java:87) ~[spring-webmvc-5.3.22.jar:5.3.22]
	at org.springframework.web.servlet.DispatcherServlet.doDispatch(DispatcherServlet.java:1070) ~[spring-webmvc-5.3.22.jar:5.3.22]
	at org.springframework.web.servlet.DispatcherServlet.doService(DispatcherServlet.java:963) ~[spring-webmvc-5.3.22.jar:5.3.22]
	at org.springframework.web.servlet.FrameworkServlet.processRequest(FrameworkServlet.java:1006) ~[spring-webmvc-5.3.22.jar:5.3.22]
	at org.springframework.web.servlet.FrameworkServlet.doGet(FrameworkServlet.java:898) ~[spring-webmvc-5.3.22.jar:5.3.22]
	at javax.servlet.http.HttpServlet.service(HttpServlet.java:655) ~[tomcat-embed-core-9.0.65.jar:4.0.FR]
	at org.springframework.web.servlet.FrameworkServlet.service(FrameworkServlet.java:883) ~[spring-webmvc-5.3.22.jar:5.3.22]
	at javax.servlet.http.HttpServlet.service(HttpServlet.java:764) ~[tomcat-embed-core-9.0.65.jar:4.0.FR]
	at org.apache.catalina.core.ApplicationFilterChain.internalDoFilter(ApplicationFilterChain.java:227) ~[tomcat-embed-core-9.0.65.jar:9.0.65]
	at org.apache.catalina.core.ApplicationFilterChain.doFilter(ApplicationFilterChain.java:162) ~[tomcat-embed-core-9.0.65.jar:9.0.65]
	at org.apache.tomcat.websocket.server.WsFilter.doFilter(WsFilter.java:53) ~[tomcat-embed-websocket-9.0.65.jar:9.0.65]
	at org.apache.catalina.core.ApplicationFilterChain.internalDoFilter(ApplicationFilterChain.java:189) ~[tomcat-embed-core-9.0.65.jar:9.0.65]
	at org.apache.catalina.core.ApplicationFilterChain.doFilter(ApplicationFilterChain.java:162) ~[tomcat-embed-core-9.0.65.jar:9.0.65]
	at org.springframework.web.filter.RequestContextFilter.doFilterInternal(RequestContextFilter.java:100) ~[spring-web-5.3.22.jar:5.3.22]
	at org.springframework.web.filter.OncePerRequestFilter.doFilter(OncePerRequestFilter.java:117) ~[spring-web-5.3.22.jar:5.3.22]
	at org.apache.catalina.core.ApplicationFilterChain.internalDoFilter(ApplicationFilterChain.java:189) ~[tomcat-embed-core-9.0.65.jar:9.0.65]
	at org.apache.catalina.core.ApplicationFilterChain.doFilter(ApplicationFilterChain.java:162) ~[tomcat-embed-core-9.0.65.jar:9.0.65]
	at org.springframework.web.filter.FormContentFilter.doFilterInternal(FormContentFilter.java:93) ~[spring-web-5.3.22.jar:5.3.22]
	at org.springframework.web.filter.OncePerRequestFilter.doFilter(OncePerRequestFilter.java:117) ~[spring-web-5.3.22.jar:5.3.22]
	at org.apache.catalina.core.ApplicationFilterChain.internalDoFilter(ApplicationFilterChain.java:189) ~[tomcat-embed-core-9.0.65.jar:9.0.65]
	at org.apache.catalina.core.ApplicationFilterChain.doFilter(ApplicationFilterChain.java:162) ~[tomcat-embed-core-9.0.65.jar:9.0.65]
	at org.springframework.web.filter.CharacterEncodingFilter.doFilterInternal(CharacterEncodingFilter.java:201) ~[spring-web-5.3.22.jar:5.3.22]
	at org.springframework.web.filter.OncePerRequestFilter.doFilter(OncePerRequestFilter.java:117) ~[spring-web-5.3.22.jar:5.3.22]
	at org.apache.catalina.core.ApplicationFilterChain.internalDoFilter(ApplicationFilterChain.java:189) ~[tomcat-embed-core-9.0.65.jar:9.0.65]
	at org.apache.catalina.core.ApplicationFilterChain.doFilter(ApplicationFilterChain.java:162) ~[tomcat-embed-core-9.0.65.jar:9.0.65]
	at com.tianji.common.filters.RequestIdFilter.doFilter(RequestIdFilter.java:26) ~[classes/:na]
	at org.apache.catalina.core.ApplicationFilterChain.internalDoFilter(ApplicationFilterChain.java:189) ~[tomcat-embed-core-9.0.65.jar:9.0.65]
	at org.apache.catalina.core.ApplicationFilterChain.doFilter(ApplicationFilterChain.java:162) ~[tomcat-embed-core-9.0.65.jar:9.0.65]
	at org.apache.catalina.core.StandardWrapperValve.invoke(StandardWrapperValve.java:197) ~[tomcat-embed-core-9.0.65.jar:9.0.65]
	at org.apache.catalina.core.StandardContextValve.invoke(StandardContextValve.java:97) ~[tomcat-embed-core-9.0.65.jar:9.0.65]
	at org.apache.catalina.authenticator.AuthenticatorBase.invoke(AuthenticatorBase.java:541) ~[tomcat-embed-core-9.0.65.jar:9.0.65]
	at org.apache.catalina.core.StandardHostValve.invoke(StandardHostValve.java:135) ~[tomcat-embed-core-9.0.65.jar:9.0.65]
	at org.apache.catalina.valves.ErrorReportValve.invoke(ErrorReportValve.java:92) ~[tomcat-embed-core-9.0.65.jar:9.0.65]
	at org.apache.catalina.core.StandardEngineValve.invoke(StandardEngineValve.java:78) ~[tomcat-embed-core-9.0.65.jar:9.0.65]
	at org.apache.catalina.connector.CoyoteAdapter.service(CoyoteAdapter.java:360) ~[tomcat-embed-core-9.0.65.jar:9.0.65]
	at org.apache.coyote.http11.Http11Processor.service(Http11Processor.java:399) ~[tomcat-embed-core-9.0.65.jar:9.0.65]
	at org.apache.coyote.AbstractProcessorLight.process(AbstractProcessorLight.java:65) ~[tomcat-embed-core-9.0.65.jar:9.0.65]
	at org.apache.coyote.AbstractProtocol$ConnectionHandler.process(AbstractProtocol.java:890) ~[tomcat-embed-core-9.0.65.jar:9.0.65]
	at org.apache.tomcat.util.net.NioEndpoint$SocketProcessor.doRun(NioEndpoint.java:1789) ~[tomcat-embed-core-9.0.65.jar:9.0.65]
	at org.apache.tomcat.util.net.SocketProcessorBase.run(SocketProcessorBase.java:49) ~[tomcat-embed-core-9.0.65.jar:9.0.65]
	at org.apache.tomcat.util.threads.ThreadPoolExecutor.runWorker(ThreadPoolExecutor.java:1191) ~[tomcat-embed-core-9.0.65.jar:9.0.65]
	at org.apache.tomcat.util.threads.ThreadPoolExecutor$Worker.run(ThreadPoolExecutor.java:659) ~[tomcat-embed-core-9.0.65.jar:9.0.65]
	at org.apache.tomcat.util.threads.TaskThread$WrappingRunnable.run(TaskThread.java:61) ~[tomcat-embed-core-9.0.65.jar:9.0.65]
	at java.base/java.lang.Thread.run(Thread.java:1589) ~[na:na]
20:25:02.290-[LAPTOP-L9SH1VHI][cb13f8be1a7a4f81b5e050c8639ca995]-- INFO 11888 --- [nio-8088-exec-8] c.t.trade.controller.OrderController     : --------
20:25:02.291-[LAPTOP-L9SH1VHI][cb13f8be1a7a4f81b5e050c8639ca995]--DEBUG 11888 --- [nio-8088-exec-8] c.tianji.api.client.course.CourseClient  : [CourseClient#getSimpleInfoList] ---> GET http://course-service/courses/simpleInfo/list?ids=7&ids=1552558707325374467 HTTP/1.1
20:25:02.351-[LAPTOP-L9SH1VHI][cb13f8be1a7a4f81b5e050c8639ca995]--DEBUG 11888 --- [nio-8088-exec-8] c.tianji.api.client.course.CourseClient  : [CourseClient#getSimpleInfoList] <--- HTTP/1.1 200  (59ms)
20:25:02.355-[LAPTOP-L9SH1VHI][cb13f8be1a7a4f81b5e050c8639ca995]--DEBUG 11888 --- [nio-8088-exec-8] c.t.a.client.promotion.PromotionClient   : [PromotionClient#findDiscountSolution] ---> POST http://promotion-service/user-coupons/avaliable HTTP/1.1
20:25:02.369-[LAPTOP-L9SH1VHI][cb13f8be1a7a4f81b5e050c8639ca995]--DEBUG 11888 --- [nio-8088-exec-8] c.t.a.client.promotion.PromotionClient   : [PromotionClient#findDiscountSolution] <--- HTTP/1.1 500  (12ms)
20:25:02.370-[LAPTOP-L9SH1VHI][cb13f8be1a7a4f81b5e050c8639ca995]--ERROR 11888 --- [nio-8088-exec-8] c.t.a.c.p.fallback.PromotionFallback     : 远程调用promotion服务报错了
feign.FeignException$InternalServerError: [500 ] during [POST] to [http://promotion-service/user-coupons/avaliable] [PromotionClient#findDiscountSolution(List)]: [服务器内部异常]
	at feign.FeignException.serverErrorStatus(FeignException.java:250) ~[feign-core-11.8.jar:na]
	at feign.FeignException.errorStatus(FeignException.java:197) ~[feign-core-11.8.jar:na]
	at feign.FeignException.errorStatus(FeignException.java:185) ~[feign-core-11.8.jar:na]
	at feign.codec.ErrorDecoder$Default.decode(ErrorDecoder.java:92) ~[feign-core-11.8.jar:na]
	at feign.AsyncResponseHandler.handleResponse(AsyncResponseHandler.java:96) ~[feign-core-11.8.jar:na]
	at feign.SynchronousMethodHandler.executeAndDecode(SynchronousMethodHandler.java:138) ~[feign-core-11.8.jar:na]
	at feign.SynchronousMethodHandler.invoke(SynchronousMethodHandler.java:89) ~[feign-core-11.8.jar:na]
	at com.alibaba.cloud.sentinel.feign.SentinelInvocationHandler.invoke(SentinelInvocationHandler.java:109) ~[spring-cloud-starter-alibaba-sentinel-2021.0.1.0.jar:2021.0.1.0]
	at jdk.proxy2/jdk.proxy2.$Proxy150.findDiscountSolution(Unknown Source) ~[na:na]
	at com.tianji.trade.service.impl.OrderServiceImpl.prePlaceOrder(OrderServiceImpl.java:208) ~[classes/:na]
	at com.tianji.trade.service.impl.OrderServiceImpl$$FastClassBySpringCGLIB$$4264e432.invoke(<generated>) ~[classes/:na]
	at org.springframework.cglib.proxy.MethodProxy.invoke(MethodProxy.java:218) ~[spring-core-5.3.22.jar:5.3.22]
	at org.springframework.aop.framework.CglibAopProxy.invokeMethod(CglibAopProxy.java:386) ~[spring-aop-5.3.22.jar:5.3.22]
	at org.springframework.aop.framework.CglibAopProxy.access$000(CglibAopProxy.java:85) ~[spring-aop-5.3.22.jar:5.3.22]
	at org.springframework.aop.framework.CglibAopProxy$DynamicAdvisedInterceptor.intercept(CglibAopProxy.java:704) ~[spring-aop-5.3.22.jar:5.3.22]
	at com.tianji.trade.service.impl.OrderServiceImpl$$EnhancerBySpringCGLIB$$42ee0121.prePlaceOrder(<generated>) ~[classes/:na]
	at com.tianji.trade.controller.OrderController.prePlaceOrder(OrderController.java:61) ~[classes/:na]
	at java.base/jdk.internal.reflect.DirectMethodHandleAccessor.invoke(DirectMethodHandleAccessor.java:104) ~[na:na]
	at java.base/java.lang.reflect.Method.invoke(Method.java:578) ~[na:na]
	at org.springframework.web.method.support.InvocableHandlerMethod.doInvoke(InvocableHandlerMethod.java:205) ~[spring-web-5.3.22.jar:5.3.22]
	at org.springframework.web.method.support.InvocableHandlerMethod.invokeForRequest(InvocableHandlerMethod.java:150) ~[spring-web-5.3.22.jar:5.3.22]
	at org.springframework.web.servlet.mvc.method.annotation.ServletInvocableHandlerMethod.invokeAndHandle(ServletInvocableHandlerMethod.java:117) ~[spring-webmvc-5.3.22.jar:5.3.22]
	at org.springframework.web.servlet.mvc.method.annotation.RequestMappingHandlerAdapter.invokeHandlerMethod(RequestMappingHandlerAdapter.java:895) ~[spring-webmvc-5.3.22.jar:5.3.22]
	at org.springframework.web.servlet.mvc.method.annotation.RequestMappingHandlerAdapter.handleInternal(RequestMappingHandlerAdapter.java:808) ~[spring-webmvc-5.3.22.jar:5.3.22]
	at org.springframework.web.servlet.mvc.method.AbstractHandlerMethodAdapter.handle(AbstractHandlerMethodAdapter.java:87) ~[spring-webmvc-5.3.22.jar:5.3.22]
	at org.springframework.web.servlet.DispatcherServlet.doDispatch(DispatcherServlet.java:1070) ~[spring-webmvc-5.3.22.jar:5.3.22]
	at org.springframework.web.servlet.DispatcherServlet.doService(DispatcherServlet.java:963) ~[spring-webmvc-5.3.22.jar:5.3.22]
	at org.springframework.web.servlet.FrameworkServlet.processRequest(FrameworkServlet.java:1006) ~[spring-webmvc-5.3.22.jar:5.3.22]
	at org.springframework.web.servlet.FrameworkServlet.doGet(FrameworkServlet.java:898) ~[spring-webmvc-5.3.22.jar:5.3.22]
	at javax.servlet.http.HttpServlet.service(HttpServlet.java:655) ~[tomcat-embed-core-9.0.65.jar:4.0.FR]
	at org.springframework.web.servlet.FrameworkServlet.service(FrameworkServlet.java:883) ~[spring-webmvc-5.3.22.jar:5.3.22]
	at javax.servlet.http.HttpServlet.service(HttpServlet.java:764) ~[tomcat-embed-core-9.0.65.jar:4.0.FR]
	at org.apache.catalina.core.ApplicationFilterChain.internalDoFilter(ApplicationFilterChain.java:227) ~[tomcat-embed-core-9.0.65.jar:9.0.65]
	at org.apache.catalina.core.ApplicationFilterChain.doFilter(ApplicationFilterChain.java:162) ~[tomcat-embed-core-9.0.65.jar:9.0.65]
	at org.apache.tomcat.websocket.server.WsFilter.doFilter(WsFilter.java:53) ~[tomcat-embed-websocket-9.0.65.jar:9.0.65]
	at org.apache.catalina.core.ApplicationFilterChain.internalDoFilter(ApplicationFilterChain.java:189) ~[tomcat-embed-core-9.0.65.jar:9.0.65]
	at org.apache.catalina.core.ApplicationFilterChain.doFilter(ApplicationFilterChain.java:162) ~[tomcat-embed-core-9.0.65.jar:9.0.65]
	at org.springframework.web.filter.RequestContextFilter.doFilterInternal(RequestContextFilter.java:100) ~[spring-web-5.3.22.jar:5.3.22]
	at org.springframework.web.filter.OncePerRequestFilter.doFilter(OncePerRequestFilter.java:117) ~[spring-web-5.3.22.jar:5.3.22]
	at org.apache.catalina.core.ApplicationFilterChain.internalDoFilter(ApplicationFilterChain.java:189) ~[tomcat-embed-core-9.0.65.jar:9.0.65]
	at org.apache.catalina.core.ApplicationFilterChain.doFilter(ApplicationFilterChain.java:162) ~[tomcat-embed-core-9.0.65.jar:9.0.65]
	at org.springframework.web.filter.FormContentFilter.doFilterInternal(FormContentFilter.java:93) ~[spring-web-5.3.22.jar:5.3.22]
	at org.springframework.web.filter.OncePerRequestFilter.doFilter(OncePerRequestFilter.java:117) ~[spring-web-5.3.22.jar:5.3.22]
	at org.apache.catalina.core.ApplicationFilterChain.internalDoFilter(ApplicationFilterChain.java:189) ~[tomcat-embed-core-9.0.65.jar:9.0.65]
	at org.apache.catalina.core.ApplicationFilterChain.doFilter(ApplicationFilterChain.java:162) ~[tomcat-embed-core-9.0.65.jar:9.0.65]
	at org.springframework.web.filter.CharacterEncodingFilter.doFilterInternal(CharacterEncodingFilter.java:201) ~[spring-web-5.3.22.jar:5.3.22]
	at org.springframework.web.filter.OncePerRequestFilter.doFilter(OncePerRequestFilter.java:117) ~[spring-web-5.3.22.jar:5.3.22]
	at org.apache.catalina.core.ApplicationFilterChain.internalDoFilter(ApplicationFilterChain.java:189) ~[tomcat-embed-core-9.0.65.jar:9.0.65]
	at org.apache.catalina.core.ApplicationFilterChain.doFilter(ApplicationFilterChain.java:162) ~[tomcat-embed-core-9.0.65.jar:9.0.65]
	at com.tianji.common.filters.RequestIdFilter.doFilter(RequestIdFilter.java:26) ~[classes/:na]
	at org.apache.catalina.core.ApplicationFilterChain.internalDoFilter(ApplicationFilterChain.java:189) ~[tomcat-embed-core-9.0.65.jar:9.0.65]
	at org.apache.catalina.core.ApplicationFilterChain.doFilter(ApplicationFilterChain.java:162) ~[tomcat-embed-core-9.0.65.jar:9.0.65]
	at org.apache.catalina.core.StandardWrapperValve.invoke(StandardWrapperValve.java:197) ~[tomcat-embed-core-9.0.65.jar:9.0.65]
	at org.apache.catalina.core.StandardContextValve.invoke(StandardContextValve.java:97) ~[tomcat-embed-core-9.0.65.jar:9.0.65]
	at org.apache.catalina.authenticator.AuthenticatorBase.invoke(AuthenticatorBase.java:541) ~[tomcat-embed-core-9.0.65.jar:9.0.65]
	at org.apache.catalina.core.StandardHostValve.invoke(StandardHostValve.java:135) ~[tomcat-embed-core-9.0.65.jar:9.0.65]
	at org.apache.catalina.valves.ErrorReportValve.invoke(ErrorReportValve.java:92) ~[tomcat-embed-core-9.0.65.jar:9.0.65]
	at org.apache.catalina.core.StandardEngineValve.invoke(StandardEngineValve.java:78) ~[tomcat-embed-core-9.0.65.jar:9.0.65]
	at org.apache.catalina.connector.CoyoteAdapter.service(CoyoteAdapter.java:360) ~[tomcat-embed-core-9.0.65.jar:9.0.65]
	at org.apache.coyote.http11.Http11Processor.service(Http11Processor.java:399) ~[tomcat-embed-core-9.0.65.jar:9.0.65]
	at org.apache.coyote.AbstractProcessorLight.process(AbstractProcessorLight.java:65) ~[tomcat-embed-core-9.0.65.jar:9.0.65]
	at org.apache.coyote.AbstractProtocol$ConnectionHandler.process(AbstractProtocol.java:890) ~[tomcat-embed-core-9.0.65.jar:9.0.65]
	at org.apache.tomcat.util.net.NioEndpoint$SocketProcessor.doRun(NioEndpoint.java:1789) ~[tomcat-embed-core-9.0.65.jar:9.0.65]
	at org.apache.tomcat.util.net.SocketProcessorBase.run(SocketProcessorBase.java:49) ~[tomcat-embed-core-9.0.65.jar:9.0.65]
	at org.apache.tomcat.util.threads.ThreadPoolExecutor.runWorker(ThreadPoolExecutor.java:1191) ~[tomcat-embed-core-9.0.65.jar:9.0.65]
	at org.apache.tomcat.util.threads.ThreadPoolExecutor$Worker.run(ThreadPoolExecutor.java:659) ~[tomcat-embed-core-9.0.65.jar:9.0.65]
	at org.apache.tomcat.util.threads.TaskThread$WrappingRunnable.run(TaskThread.java:61) ~[tomcat-embed-core-9.0.65.jar:9.0.65]
	at java.base/java.lang.Thread.run(Thread.java:1589) ~[na:na]
20:25:08.607-[LAPTOP-L9SH1VHI][18f00cd2f6ee4cdfa083bd951087bbd4]-- INFO 11888 --- [nio-8088-exec-9] c.t.trade.controller.OrderController     : --------
20:25:08.609-[LAPTOP-L9SH1VHI][18f00cd2f6ee4cdfa083bd951087bbd4]--DEBUG 11888 --- [nio-8088-exec-9] c.tianji.api.client.course.CourseClient  : [CourseClient#getSimpleInfoList] ---> GET http://course-service/courses/simpleInfo/list?ids=7&ids=1552558707325374467 HTTP/1.1
20:25:08.642-[LAPTOP-L9SH1VHI][18f00cd2f6ee4cdfa083bd951087bbd4]--DEBUG 11888 --- [nio-8088-exec-9] c.tianji.api.client.course.CourseClient  : [CourseClient#getSimpleInfoList] <--- HTTP/1.1 200  (34ms)
20:25:08.645-[LAPTOP-L9SH1VHI][18f00cd2f6ee4cdfa083bd951087bbd4]--DEBUG 11888 --- [nio-8088-exec-9] c.t.a.client.promotion.PromotionClient   : [PromotionClient#findDiscountSolution] ---> POST http://promotion-service/user-coupons/avaliable HTTP/1.1
20:25:08.654-[LAPTOP-L9SH1VHI][18f00cd2f6ee4cdfa083bd951087bbd4]--DEBUG 11888 --- [nio-8088-exec-9] c.t.a.client.promotion.PromotionClient   : [PromotionClient#findDiscountSolution] <--- HTTP/1.1 500  (8ms)
20:25:08.656-[LAPTOP-L9SH1VHI][18f00cd2f6ee4cdfa083bd951087bbd4]--ERROR 11888 --- [nio-8088-exec-9] c.t.a.c.p.fallback.PromotionFallback     : 远程调用promotion服务报错了
feign.FeignException$InternalServerError: [500 ] during [POST] to [http://promotion-service/user-coupons/avaliable] [PromotionClient#findDiscountSolution(List)]: [服务器内部异常]
	at feign.FeignException.serverErrorStatus(FeignException.java:250) ~[feign-core-11.8.jar:na]
	at feign.FeignException.errorStatus(FeignException.java:197) ~[feign-core-11.8.jar:na]
	at feign.FeignException.errorStatus(FeignException.java:185) ~[feign-core-11.8.jar:na]
	at feign.codec.ErrorDecoder$Default.decode(ErrorDecoder.java:92) ~[feign-core-11.8.jar:na]
	at feign.AsyncResponseHandler.handleResponse(AsyncResponseHandler.java:96) ~[feign-core-11.8.jar:na]
	at feign.SynchronousMethodHandler.executeAndDecode(SynchronousMethodHandler.java:138) ~[feign-core-11.8.jar:na]
	at feign.SynchronousMethodHandler.invoke(SynchronousMethodHandler.java:89) ~[feign-core-11.8.jar:na]
	at com.alibaba.cloud.sentinel.feign.SentinelInvocationHandler.invoke(SentinelInvocationHandler.java:109) ~[spring-cloud-starter-alibaba-sentinel-2021.0.1.0.jar:2021.0.1.0]
	at jdk.proxy2/jdk.proxy2.$Proxy150.findDiscountSolution(Unknown Source) ~[na:na]
	at com.tianji.trade.service.impl.OrderServiceImpl.prePlaceOrder(OrderServiceImpl.java:208) ~[classes/:na]
	at com.tianji.trade.service.impl.OrderServiceImpl$$FastClassBySpringCGLIB$$4264e432.invoke(<generated>) ~[classes/:na]
	at org.springframework.cglib.proxy.MethodProxy.invoke(MethodProxy.java:218) ~[spring-core-5.3.22.jar:5.3.22]
	at org.springframework.aop.framework.CglibAopProxy.invokeMethod(CglibAopProxy.java:386) ~[spring-aop-5.3.22.jar:5.3.22]
	at org.springframework.aop.framework.CglibAopProxy.access$000(CglibAopProxy.java:85) ~[spring-aop-5.3.22.jar:5.3.22]
	at org.springframework.aop.framework.CglibAopProxy$DynamicAdvisedInterceptor.intercept(CglibAopProxy.java:704) ~[spring-aop-5.3.22.jar:5.3.22]
	at com.tianji.trade.service.impl.OrderServiceImpl$$EnhancerBySpringCGLIB$$42ee0121.prePlaceOrder(<generated>) ~[classes/:na]
	at com.tianji.trade.controller.OrderController.prePlaceOrder(OrderController.java:61) ~[classes/:na]
	at java.base/jdk.internal.reflect.DirectMethodHandleAccessor.invoke(DirectMethodHandleAccessor.java:104) ~[na:na]
	at java.base/java.lang.reflect.Method.invoke(Method.java:578) ~[na:na]
	at org.springframework.web.method.support.InvocableHandlerMethod.doInvoke(InvocableHandlerMethod.java:205) ~[spring-web-5.3.22.jar:5.3.22]
	at org.springframework.web.method.support.InvocableHandlerMethod.invokeForRequest(InvocableHandlerMethod.java:150) ~[spring-web-5.3.22.jar:5.3.22]
	at org.springframework.web.servlet.mvc.method.annotation.ServletInvocableHandlerMethod.invokeAndHandle(ServletInvocableHandlerMethod.java:117) ~[spring-webmvc-5.3.22.jar:5.3.22]
	at org.springframework.web.servlet.mvc.method.annotation.RequestMappingHandlerAdapter.invokeHandlerMethod(RequestMappingHandlerAdapter.java:895) ~[spring-webmvc-5.3.22.jar:5.3.22]
	at org.springframework.web.servlet.mvc.method.annotation.RequestMappingHandlerAdapter.handleInternal(RequestMappingHandlerAdapter.java:808) ~[spring-webmvc-5.3.22.jar:5.3.22]
	at org.springframework.web.servlet.mvc.method.AbstractHandlerMethodAdapter.handle(AbstractHandlerMethodAdapter.java:87) ~[spring-webmvc-5.3.22.jar:5.3.22]
	at org.springframework.web.servlet.DispatcherServlet.doDispatch(DispatcherServlet.java:1070) ~[spring-webmvc-5.3.22.jar:5.3.22]
	at org.springframework.web.servlet.DispatcherServlet.doService(DispatcherServlet.java:963) ~[spring-webmvc-5.3.22.jar:5.3.22]
	at org.springframework.web.servlet.FrameworkServlet.processRequest(FrameworkServlet.java:1006) ~[spring-webmvc-5.3.22.jar:5.3.22]
	at org.springframework.web.servlet.FrameworkServlet.doGet(FrameworkServlet.java:898) ~[spring-webmvc-5.3.22.jar:5.3.22]
	at javax.servlet.http.HttpServlet.service(HttpServlet.java:655) ~[tomcat-embed-core-9.0.65.jar:4.0.FR]
	at org.springframework.web.servlet.FrameworkServlet.service(FrameworkServlet.java:883) ~[spring-webmvc-5.3.22.jar:5.3.22]
	at javax.servlet.http.HttpServlet.service(HttpServlet.java:764) ~[tomcat-embed-core-9.0.65.jar:4.0.FR]
	at org.apache.catalina.core.ApplicationFilterChain.internalDoFilter(ApplicationFilterChain.java:227) ~[tomcat-embed-core-9.0.65.jar:9.0.65]
	at org.apache.catalina.core.ApplicationFilterChain.doFilter(ApplicationFilterChain.java:162) ~[tomcat-embed-core-9.0.65.jar:9.0.65]
	at org.apache.tomcat.websocket.server.WsFilter.doFilter(WsFilter.java:53) ~[tomcat-embed-websocket-9.0.65.jar:9.0.65]
	at org.apache.catalina.core.ApplicationFilterChain.internalDoFilter(ApplicationFilterChain.java:189) ~[tomcat-embed-core-9.0.65.jar:9.0.65]
	at org.apache.catalina.core.ApplicationFilterChain.doFilter(ApplicationFilterChain.java:162) ~[tomcat-embed-core-9.0.65.jar:9.0.65]
	at org.springframework.web.filter.RequestContextFilter.doFilterInternal(RequestContextFilter.java:100) ~[spring-web-5.3.22.jar:5.3.22]
	at org.springframework.web.filter.OncePerRequestFilter.doFilter(OncePerRequestFilter.java:117) ~[spring-web-5.3.22.jar:5.3.22]
	at org.apache.catalina.core.ApplicationFilterChain.internalDoFilter(ApplicationFilterChain.java:189) ~[tomcat-embed-core-9.0.65.jar:9.0.65]
	at org.apache.catalina.core.ApplicationFilterChain.doFilter(ApplicationFilterChain.java:162) ~[tomcat-embed-core-9.0.65.jar:9.0.65]
	at org.springframework.web.filter.FormContentFilter.doFilterInternal(FormContentFilter.java:93) ~[spring-web-5.3.22.jar:5.3.22]
	at org.springframework.web.filter.OncePerRequestFilter.doFilter(OncePerRequestFilter.java:117) ~[spring-web-5.3.22.jar:5.3.22]
	at org.apache.catalina.core.ApplicationFilterChain.internalDoFilter(ApplicationFilterChain.java:189) ~[tomcat-embed-core-9.0.65.jar:9.0.65]
	at org.apache.catalina.core.ApplicationFilterChain.doFilter(ApplicationFilterChain.java:162) ~[tomcat-embed-core-9.0.65.jar:9.0.65]
	at org.springframework.web.filter.CharacterEncodingFilter.doFilterInternal(CharacterEncodingFilter.java:201) ~[spring-web-5.3.22.jar:5.3.22]
	at org.springframework.web.filter.OncePerRequestFilter.doFilter(OncePerRequestFilter.java:117) ~[spring-web-5.3.22.jar:5.3.22]
	at org.apache.catalina.core.ApplicationFilterChain.internalDoFilter(ApplicationFilterChain.java:189) ~[tomcat-embed-core-9.0.65.jar:9.0.65]
	at org.apache.catalina.core.ApplicationFilterChain.doFilter(ApplicationFilterChain.java:162) ~[tomcat-embed-core-9.0.65.jar:9.0.65]
	at com.tianji.common.filters.RequestIdFilter.doFilter(RequestIdFilter.java:26) ~[classes/:na]
	at org.apache.catalina.core.ApplicationFilterChain.internalDoFilter(ApplicationFilterChain.java:189) ~[tomcat-embed-core-9.0.65.jar:9.0.65]
	at org.apache.catalina.core.ApplicationFilterChain.doFilter(ApplicationFilterChain.java:162) ~[tomcat-embed-core-9.0.65.jar:9.0.65]
	at org.apache.catalina.core.StandardWrapperValve.invoke(StandardWrapperValve.java:197) ~[tomcat-embed-core-9.0.65.jar:9.0.65]
	at org.apache.catalina.core.StandardContextValve.invoke(StandardContextValve.java:97) ~[tomcat-embed-core-9.0.65.jar:9.0.65]
	at org.apache.catalina.authenticator.AuthenticatorBase.invoke(AuthenticatorBase.java:541) ~[tomcat-embed-core-9.0.65.jar:9.0.65]
	at org.apache.catalina.core.StandardHostValve.invoke(StandardHostValve.java:135) ~[tomcat-embed-core-9.0.65.jar:9.0.65]
	at org.apache.catalina.valves.ErrorReportValve.invoke(ErrorReportValve.java:92) ~[tomcat-embed-core-9.0.65.jar:9.0.65]
	at org.apache.catalina.core.StandardEngineValve.invoke(StandardEngineValve.java:78) ~[tomcat-embed-core-9.0.65.jar:9.0.65]
	at org.apache.catalina.connector.CoyoteAdapter.service(CoyoteAdapter.java:360) ~[tomcat-embed-core-9.0.65.jar:9.0.65]
	at org.apache.coyote.http11.Http11Processor.service(Http11Processor.java:399) ~[tomcat-embed-core-9.0.65.jar:9.0.65]
	at org.apache.coyote.AbstractProcessorLight.process(AbstractProcessorLight.java:65) ~[tomcat-embed-core-9.0.65.jar:9.0.65]
	at org.apache.coyote.AbstractProtocol$ConnectionHandler.process(AbstractProtocol.java:890) ~[tomcat-embed-core-9.0.65.jar:9.0.65]
	at org.apache.tomcat.util.net.NioEndpoint$SocketProcessor.doRun(NioEndpoint.java:1789) ~[tomcat-embed-core-9.0.65.jar:9.0.65]
	at org.apache.tomcat.util.net.SocketProcessorBase.run(SocketProcessorBase.java:49) ~[tomcat-embed-core-9.0.65.jar:9.0.65]
	at org.apache.tomcat.util.threads.ThreadPoolExecutor.runWorker(ThreadPoolExecutor.java:1191) ~[tomcat-embed-core-9.0.65.jar:9.0.65]
	at org.apache.tomcat.util.threads.ThreadPoolExecutor$Worker.run(ThreadPoolExecutor.java:659) ~[tomcat-embed-core-9.0.65.jar:9.0.65]
	at org.apache.tomcat.util.threads.TaskThread$WrappingRunnable.run(TaskThread.java:61) ~[tomcat-embed-core-9.0.65.jar:9.0.65]
	at java.base/java.lang.Thread.run(Thread.java:1589) ~[na:na]
20:26:27.966-[LAPTOP-L9SH1VHI][90962834486c4df88ca07dbddb879f41]-- INFO 11888 --- [nio-8088-exec-1] c.t.trade.controller.OrderController     : --------
20:26:27.967-[LAPTOP-L9SH1VHI][90962834486c4df88ca07dbddb879f41]--DEBUG 11888 --- [nio-8088-exec-1] c.tianji.api.client.course.CourseClient  : [CourseClient#getSimpleInfoList] ---> GET http://course-service/courses/simpleInfo/list?ids=7&ids=1552558707325374467 HTTP/1.1
20:26:28.143-[LAPTOP-L9SH1VHI][90962834486c4df88ca07dbddb879f41]--DEBUG 11888 --- [nio-8088-exec-1] c.tianji.api.client.course.CourseClient  : [CourseClient#getSimpleInfoList] <--- HTTP/1.1 200  (175ms)
20:26:28.149-[LAPTOP-L9SH1VHI][90962834486c4df88ca07dbddb879f41]--DEBUG 11888 --- [nio-8088-exec-1] c.t.a.client.promotion.PromotionClient   : [PromotionClient#findDiscountSolution] ---> POST http://promotion-service/user-coupons/avaliable HTTP/1.1
20:26:28.158-[LAPTOP-L9SH1VHI][90962834486c4df88ca07dbddb879f41]--DEBUG 11888 --- [nio-8088-exec-1] c.t.a.client.promotion.PromotionClient   : [PromotionClient#findDiscountSolution] <--- HTTP/1.1 500  (9ms)
20:26:28.159-[LAPTOP-L9SH1VHI][90962834486c4df88ca07dbddb879f41]--ERROR 11888 --- [nio-8088-exec-1] c.t.a.c.p.fallback.PromotionFallback     : 远程调用promotion服务报错了
feign.FeignException$InternalServerError: [500 ] during [POST] to [http://promotion-service/user-coupons/avaliable] [PromotionClient#findDiscountSolution(List)]: [服务器内部异常]
	at feign.FeignException.serverErrorStatus(FeignException.java:250) ~[feign-core-11.8.jar:na]
	at feign.FeignException.errorStatus(FeignException.java:197) ~[feign-core-11.8.jar:na]
	at feign.FeignException.errorStatus(FeignException.java:185) ~[feign-core-11.8.jar:na]
	at feign.codec.ErrorDecoder$Default.decode(ErrorDecoder.java:92) ~[feign-core-11.8.jar:na]
	at feign.AsyncResponseHandler.handleResponse(AsyncResponseHandler.java:96) ~[feign-core-11.8.jar:na]
	at feign.SynchronousMethodHandler.executeAndDecode(SynchronousMethodHandler.java:138) ~[feign-core-11.8.jar:na]
	at feign.SynchronousMethodHandler.invoke(SynchronousMethodHandler.java:89) ~[feign-core-11.8.jar:na]
	at com.alibaba.cloud.sentinel.feign.SentinelInvocationHandler.invoke(SentinelInvocationHandler.java:109) ~[spring-cloud-starter-alibaba-sentinel-2021.0.1.0.jar:2021.0.1.0]
	at jdk.proxy2/jdk.proxy2.$Proxy150.findDiscountSolution(Unknown Source) ~[na:na]
	at com.tianji.trade.service.impl.OrderServiceImpl.prePlaceOrder(OrderServiceImpl.java:208) ~[classes/:na]
	at com.tianji.trade.service.impl.OrderServiceImpl$$FastClassBySpringCGLIB$$4264e432.invoke(<generated>) ~[classes/:na]
	at org.springframework.cglib.proxy.MethodProxy.invoke(MethodProxy.java:218) ~[spring-core-5.3.22.jar:5.3.22]
	at org.springframework.aop.framework.CglibAopProxy.invokeMethod(CglibAopProxy.java:386) ~[spring-aop-5.3.22.jar:5.3.22]
	at org.springframework.aop.framework.CglibAopProxy.access$000(CglibAopProxy.java:85) ~[spring-aop-5.3.22.jar:5.3.22]
	at org.springframework.aop.framework.CglibAopProxy$DynamicAdvisedInterceptor.intercept(CglibAopProxy.java:704) ~[spring-aop-5.3.22.jar:5.3.22]
	at com.tianji.trade.service.impl.OrderServiceImpl$$EnhancerBySpringCGLIB$$42ee0121.prePlaceOrder(<generated>) ~[classes/:na]
	at com.tianji.trade.controller.OrderController.prePlaceOrder(OrderController.java:61) ~[classes/:na]
	at java.base/jdk.internal.reflect.DirectMethodHandleAccessor.invoke(DirectMethodHandleAccessor.java:104) ~[na:na]
	at java.base/java.lang.reflect.Method.invoke(Method.java:578) ~[na:na]
	at org.springframework.web.method.support.InvocableHandlerMethod.doInvoke(InvocableHandlerMethod.java:205) ~[spring-web-5.3.22.jar:5.3.22]
	at org.springframework.web.method.support.InvocableHandlerMethod.invokeForRequest(InvocableHandlerMethod.java:150) ~[spring-web-5.3.22.jar:5.3.22]
	at org.springframework.web.servlet.mvc.method.annotation.ServletInvocableHandlerMethod.invokeAndHandle(ServletInvocableHandlerMethod.java:117) ~[spring-webmvc-5.3.22.jar:5.3.22]
	at org.springframework.web.servlet.mvc.method.annotation.RequestMappingHandlerAdapter.invokeHandlerMethod(RequestMappingHandlerAdapter.java:895) ~[spring-webmvc-5.3.22.jar:5.3.22]
	at org.springframework.web.servlet.mvc.method.annotation.RequestMappingHandlerAdapter.handleInternal(RequestMappingHandlerAdapter.java:808) ~[spring-webmvc-5.3.22.jar:5.3.22]
	at org.springframework.web.servlet.mvc.method.AbstractHandlerMethodAdapter.handle(AbstractHandlerMethodAdapter.java:87) ~[spring-webmvc-5.3.22.jar:5.3.22]
	at org.springframework.web.servlet.DispatcherServlet.doDispatch(DispatcherServlet.java:1070) ~[spring-webmvc-5.3.22.jar:5.3.22]
	at org.springframework.web.servlet.DispatcherServlet.doService(DispatcherServlet.java:963) ~[spring-webmvc-5.3.22.jar:5.3.22]
	at org.springframework.web.servlet.FrameworkServlet.processRequest(FrameworkServlet.java:1006) ~[spring-webmvc-5.3.22.jar:5.3.22]
	at org.springframework.web.servlet.FrameworkServlet.doGet(FrameworkServlet.java:898) ~[spring-webmvc-5.3.22.jar:5.3.22]
	at javax.servlet.http.HttpServlet.service(HttpServlet.java:655) ~[tomcat-embed-core-9.0.65.jar:4.0.FR]
	at org.springframework.web.servlet.FrameworkServlet.service(FrameworkServlet.java:883) ~[spring-webmvc-5.3.22.jar:5.3.22]
	at javax.servlet.http.HttpServlet.service(HttpServlet.java:764) ~[tomcat-embed-core-9.0.65.jar:4.0.FR]
	at org.apache.catalina.core.ApplicationFilterChain.internalDoFilter(ApplicationFilterChain.java:227) ~[tomcat-embed-core-9.0.65.jar:9.0.65]
	at org.apache.catalina.core.ApplicationFilterChain.doFilter(ApplicationFilterChain.java:162) ~[tomcat-embed-core-9.0.65.jar:9.0.65]
	at org.apache.tomcat.websocket.server.WsFilter.doFilter(WsFilter.java:53) ~[tomcat-embed-websocket-9.0.65.jar:9.0.65]
	at org.apache.catalina.core.ApplicationFilterChain.internalDoFilter(ApplicationFilterChain.java:189) ~[tomcat-embed-core-9.0.65.jar:9.0.65]
	at org.apache.catalina.core.ApplicationFilterChain.doFilter(ApplicationFilterChain.java:162) ~[tomcat-embed-core-9.0.65.jar:9.0.65]
	at org.springframework.web.filter.RequestContextFilter.doFilterInternal(RequestContextFilter.java:100) ~[spring-web-5.3.22.jar:5.3.22]
	at org.springframework.web.filter.OncePerRequestFilter.doFilter(OncePerRequestFilter.java:117) ~[spring-web-5.3.22.jar:5.3.22]
	at org.apache.catalina.core.ApplicationFilterChain.internalDoFilter(ApplicationFilterChain.java:189) ~[tomcat-embed-core-9.0.65.jar:9.0.65]
	at org.apache.catalina.core.ApplicationFilterChain.doFilter(ApplicationFilterChain.java:162) ~[tomcat-embed-core-9.0.65.jar:9.0.65]
	at org.springframework.web.filter.FormContentFilter.doFilterInternal(FormContentFilter.java:93) ~[spring-web-5.3.22.jar:5.3.22]
	at org.springframework.web.filter.OncePerRequestFilter.doFilter(OncePerRequestFilter.java:117) ~[spring-web-5.3.22.jar:5.3.22]
	at org.apache.catalina.core.ApplicationFilterChain.internalDoFilter(ApplicationFilterChain.java:189) ~[tomcat-embed-core-9.0.65.jar:9.0.65]
	at org.apache.catalina.core.ApplicationFilterChain.doFilter(ApplicationFilterChain.java:162) ~[tomcat-embed-core-9.0.65.jar:9.0.65]
	at org.springframework.web.filter.CharacterEncodingFilter.doFilterInternal(CharacterEncodingFilter.java:201) ~[spring-web-5.3.22.jar:5.3.22]
	at org.springframework.web.filter.OncePerRequestFilter.doFilter(OncePerRequestFilter.java:117) ~[spring-web-5.3.22.jar:5.3.22]
	at org.apache.catalina.core.ApplicationFilterChain.internalDoFilter(ApplicationFilterChain.java:189) ~[tomcat-embed-core-9.0.65.jar:9.0.65]
	at org.apache.catalina.core.ApplicationFilterChain.doFilter(ApplicationFilterChain.java:162) ~[tomcat-embed-core-9.0.65.jar:9.0.65]
	at com.tianji.common.filters.RequestIdFilter.doFilter(RequestIdFilter.java:26) ~[classes/:na]
	at org.apache.catalina.core.ApplicationFilterChain.internalDoFilter(ApplicationFilterChain.java:189) ~[tomcat-embed-core-9.0.65.jar:9.0.65]
	at org.apache.catalina.core.ApplicationFilterChain.doFilter(ApplicationFilterChain.java:162) ~[tomcat-embed-core-9.0.65.jar:9.0.65]
	at org.apache.catalina.core.StandardWrapperValve.invoke(StandardWrapperValve.java:197) ~[tomcat-embed-core-9.0.65.jar:9.0.65]
	at org.apache.catalina.core.StandardContextValve.invoke(StandardContextValve.java:97) ~[tomcat-embed-core-9.0.65.jar:9.0.65]
	at org.apache.catalina.authenticator.AuthenticatorBase.invoke(AuthenticatorBase.java:541) ~[tomcat-embed-core-9.0.65.jar:9.0.65]
	at org.apache.catalina.core.StandardHostValve.invoke(StandardHostValve.java:135) ~[tomcat-embed-core-9.0.65.jar:9.0.65]
	at org.apache.catalina.valves.ErrorReportValve.invoke(ErrorReportValve.java:92) ~[tomcat-embed-core-9.0.65.jar:9.0.65]
	at org.apache.catalina.core.StandardEngineValve.invoke(StandardEngineValve.java:78) ~[tomcat-embed-core-9.0.65.jar:9.0.65]
	at org.apache.catalina.connector.CoyoteAdapter.service(CoyoteAdapter.java:360) ~[tomcat-embed-core-9.0.65.jar:9.0.65]
	at org.apache.coyote.http11.Http11Processor.service(Http11Processor.java:399) ~[tomcat-embed-core-9.0.65.jar:9.0.65]
	at org.apache.coyote.AbstractProcessorLight.process(AbstractProcessorLight.java:65) ~[tomcat-embed-core-9.0.65.jar:9.0.65]
	at org.apache.coyote.AbstractProtocol$ConnectionHandler.process(AbstractProtocol.java:890) ~[tomcat-embed-core-9.0.65.jar:9.0.65]
	at org.apache.tomcat.util.net.NioEndpoint$SocketProcessor.doRun(NioEndpoint.java:1789) ~[tomcat-embed-core-9.0.65.jar:9.0.65]
	at org.apache.tomcat.util.net.SocketProcessorBase.run(SocketProcessorBase.java:49) ~[tomcat-embed-core-9.0.65.jar:9.0.65]
	at org.apache.tomcat.util.threads.ThreadPoolExecutor.runWorker(ThreadPoolExecutor.java:1191) ~[tomcat-embed-core-9.0.65.jar:9.0.65]
	at org.apache.tomcat.util.threads.ThreadPoolExecutor$Worker.run(ThreadPoolExecutor.java:659) ~[tomcat-embed-core-9.0.65.jar:9.0.65]
	at org.apache.tomcat.util.threads.TaskThread$WrappingRunnable.run(TaskThread.java:61) ~[tomcat-embed-core-9.0.65.jar:9.0.65]
	at java.base/java.lang.Thread.run(Thread.java:1589) ~[na:na]
20:26:30.621-[LAPTOP-L9SH1VHI][edb86048505540d0b240b6d9cb055d6d]--DEBUG 11888 --- [nio-8088-exec-2] c.tianji.api.client.course.CourseClient  : [CourseClient#getSimpleInfoList] ---> GET http://course-service/courses/simpleInfo/list?ids=7&ids=1552558707325374467 HTTP/1.1
20:26:30.675-[LAPTOP-L9SH1VHI][edb86048505540d0b240b6d9cb055d6d]--DEBUG 11888 --- [nio-8088-exec-2] c.tianji.api.client.course.CourseClient  : [CourseClient#getSimpleInfoList] <--- HTTP/1.1 200  (53ms)
20:26:30.688-[LAPTOP-L9SH1VHI][edb86048505540d0b240b6d9cb055d6d]--DEBUG 11888 --- [nio-8088-exec-2] c.t.trade.mapper.OrderMapper.insert      : ==>  Preparing: INSERT INTO `order` ( id, user_id, status, message, total_amount, real_amount, discount_amount, creater, updater ) VALUES ( ?, ?, ?, ?, ?, ?, ?, ?, ? )
20:26:30.690-[LAPTOP-L9SH1VHI][edb86048505540d0b240b6d9cb055d6d]--DEBUG 11888 --- [nio-8088-exec-2] c.t.trade.mapper.OrderMapper.insert      : ==> Parameters: 1845803356266725378(Long), 2(Long), 1(Integer), 下单(String), 42900(Integer), 42900(Integer), 0(Integer), 2(Long), 2(Long)
20:26:30.789-[LAPTOP-L9SH1VHI][edb86048505540d0b240b6d9cb055d6d]--DEBUG 11888 --- [nio-8088-exec-2] c.t.trade.mapper.OrderMapper.insert      : <==    Updates: 1
20:26:30.806-[LAPTOP-L9SH1VHI][edb86048505540d0b240b6d9cb055d6d]--DEBUG 11888 --- [nio-8088-exec-2] c.t.t.mapper.OrderDetailMapper.insert    : ==>  Preparing: INSERT INTO order_detail ( id, order_id, user_id, course_id, price, name, cover_url, valid_duration, discount_amount, real_pay_amount, status, creater, updater ) VALUES ( ?, ?, ?, ?, ?, ?, ?, ?, ?, ?, ?, ?, ? )
20:26:30.808-[LAPTOP-L9SH1VHI][edb86048505540d0b240b6d9cb055d6d]--DEBUG 11888 --- [nio-8088-exec-2] c.t.t.mapper.OrderDetailMapper.insert    : ==> Parameters: 1845803367364853762(Long), 1845803356266725378(Long), 2(Long), 7(Long), 10000(Integer), 课程7(String), /img-tx/default-cover-url.jpg(String), 12(Integer), 0(Integer), 10000(Integer), 1(Integer), 2(Long), 2(Long)
20:26:30.809-[LAPTOP-L9SH1VHI][edb86048505540d0b240b6d9cb055d6d]--DEBUG 11888 --- [nio-8088-exec-2] c.t.t.mapper.OrderDetailMapper.insert    : ==> Parameters: 1845803367377436674(Long), 1845803356266725378(Long), 2(Long), 1552558707325374467(Long), 32900(Integer), 前端工程师2022版12(String), /img-tx/d15c718da3a24343b57b06becd79a032.jpg(String), 34(Integer), 0(Integer), 32900(Integer), 1(Integer), 2(Long), 2(Long)
20:26:30.824-[LAPTOP-L9SH1VHI][edb86048505540d0b240b6d9cb055d6d]--DEBUG 11888 --- [nio-8088-exec-2] c.t.trade.service.impl.CartServiceImpl   : 尝试从购物车删除用户已购买的课程，用户id：2，课程id：[7, 1552558707325374467]
20:26:30.829-[LAPTOP-L9SH1VHI][edb86048505540d0b240b6d9cb055d6d]--DEBUG 11888 --- [nio-8088-exec-2] c.tianji.trade.mapper.CartMapper.delete  : ==>  Preparing: DELETE FROM cart WHERE (user_id = ? AND course_id IN (?,?))
20:26:30.829-[LAPTOP-L9SH1VHI][edb86048505540d0b240b6d9cb055d6d]--DEBUG 11888 --- [nio-8088-exec-2] c.tianji.trade.mapper.CartMapper.delete  : ==> Parameters: 2(Long), 7(Long), 1552558707325374467(Long)
20:26:30.835-[LAPTOP-L9SH1VHI][edb86048505540d0b240b6d9cb055d6d]--DEBUG 11888 --- [nio-8088-exec-2] c.tianji.trade.mapper.CartMapper.delete  : <==    Updates: 2
20:26:31.002-[LAPTOP-L9SH1VHI][7d2fe1311e2d49a1a1f60157d32e4b33]--DEBUG 11888 --- [nio-8088-exec-3] c.t.trade.mapper.OrderMapper.selectById  : ==>  Preparing: SELECT id,pay_order_no,user_id,status,message,total_amount,real_amount,discount_amount,pay_channel,coupon_ids,create_time,pay_time,close_time,finish_time,refund_time,update_time,creater,updater,deleted FROM `order` WHERE id=? AND deleted=0
20:26:31.002-[LAPTOP-L9SH1VHI][7d2fe1311e2d49a1a1f60157d32e4b33]--DEBUG 11888 --- [nio-8088-exec-3] c.t.trade.mapper.OrderMapper.selectById  : ==> Parameters: 1845803356266725378(Long)
20:26:31.007-[LAPTOP-L9SH1VHI][7d2fe1311e2d49a1a1f60157d32e4b33]--DEBUG 11888 --- [nio-8088-exec-3] c.t.trade.mapper.OrderMapper.selectById  : <==      Total: 1
20:26:40.120-[LAPTOP-L9SH1VHI][3becbfd18228413ea064c56e1aaa36a3]-- INFO 11888 --- [nio-8088-exec-4] c.t.trade.controller.OrderController     : --------
20:26:40.121-[LAPTOP-L9SH1VHI][3becbfd18228413ea064c56e1aaa36a3]--DEBUG 11888 --- [nio-8088-exec-4] c.tianji.api.client.course.CourseClient  : [CourseClient#getSimpleInfoList] ---> GET http://course-service/courses/simpleInfo/list?ids=7&ids=1552558707325374467 HTTP/1.1
20:26:40.242-[LAPTOP-L9SH1VHI][3becbfd18228413ea064c56e1aaa36a3]--DEBUG 11888 --- [nio-8088-exec-4] c.tianji.api.client.course.CourseClient  : [CourseClient#getSimpleInfoList] <--- HTTP/1.1 200  (121ms)
20:26:40.254-[LAPTOP-L9SH1VHI][3becbfd18228413ea064c56e1aaa36a3]--DEBUG 11888 --- [nio-8088-exec-4] c.t.a.client.promotion.PromotionClient   : [PromotionClient#findDiscountSolution] ---> POST http://promotion-service/user-coupons/avaliable HTTP/1.1
20:26:40.269-[LAPTOP-L9SH1VHI][3becbfd18228413ea064c56e1aaa36a3]--DEBUG 11888 --- [nio-8088-exec-4] c.t.a.client.promotion.PromotionClient   : [PromotionClient#findDiscountSolution] <--- HTTP/1.1 500  (15ms)
20:26:40.271-[LAPTOP-L9SH1VHI][3becbfd18228413ea064c56e1aaa36a3]--ERROR 11888 --- [nio-8088-exec-4] c.t.a.c.p.fallback.PromotionFallback     : 远程调用promotion服务报错了
feign.FeignException$InternalServerError: [500 ] during [POST] to [http://promotion-service/user-coupons/avaliable] [PromotionClient#findDiscountSolution(List)]: [服务器内部异常]
	at feign.FeignException.serverErrorStatus(FeignException.java:250) ~[feign-core-11.8.jar:na]
	at feign.FeignException.errorStatus(FeignException.java:197) ~[feign-core-11.8.jar:na]
	at feign.FeignException.errorStatus(FeignException.java:185) ~[feign-core-11.8.jar:na]
	at feign.codec.ErrorDecoder$Default.decode(ErrorDecoder.java:92) ~[feign-core-11.8.jar:na]
	at feign.AsyncResponseHandler.handleResponse(AsyncResponseHandler.java:96) ~[feign-core-11.8.jar:na]
	at feign.SynchronousMethodHandler.executeAndDecode(SynchronousMethodHandler.java:138) ~[feign-core-11.8.jar:na]
	at feign.SynchronousMethodHandler.invoke(SynchronousMethodHandler.java:89) ~[feign-core-11.8.jar:na]
	at com.alibaba.cloud.sentinel.feign.SentinelInvocationHandler.invoke(SentinelInvocationHandler.java:109) ~[spring-cloud-starter-alibaba-sentinel-2021.0.1.0.jar:2021.0.1.0]
	at jdk.proxy2/jdk.proxy2.$Proxy150.findDiscountSolution(Unknown Source) ~[na:na]
	at com.tianji.trade.service.impl.OrderServiceImpl.prePlaceOrder(OrderServiceImpl.java:208) ~[classes/:na]
	at com.tianji.trade.service.impl.OrderServiceImpl$$FastClassBySpringCGLIB$$4264e432.invoke(<generated>) ~[classes/:na]
	at org.springframework.cglib.proxy.MethodProxy.invoke(MethodProxy.java:218) ~[spring-core-5.3.22.jar:5.3.22]
	at org.springframework.aop.framework.CglibAopProxy.invokeMethod(CglibAopProxy.java:386) ~[spring-aop-5.3.22.jar:5.3.22]
	at org.springframework.aop.framework.CglibAopProxy.access$000(CglibAopProxy.java:85) ~[spring-aop-5.3.22.jar:5.3.22]
	at org.springframework.aop.framework.CglibAopProxy$DynamicAdvisedInterceptor.intercept(CglibAopProxy.java:704) ~[spring-aop-5.3.22.jar:5.3.22]
	at com.tianji.trade.service.impl.OrderServiceImpl$$EnhancerBySpringCGLIB$$42ee0121.prePlaceOrder(<generated>) ~[classes/:na]
	at com.tianji.trade.controller.OrderController.prePlaceOrder(OrderController.java:61) ~[classes/:na]
	at java.base/jdk.internal.reflect.DirectMethodHandleAccessor.invoke(DirectMethodHandleAccessor.java:104) ~[na:na]
	at java.base/java.lang.reflect.Method.invoke(Method.java:578) ~[na:na]
	at org.springframework.web.method.support.InvocableHandlerMethod.doInvoke(InvocableHandlerMethod.java:205) ~[spring-web-5.3.22.jar:5.3.22]
	at org.springframework.web.method.support.InvocableHandlerMethod.invokeForRequest(InvocableHandlerMethod.java:150) ~[spring-web-5.3.22.jar:5.3.22]
	at org.springframework.web.servlet.mvc.method.annotation.ServletInvocableHandlerMethod.invokeAndHandle(ServletInvocableHandlerMethod.java:117) ~[spring-webmvc-5.3.22.jar:5.3.22]
	at org.springframework.web.servlet.mvc.method.annotation.RequestMappingHandlerAdapter.invokeHandlerMethod(RequestMappingHandlerAdapter.java:895) ~[spring-webmvc-5.3.22.jar:5.3.22]
	at org.springframework.web.servlet.mvc.method.annotation.RequestMappingHandlerAdapter.handleInternal(RequestMappingHandlerAdapter.java:808) ~[spring-webmvc-5.3.22.jar:5.3.22]
	at org.springframework.web.servlet.mvc.method.AbstractHandlerMethodAdapter.handle(AbstractHandlerMethodAdapter.java:87) ~[spring-webmvc-5.3.22.jar:5.3.22]
	at org.springframework.web.servlet.DispatcherServlet.doDispatch(DispatcherServlet.java:1070) ~[spring-webmvc-5.3.22.jar:5.3.22]
	at org.springframework.web.servlet.DispatcherServlet.doService(DispatcherServlet.java:963) ~[spring-webmvc-5.3.22.jar:5.3.22]
	at org.springframework.web.servlet.FrameworkServlet.processRequest(FrameworkServlet.java:1006) ~[spring-webmvc-5.3.22.jar:5.3.22]
	at org.springframework.web.servlet.FrameworkServlet.doGet(FrameworkServlet.java:898) ~[spring-webmvc-5.3.22.jar:5.3.22]
	at javax.servlet.http.HttpServlet.service(HttpServlet.java:655) ~[tomcat-embed-core-9.0.65.jar:4.0.FR]
	at org.springframework.web.servlet.FrameworkServlet.service(FrameworkServlet.java:883) ~[spring-webmvc-5.3.22.jar:5.3.22]
	at javax.servlet.http.HttpServlet.service(HttpServlet.java:764) ~[tomcat-embed-core-9.0.65.jar:4.0.FR]
	at org.apache.catalina.core.ApplicationFilterChain.internalDoFilter(ApplicationFilterChain.java:227) ~[tomcat-embed-core-9.0.65.jar:9.0.65]
	at org.apache.catalina.core.ApplicationFilterChain.doFilter(ApplicationFilterChain.java:162) ~[tomcat-embed-core-9.0.65.jar:9.0.65]
	at org.apache.tomcat.websocket.server.WsFilter.doFilter(WsFilter.java:53) ~[tomcat-embed-websocket-9.0.65.jar:9.0.65]
	at org.apache.catalina.core.ApplicationFilterChain.internalDoFilter(ApplicationFilterChain.java:189) ~[tomcat-embed-core-9.0.65.jar:9.0.65]
	at org.apache.catalina.core.ApplicationFilterChain.doFilter(ApplicationFilterChain.java:162) ~[tomcat-embed-core-9.0.65.jar:9.0.65]
	at org.springframework.web.filter.RequestContextFilter.doFilterInternal(RequestContextFilter.java:100) ~[spring-web-5.3.22.jar:5.3.22]
	at org.springframework.web.filter.OncePerRequestFilter.doFilter(OncePerRequestFilter.java:117) ~[spring-web-5.3.22.jar:5.3.22]
	at org.apache.catalina.core.ApplicationFilterChain.internalDoFilter(ApplicationFilterChain.java:189) ~[tomcat-embed-core-9.0.65.jar:9.0.65]
	at org.apache.catalina.core.ApplicationFilterChain.doFilter(ApplicationFilterChain.java:162) ~[tomcat-embed-core-9.0.65.jar:9.0.65]
	at org.springframework.web.filter.FormContentFilter.doFilterInternal(FormContentFilter.java:93) ~[spring-web-5.3.22.jar:5.3.22]
	at org.springframework.web.filter.OncePerRequestFilter.doFilter(OncePerRequestFilter.java:117) ~[spring-web-5.3.22.jar:5.3.22]
	at org.apache.catalina.core.ApplicationFilterChain.internalDoFilter(ApplicationFilterChain.java:189) ~[tomcat-embed-core-9.0.65.jar:9.0.65]
	at org.apache.catalina.core.ApplicationFilterChain.doFilter(ApplicationFilterChain.java:162) ~[tomcat-embed-core-9.0.65.jar:9.0.65]
	at org.springframework.web.filter.CharacterEncodingFilter.doFilterInternal(CharacterEncodingFilter.java:201) ~[spring-web-5.3.22.jar:5.3.22]
	at org.springframework.web.filter.OncePerRequestFilter.doFilter(OncePerRequestFilter.java:117) ~[spring-web-5.3.22.jar:5.3.22]
	at org.apache.catalina.core.ApplicationFilterChain.internalDoFilter(ApplicationFilterChain.java:189) ~[tomcat-embed-core-9.0.65.jar:9.0.65]
	at org.apache.catalina.core.ApplicationFilterChain.doFilter(ApplicationFilterChain.java:162) ~[tomcat-embed-core-9.0.65.jar:9.0.65]
	at com.tianji.common.filters.RequestIdFilter.doFilter(RequestIdFilter.java:26) ~[classes/:na]
	at org.apache.catalina.core.ApplicationFilterChain.internalDoFilter(ApplicationFilterChain.java:189) ~[tomcat-embed-core-9.0.65.jar:9.0.65]
	at org.apache.catalina.core.ApplicationFilterChain.doFilter(ApplicationFilterChain.java:162) ~[tomcat-embed-core-9.0.65.jar:9.0.65]
	at org.apache.catalina.core.StandardWrapperValve.invoke(StandardWrapperValve.java:197) ~[tomcat-embed-core-9.0.65.jar:9.0.65]
	at org.apache.catalina.core.StandardContextValve.invoke(StandardContextValve.java:97) ~[tomcat-embed-core-9.0.65.jar:9.0.65]
	at org.apache.catalina.authenticator.AuthenticatorBase.invoke(AuthenticatorBase.java:541) ~[tomcat-embed-core-9.0.65.jar:9.0.65]
	at org.apache.catalina.core.StandardHostValve.invoke(StandardHostValve.java:135) ~[tomcat-embed-core-9.0.65.jar:9.0.65]
	at org.apache.catalina.valves.ErrorReportValve.invoke(ErrorReportValve.java:92) ~[tomcat-embed-core-9.0.65.jar:9.0.65]
	at org.apache.catalina.core.StandardEngineValve.invoke(StandardEngineValve.java:78) ~[tomcat-embed-core-9.0.65.jar:9.0.65]
	at org.apache.catalina.connector.CoyoteAdapter.service(CoyoteAdapter.java:360) ~[tomcat-embed-core-9.0.65.jar:9.0.65]
	at org.apache.coyote.http11.Http11Processor.service(Http11Processor.java:399) ~[tomcat-embed-core-9.0.65.jar:9.0.65]
	at org.apache.coyote.AbstractProcessorLight.process(AbstractProcessorLight.java:65) ~[tomcat-embed-core-9.0.65.jar:9.0.65]
	at org.apache.coyote.AbstractProtocol$ConnectionHandler.process(AbstractProtocol.java:890) ~[tomcat-embed-core-9.0.65.jar:9.0.65]
	at org.apache.tomcat.util.net.NioEndpoint$SocketProcessor.doRun(NioEndpoint.java:1789) ~[tomcat-embed-core-9.0.65.jar:9.0.65]
	at org.apache.tomcat.util.net.SocketProcessorBase.run(SocketProcessorBase.java:49) ~[tomcat-embed-core-9.0.65.jar:9.0.65]
	at org.apache.tomcat.util.threads.ThreadPoolExecutor.runWorker(ThreadPoolExecutor.java:1191) ~[tomcat-embed-core-9.0.65.jar:9.0.65]
	at org.apache.tomcat.util.threads.ThreadPoolExecutor$Worker.run(ThreadPoolExecutor.java:659) ~[tomcat-embed-core-9.0.65.jar:9.0.65]
	at org.apache.tomcat.util.threads.TaskThread$WrappingRunnable.run(TaskThread.java:61) ~[tomcat-embed-core-9.0.65.jar:9.0.65]
	at java.base/java.lang.Thread.run(Thread.java:1589) ~[na:na]
20:27:11.834-[LAPTOP-L9SH1VHI][sys]-- INFO 11888 --- [g.push.receiver] com.alibaba.nacos.client.naming          : received push data: {"type":"dom","data":"{\"name\":\"DEFAULT_GROUP@@trade-service\",\"clusters\":\"DEFAULT\",\"cacheMillis\":10000,\"hosts\":[{\"instanceId\":\"192.168.150.101#8088#DEFAULT#DEFAULT_GROUP@@trade-service\",\"ip\":\"192.168.150.101\",\"port\":8088,\"weight\":1.0,\"healthy\":true,\"enabled\":true,\"ephemeral\":true,\"clusterName\":\"DEFAULT\",\"serviceName\":\"DEFAULT_GROUP@@trade-service\",\"metadata\":{\"preserved.register.source\":\"SPRING_CLOUD\"},\"instanceHeartBeatTimeOut\":15000,\"ipDeleteTimeout\":30000,\"instanceHeartBeatInterval\":5000}],\"lastRefTime\":1728908835754,\"checksum\":\"\",\"allIPs\":false,\"reachProtectionThreshold\":false,\"valid\":true}","lastRefTime":35561769705870} from /192.168.150.101
20:27:11.834-[LAPTOP-L9SH1VHI][sys]-- INFO 11888 --- [g.push.receiver] com.alibaba.nacos.client.naming          : removed ips(1) service: DEFAULT_GROUP@@trade-service@@DEFAULT -> [{"instanceId":"192.168.150.1#8088#DEFAULT#DEFAULT_GROUP@@trade-service","ip":"192.168.150.1","port":8088,"weight":1.0,"healthy":true,"enabled":true,"ephemeral":true,"clusterName":"DEFAULT","serviceName":"DEFAULT_GROUP@@trade-service","metadata":{"preserved.register.source":"SPRING_CLOUD"},"ipDeleteTimeout":30000,"instanceHeartBeatTimeOut":15000,"instanceHeartBeatInterval":5000}]
20:27:11.837-[LAPTOP-L9SH1VHI][sys]-- INFO 11888 --- [g.push.receiver] com.alibaba.nacos.client.naming          : current ips:(1) service: DEFAULT_GROUP@@trade-service@@DEFAULT -> [{"instanceId":"192.168.150.101#8088#DEFAULT#DEFAULT_GROUP@@trade-service","ip":"192.168.150.101","port":8088,"weight":1.0,"healthy":true,"enabled":true,"ephemeral":true,"clusterName":"DEFAULT","serviceName":"DEFAULT_GROUP@@trade-service","metadata":{"preserved.register.source":"SPRING_CLOUD"},"ipDeleteTimeout":30000,"instanceHeartBeatTimeOut":15000,"instanceHeartBeatInterval":5000}]
20:28:24.383-[LAPTOP-L9SH1VHI][7600ab94be7946359c487ac3817a08a0]--DEBUG 11888 --- [ntContainer#0-1] c.t.trade.handler.PayMessageHandler      : 收到订单延迟查询通知：OrderDelayQueryDTO(orderId=1845803356266725378, delayMillis=[15000, 30000, 60000, 120000])
20:28:24.384-[LAPTOP-L9SH1VHI][7600ab94be7946359c487ac3817a08a0]--DEBUG 11888 --- [ntContainer#0-1] c.t.trade.mapper.OrderMapper.selectById  : ==>  Preparing: SELECT id,pay_order_no,user_id,status,message,total_amount,real_amount,discount_amount,pay_channel,coupon_ids,create_time,pay_time,close_time,finish_time,refund_time,update_time,creater,updater,deleted FROM `order` WHERE id=? AND deleted=0
20:28:24.385-[LAPTOP-L9SH1VHI][7600ab94be7946359c487ac3817a08a0]--DEBUG 11888 --- [ntContainer#0-1] c.t.trade.mapper.OrderMapper.selectById  : ==> Parameters: 1845803356266725378(Long)
20:28:24.387-[LAPTOP-L9SH1VHI][7600ab94be7946359c487ac3817a08a0]--DEBUG 11888 --- [ntContainer#0-1] c.t.trade.mapper.OrderMapper.selectById  : <==      Total: 1
21:29:40.864-[LAPTOP-L9SH1VHI][sys]-- WARN 11888 --- [      Thread-18] c.a.nacos.common.notify.NotifyCenter     : [NotifyCenter] Start destroying Publisher
21:29:40.869-[LAPTOP-L9SH1VHI][sys]-- WARN 11888 --- [       Thread-1] c.a.n.common.http.HttpClientBeanHolder   : [HttpClientBeanHolder] Start destroying common HttpClient
21:29:40.871-[LAPTOP-L9SH1VHI][sys]-- WARN 11888 --- [      Thread-18] c.a.nacos.common.notify.NotifyCenter     : [NotifyCenter] Destruction of the end
21:29:40.880-[LAPTOP-L9SH1VHI][sys]-- WARN 11888 --- [       Thread-1] c.a.n.common.http.HttpClientBeanHolder   : [HttpClientBeanHolder] Destruction of the end
21:29:41.030-[LAPTOP-L9SH1VHI][sys]-- INFO 11888 --- [ntContainer#0-2] o.s.a.r.l.SimpleMessageListenerContainer : Waiting for workers to finish.
21:29:41.033-[LAPTOP-L9SH1VHI][sys]-- INFO 11888 --- [ntContainer#1-2] o.s.a.r.l.SimpleMessageListenerContainer : Waiting for workers to finish.
21:29:41.035-[LAPTOP-L9SH1VHI][sys]-- INFO 11888 --- [ntContainer#2-2] o.s.a.r.l.SimpleMessageListenerContainer : Waiting for workers to finish.
21:29:41.565-[LAPTOP-L9SH1VHI][sys]-- INFO 11888 --- [ntContainer#0-2] o.s.a.r.l.SimpleMessageListenerContainer : Successfully waited for workers to finish.
21:29:41.906-[LAPTOP-L9SH1VHI][sys]-- INFO 11888 --- [ntContainer#2-2] o.s.a.r.l.SimpleMessageListenerContainer : Successfully waited for workers to finish.
21:29:41.920-[LAPTOP-L9SH1VHI][sys]-- INFO 11888 --- [ntContainer#1-2] o.s.a.r.l.SimpleMessageListenerContainer : Successfully waited for workers to finish.
21:29:42.150-[LAPTOP-L9SH1VHI][sys]-- INFO 11888 --- [      Thread-11] com.xxl.job.core.server.EmbedServer      : >>>>>>>>>>> xxl-job remoting server stop.
21:29:42.156-[LAPTOP-L9SH1VHI][sys]-- INFO 11888 --- [rRegistryThread] c.x.j.c.thread.ExecutorRegistryThread    : >>>>>>>>>>> xxl-job registry-remove success, registryParam:RegistryParam{registryGroup='EXECUTOR', registryKey='trade-service', registryValue='http://192.168.150.1:10001/'}, registryResult:ReturnT [code=200, msg=null, content=null]
21:29:42.157-[LAPTOP-L9SH1VHI][sys]-- INFO 11888 --- [rRegistryThread] c.x.j.c.thread.ExecutorRegistryThread    : >>>>>>>>>>> xxl-job, executor registry thread destroy.
21:29:42.157-[LAPTOP-L9SH1VHI][sys]-- INFO 11888 --- [ionShutdownHook] com.xxl.job.core.server.EmbedServer      : >>>>>>>>>>> xxl-job remoting server destroy success.
21:29:42.158-[LAPTOP-L9SH1VHI][sys]-- INFO 11888 --- [FileCleanThread] c.x.j.core.thread.JobLogFileCleanThread  : >>>>>>>>>>> xxl-job, executor JobLogFileCleanThread thread destroy.
21:29:42.159-[LAPTOP-L9SH1VHI][sys]-- INFO 11888 --- [rCallbackThread] c.x.j.core.thread.TriggerCallbackThread  : >>>>>>>>>>> xxl-job, executor callback thread destroy.
21:29:42.159-[LAPTOP-L9SH1VHI][sys]-- INFO 11888 --- [      Thread-10] c.x.j.core.thread.TriggerCallbackThread  : >>>>>>>>>>> xxl-job, executor retry callback thread destroy.
21:29:42.204-[LAPTOP-L9SH1VHI][sys]-- INFO 11888 --- [ionShutdownHook] c.a.c.n.registry.NacosServiceRegistry    : De-registering from Nacos Server now...
21:29:42.205-[LAPTOP-L9SH1VHI][sys]-- INFO 11888 --- [ionShutdownHook] com.alibaba.nacos.client.naming          : [BEAT] removing beat: DEFAULT_GROUP@@trade-service:192.168.150.1:8088 from beat map.
21:29:42.205-[LAPTOP-L9SH1VHI][sys]-- INFO 11888 --- [ionShutdownHook] com.alibaba.nacos.client.naming          : [DEREGISTER-SERVICE] f923fb34-cb0a-4c06-8fca-ad61ea61a3f0 deregistering service DEFAULT_GROUP@@trade-service with instance: Instance{instanceId='null', ip='192.168.150.1', port=8088, weight=1.0, healthy=true, enabled=true, ephemeral=true, clusterName='DEFAULT', serviceName='null', metadata={}}
21:29:42.212-[LAPTOP-L9SH1VHI][sys]-- INFO 11888 --- [ionShutdownHook] c.a.c.n.registry.NacosServiceRegistry    : De-registration finished.
21:29:42.212-[LAPTOP-L9SH1VHI][sys]-- INFO 11888 --- [ionShutdownHook] com.alibaba.nacos.client.naming          : com.alibaba.nacos.client.naming.beat.BeatReactor do shutdown begin
21:29:42.749-[LAPTOP-L9SH1VHI][sys]-- INFO 11888 --- [g.push.receiver] com.alibaba.nacos.client.naming          : received push data: {"type":"dom","data":"{\"name\":\"DEFAULT_GROUP@@trade-service\",\"clusters\":\"DEFAULT\",\"cacheMillis\":10000,\"hosts\":[{\"instanceId\":\"192.168.150.101#8088#DEFAULT#DEFAULT_GROUP@@trade-service\",\"ip\":\"192.168.150.101\",\"port\":8088,\"weight\":1.0,\"healthy\":true,\"enabled\":true,\"ephemeral\":true,\"clusterName\":\"DEFAULT\",\"serviceName\":\"DEFAULT_GROUP@@trade-service\",\"metadata\":{\"preserved.register.source\":\"SPRING_CLOUD\"},\"instanceHeartBeatTimeOut\":15000,\"ipDeleteTimeout\":30000,\"instanceHeartBeatInterval\":5000}],\"lastRefTime\":1728912586744,\"checksum\":\"\",\"allIPs\":false,\"reachProtectionThreshold\":false,\"valid\":true}","lastRefTime":39312759961433} from /192.168.150.101
21:29:42.839-[LAPTOP-L9SH1VHI][sys]-- INFO 11888 --- [g.push.receiver] com.alibaba.nacos.client.naming          : received push data: {"type":"dom","data":"{\"name\":\"DEFAULT_GROUP@@promotion-service\",\"clusters\":\"\",\"cacheMillis\":10000,\"hosts\":[],\"lastRefTime\":1728912586842,\"checksum\":\"\",\"allIPs\":false,\"reachProtectionThreshold\":false,\"valid\":true}","lastRefTime":39312857467913} from /192.168.150.101
21:29:42.845-[LAPTOP-L9SH1VHI][sys]-- INFO 11888 --- [g.push.receiver] com.alibaba.nacos.client.naming          : removed ips(1) service: DEFAULT_GROUP@@promotion-service -> [{"instanceId":"192.168.150.1#8092#DEFAULT#DEFAULT_GROUP@@promotion-service","ip":"192.168.150.1","port":8092,"weight":1.0,"healthy":true,"enabled":true,"ephemeral":true,"clusterName":"DEFAULT","serviceName":"DEFAULT_GROUP@@promotion-service","metadata":{"preserved.register.source":"SPRING_CLOUD"},"ipDeleteTimeout":30000,"instanceHeartBeatTimeOut":15000,"instanceHeartBeatInterval":5000}]
21:29:42.848-[LAPTOP-L9SH1VHI][sys]-- INFO 11888 --- [g.push.receiver] com.alibaba.nacos.client.naming          : current ips:(0) service: DEFAULT_GROUP@@promotion-service -> []
21:29:42.895-[LAPTOP-L9SH1VHI][sys]-- INFO 11888 --- [ionShutdownHook] com.alibaba.nacos.client.naming          : com.alibaba.nacos.client.naming.beat.BeatReactor do shutdown stop
21:29:42.895-[LAPTOP-L9SH1VHI][sys]-- INFO 11888 --- [ionShutdownHook] com.alibaba.nacos.client.naming          : com.alibaba.nacos.client.naming.core.HostReactor do shutdown begin
